#,date,authored_at,short_sha,sha,subject,author,parent_count,diff_basis,repo_files_changed,repo_insertions,repo_deletions,repo_loc_changed,repo_areas_changed,pdf_viewer_path_files_changed,pdf_viewer_path_insertions,pdf_viewer_path_deletions,pdf_viewer_path_loc_changed,pdf_related_files_changed,pdf_related_loc_changed,pdf_related_categories,pdf_related_files,pdf_behavior_summary,regression_relevance
1,2026-06-10,2026-06-10T21:47:51+02:00,e2781af,e2781aff2720940a88b2873d39c4e9fe031f6b9d,Initial commit: Retab UI component library,Sacha Ichbiah,0,root,478,121022,0,121022,apps: 375 files / 72745 LOC; reference: 83 files / 35202 LOC; pnpm-lock.yaml: 1 files / 11869 LOC; sample: 5 files / 867 LOC; turbo.json: 1 files / 59 LOC; .gitignore: 1 files / 53 LOC; README.md: 1 files / 47 LOC; package.json: 1 files / 38 LOC,2,411,0,411,5,654,PDF related; viewer entrypoint,apps/v4/registry/new-york-v4/ui/pdf-viewer.tsx (+408/-0) | reference/frontend/app/dashboard/shared/single-page-pdf-viewer.tsx (+137/-0) | apps/v4/content/docs/components/pdf-viewer.mdx (+71/-0) | apps/v4/components/pdf-viewer-demo.tsx (+35/-0) | apps/v4/components/ui/pdf-viewer.tsx (+3/-0),"Touched PDF-related categories: PDF related, viewer entrypoint. Files: apps/v4/components/pdf-viewer-demo.tsx | apps/v4/components/ui/pdf-viewer.tsx | apps/v4/registry/new-york-v4/ui/pdf-viewer.tsx","P3 PDF core touched, but no obvious low/high-res mechanism."
2,2026-06-10,2026-06-10T22:04:35+02:00,b5d21b6,b5d21b680f930d6ec5f3b7694f4786c9cbcac9bd,"Remove legacy UiForm, split schema editor, consolidate on json-form",Sacha Ichbiah,1,parent,59,18364,6958,25322,apps: 57 files / 16945 LOC; sample: 2 files / 8377 LOC,1,19,5,24,1,24,viewer entrypoint,apps/v4/registry/new-york-v4/ui/pdf-viewer.tsx (+19/-5),Touched PDF-related categories: viewer entrypoint. Files: apps/v4/registry/new-york-v4/ui/pdf-viewer.tsx,"P3 PDF core touched, but no obvious low/high-res mechanism."
3,2026-06-10,2026-06-10T22:12:22+02:00,5df694c,5df694c08e9743f52882bb262cf8b1086cdbe07e,Add Property Form component to the docs sidebar,Sacha Ichbiah,1,parent,14,289,321,610,apps: 14 files / 610 LOC,1,32,16,48,1,48,viewer entrypoint,apps/v4/registry/new-york-v4/ui/pdf-viewer.tsx (+32/-16),Touched PDF-related categories: viewer entrypoint. Files: apps/v4/registry/new-york-v4/ui/pdf-viewer.tsx,"P3 PDF core touched, but no obvious low/high-res mechanism."
4,2026-06-10,2026-06-10T22:27:54+02:00,34665ed,34665edecb0b97db1615aae4fcfb00477c0cad2b,pdf-viewer: full-width toolbar over full-height sidebar; fix page rotation,Sacha Ichbiah,1,parent,2,109,87,196,apps: 2 files / 196 LOC,1,24,19,43,1,43,viewer entrypoint,apps/v4/registry/new-york-v4/ui/pdf-viewer.tsx (+24/-19),Touched PDF-related categories: viewer entrypoint. Files: apps/v4/registry/new-york-v4/ui/pdf-viewer.tsx,"P3 PDF core touched, but no obvious low/high-res mechanism."
5,2026-06-10,2026-06-10T22:35:51+02:00,877e74a,877e74a9f8a961251ba7b272f00f7907322418ea,pdf-viewer: track current page from the actual scroll viewport,Sacha Ichbiah,1,parent,2,37,42,79,apps: 2 files / 79 LOC,1,36,42,78,1,78,viewer entrypoint,apps/v4/registry/new-york-v4/ui/pdf-viewer.tsx (+36/-42),Touched PDF-related categories: viewer entrypoint. Files: apps/v4/registry/new-york-v4/ui/pdf-viewer.tsx,"P3 PDF core touched, but no obvious low/high-res mechanism."
6,2026-06-10,2026-06-10T22:41:02+02:00,964e882,964e882067b12dda22afb30728404b46d5ddbe90,Schema editor: inline nested object/array editing + native shadcn polish,Sacha Ichbiah,1,parent,23,1148,651,1799,apps: 22 files / 1704 LOC; pnpm-lock.yaml: 1 files / 95 LOC,0,0,0,0,0,0,,,No PDF viewer path changes.,No PDF relevance.
7,2026-06-11,2026-06-11T06:29:53+02:00,b1a88b1,b1a88b1f09540b55babcca4b3c5d4eb7f88fe49a,page-ribbon: lay vertical tick labels in-flow so the sidebar sizes to fit,Sacha Ichbiah,1,parent,1,7,3,10,apps: 1 files / 10 LOC,0,0,0,0,0,0,,,No PDF viewer path changes.,No PDF relevance.
8,2026-06-11,2026-06-11T06:38:16+02:00,2633f8f,2633f8f53673c2b75aae8d88a6aa360233e0f9d0,split-viewer: drive the sidebar cursor from scroll progress (smooth),Sacha Ichbiah,1,parent,2,23,14,37,apps: 2 files / 37 LOC,0,0,0,0,0,0,,,No PDF viewer path changes.,No PDF relevance.
9,2026-06-11,2026-06-11T06:51:37+02:00,5f07faa,5f07faa7061b0ceb309759eca99b765b39ddd881,Backup: working tree before schema-editor refactor,Sacha Ichbiah,1,parent,67,1258,1530,2788,apps: 65 files / 2689 LOC; pnpm-lock.yaml: 1 files / 98 LOC; .gitignore: 1 files / 1 LOC,1,140,36,176,2,178,PDF related; viewer entrypoint,apps/v4/registry/new-york-v4/ui/pdf-viewer.tsx (+140/-36) | apps/v4/components/pdf-viewer-demo.tsx (+1/-1),"Touched PDF-related categories: PDF related, viewer entrypoint. Files: apps/v4/components/pdf-viewer-demo.tsx | apps/v4/registry/new-york-v4/ui/pdf-viewer.tsx","P3 PDF core touched, but no obvious low/high-res mechanism."
10,2026-06-11,2026-06-11T07:27:24+02:00,11bfc9d,11bfc9d73c2538fce48559c2a2fb13d5608e54b5,Move Nullable toggle onto the Data type row in the property form,Sacha Ichbiah,1,parent,46,3811,462,4273,apps: 45 files / 4157 LOC; pnpm-lock.yaml: 1 files / 116 LOC,1,63,3,66,2,73,PDF related; viewer entrypoint,apps/v4/registry/new-york-v4/ui/pdf-viewer.tsx (+63/-3) | apps/v4/components/pdf-viewer-demo.tsx (+4/-3),"Touched PDF-related categories: PDF related, viewer entrypoint. Files: apps/v4/components/pdf-viewer-demo.tsx | apps/v4/registry/new-york-v4/ui/pdf-viewer.tsx","P3 PDF core touched, but no obvious low/high-res mechanism."
11,2026-06-11,2026-06-11T08:33:47+02:00,9e2dffe,9e2dffed5cbc5152a5f1c6dbb9fda1fc2a5af7b5,"Add file-thumbnail showcase, file/xlsx viewers, viewer blocks; schema-editor updates",Sacha Ichbiah,1,parent,74,5678,1434,7112,apps: 73 files / 7076 LOC; pnpm-lock.yaml: 1 files / 36 LOC,1,2,2,4,4,257,thumbnail UI; viewer entrypoint,apps/v4/registry/new-york-v4/ui/pdf-thumbnail-sidebar.tsx (+202/-0) | apps/v4/registry/new-york-v4/blocks/pdf-thumbnails-block.tsx (+48/-0) | apps/v4/registry/new-york-v4/ui/pdf-viewer.tsx (+2/-2) | apps/v4/components/ui/pdf-thumbnail-sidebar.tsx (+3/-0),"Touched PDF-related categories: thumbnail UI, viewer entrypoint. Files: apps/v4/components/ui/pdf-thumbnail-sidebar.tsx | apps/v4/registry/new-york-v4/blocks/pdf-thumbnails-block.tsx | apps/v4/registry/new-york-v4/ui/pdf-thumbnail-sidebar.tsx | apps/v4/registry/new-york-v4/ui/pdf-viewer.tsx","P3 PDF core touched, but no obvious low/high-res mechanism."
12,2026-06-11,2026-06-11T09:06:19+02:00,e5dacc0,e5dacc07a32b5913ab7bf7178133c5df78c25ae5,Add document source support: PDF viewer sources + Extract Viewer block,Sacha Ichbiah,1,parent,12,735,17,752,apps: 12 files / 752 LOC,1,109,15,124,1,124,viewer entrypoint,apps/v4/registry/new-york-v4/ui/pdf-viewer.tsx (+109/-15),Touched PDF-related categories: viewer entrypoint. Files: apps/v4/registry/new-york-v4/ui/pdf-viewer.tsx,"P3 PDF core touched, but no obvious low/high-res mechanism."
13,2026-06-11,2026-06-11T10:09:08+02:00,3136d77,3136d7717c4d246829465cfbfbb82c6a7ffb203c,"Document viewers: image/TIFF, PPTX, XLSX, file dispatcher + perf",Sacha Ichbiah,1,parent,45,4311,677,4988,apps: 44 files / 4598 LOC; pnpm-lock.yaml: 1 files / 390 LOC,1,11,10,21,1,21,viewer entrypoint,apps/v4/registry/new-york-v4/ui/pdf-viewer.tsx (+11/-10),Touched PDF-related categories: viewer entrypoint. Files: apps/v4/registry/new-york-v4/ui/pdf-viewer.tsx,"P3 PDF core touched, but no obvious low/high-res mechanism."
14,2026-06-11,2026-06-11T11:57:43+02:00,ab5a2b1,ab5a2b192b041a223a8eb3491754724b221c9fa6,"Document viewers: source-linking, new blocks, and public sample data",Sacha Ichbiah,1,parent,92,24188,9391,33579,apps: 87 files / 33173 LOC; design: 2 files / 308 LOC; sample: 2 files / 81 LOC; pnpm-lock.yaml: 1 files / 17 LOC,1,101,8,109,3,201,PDF source overlays; viewer entrypoint,apps/v4/registry/new-york-v4/ui/pdf-viewer.tsx (+101/-8) | apps/v4/registry/new-york-v4/ui/pdf-source.tsx (+89/-0) | apps/v4/components/ui/pdf-source.tsx (+3/-0),"Touched PDF-related categories: PDF source overlays, viewer entrypoint. Files: apps/v4/components/ui/pdf-source.tsx | apps/v4/registry/new-york-v4/ui/pdf-source.tsx | apps/v4/registry/new-york-v4/ui/pdf-viewer.tsx","P3 PDF core touched, but no obvious low/high-res mechanism."
15,2026-06-11,2026-06-11T12:06:32+02:00,ce01545,ce01545b61a3d3cc97fa00eb6a67a9c75c857511,Fix production build: declare @shikijs/themes; complete source viewers/blocks,Sacha Ichbiah,1,parent,24,969,183,1152,apps: 23 files / 1149 LOC; pnpm-lock.yaml: 1 files / 3 LOC,0,0,0,0,0,0,,,No PDF viewer path changes.,No PDF relevance.
16,2026-06-11,2026-06-11T12:08:59+02:00,5769600,5769600c2e4f10bfb999b509da82c86818389504,"Sources category: field→source linking across PDF, image, text, CSV, Excel",Sacha Ichbiah,1,parent,23,1080,1014,2094,apps: 22 files / 2072 LOC; pnpm-lock.yaml: 1 files / 22 LOC,0,0,0,0,0,0,,,No PDF viewer path changes.,No PDF relevance.
17,2026-06-11,2026-06-11T12:12:48+02:00,c29625f,c29625f9f40ddddf167a1bff79ad2e208e01fee3,Hoist @shikijs/themes so @pierre/diffs' shiki worker resolves it in production build,Sacha Ichbiah,1,parent,1,1,0,1,.npmrc: 1 files / 1 LOC,0,0,0,0,0,0,,,No PDF viewer path changes.,No PDF relevance.
18,2026-06-11,2026-06-11T12:17:42+02:00,cd0f70e,cd0f70ed544e8551e05e296c2e87c480b493606f,Add apps/v4/.npmrc hoist so Vercel (root dir = apps/v4) resolves @shikijs/themes,Sacha Ichbiah,1,parent,1,1,0,1,apps: 1 files / 1 LOC,0,0,0,0,0,0,,,No PDF viewer path changes.,No PDF relevance.
19,2026-06-11,2026-06-11T12:20:06+02:00,36ba9b1,36ba9b1526ee7f09d1a1cb6fb8ecb6ece5741aae,Set packageManager in apps/v4 so Vercel installs with pnpm (not npm),Sacha Ichbiah,1,parent,1,1,0,1,apps: 1 files / 1 LOC,0,0,0,0,0,0,,,No PDF viewer path changes.,No PDF relevance.
20,2026-06-11,2026-06-11T12:34:59+02:00,0b6fdee,0b6fdee477d79153c35091418c3f3744449d08f7,"Deploy on npm: pin single @shikijs/themes version, drop pnpm-on-Vercel scaffolding",Sacha Ichbiah,1,parent,5,63,14,77,pnpm-lock.yaml: 1 files / 68 LOC; package.json: 1 files / 6 LOC; apps: 2 files / 2 LOC; .npmrc: 1 files / 1 LOC,0,0,0,0,0,0,,,No PDF viewer path changes.,No PDF relevance.
21,2026-06-11,2026-06-11T12:36:50+02:00,9728d2f,9728d2f1e2ae819c5da10fa00a025d7c49989e98,Put @shikijs/themes override in apps/v4/package.json (Vercel's npm install root),Sacha Ichbiah,1,parent,1,3,0,3,apps: 1 files / 3 LOC,0,0,0,0,0,0,,,No PDF viewer path changes.,No PDF relevance.
22,2026-06-11,2026-06-11T12:41:04+02:00,97d089e,97d089e1f3bdf9e4e4ba8246697a7b1bcadc941f,"Install with pnpm on Vercel via Corepack (deterministic), keep @shikijs/themes override",Sacha Ichbiah,1,parent,4,7,7,14,apps: 2 files / 8 LOC; package.json: 1 files / 5 LOC; .npmrc: 1 files / 1 LOC,0,0,0,0,0,0,,,No PDF viewer path changes.,No PDF relevance.
23,2026-06-11,2026-06-11T12:45:08+02:00,64bf38b,64bf38bff615c20b874ce600d08344d03fbd91b5,Pin @pierre/diffs to 1.2.7 via pnpm override (1.2.9 adds @pierre/theming with unresolvable @shikijs/themes imports),Sacha Ichbiah,1,parent,2,4,2,6,package.json: 1 files / 3 LOC; pnpm-lock.yaml: 1 files / 3 LOC,0,0,0,0,0,0,,,No PDF viewer path changes.,No PDF relevance.
24,2026-06-11,2026-06-11T12:53:47+02:00,5e58895,5e58895e8c8dc4a97cb2b8819c5a39625a18561d,Checkpoint before flattening monorepo to a single package,Sacha Ichbiah,1,parent,47,2078,518,2596,apps: 47 files / 2596 LOC,0,0,0,0,0,0,,,No PDF viewer path changes.,No PDF relevance.
25,2026-06-11,2026-06-11T12:58:29+02:00,2e2a1b0,2e2a1b0f6154f0b4c07001784719b4639cb5afba,Flatten monorepo to a single root package (kill turborepo + pnpm workspace),Sacha Ichbiah,1,parent,616,2866,852,3718,registry json: 90 files / 2105 LOC; pnpm-lock.yaml: 1 files / 839 LOC; apps: 5 files / 249 LOC; package.json: 1 files / 157 LOC; registry ui: 52 files / 75 LOC; turbo.json: 1 files / 59 LOC; README.md: 1 files / 46 LOC; tsconfig.json: 1 files / 43 LOC,2,8,1,9,13,104,PDF related; PDF source overlays; docs; registry output; thumbnail UI; viewer entrypoint,public/r/pdf-thumbnails-block.json (+29/-0) | public/r/pdf-viewer.json (+26/-0) | public/r/pdf-source.json (+20/-0) | public/r/pdf-thumbnail-sidebar.json (+20/-0) | registry/new-york-v4/ui/pdf-viewer.tsx (+8/-1) | components/pdf-viewer-demo.tsx (+0/-0) | components/ui/pdf-source.tsx (+0/-0) | components/ui/pdf-thumbnail-sidebar.tsx (+0/-0) | components/ui/pdf-viewer.tsx (+0/-0) | content/docs/components/pdf-viewer.mdx (+0/-0) | registry/new-york-v4/blocks/pdf-thumbnails-block.tsx (+0/-0) | registry/new-york-v4/ui/pdf-source.tsx (+0/-0) | registry/new-york-v4/ui/pdf-thumbnail-sidebar.tsx (+0/-0),Regenerated registry JSON output. Files: components/pdf-viewer-demo.tsx | components/ui/pdf-source.tsx | components/ui/pdf-thumbnail-sidebar.tsx | components/ui/pdf-viewer.tsx | public/r/pdf-source.json | public/r/pdf-thumbnail-sidebar.json | public/r/pdf-thumbnails-block.json | public/r/pdf-viewer.json | registry/new-york-v4/blocks/pdf-thumbnails-block.tsx | registry/new-york-v4/ui/pdf-source.tsx | registry/new-york-v4/ui/pdf-thumbnail-sidebar.tsx | registry/new-york-v4/ui/pdf-viewer.tsx,"P3 PDF core touched, but no obvious low/high-res mechanism."
26,2026-06-11,2026-06-11T13:30:17+02:00,b2da612,b2da61297645a60e11e3d15a626779888b40fff2,Add Extract workflow block and finish Workflows section wiring,Sacha Ichbiah,1,parent,23,1071,111,1182,registry blocks: 3 files / 741 LOC; registry ui: 8 files / 132 LOC; app: 2 files / 99 LOC; docs: 3 files / 88 LOC; components: 2 files / 55 LOC; registry.json: 1 files / 28 LOC; pnpm-lock.yaml: 1 files / 25 LOC; package.json: 1 files / 10 LOC,1,23,5,28,1,28,viewer entrypoint,registry/new-york-v4/ui/pdf-viewer.tsx (+23/-5),Touched PDF-related categories: viewer entrypoint. Files: registry/new-york-v4/ui/pdf-viewer.tsx,"P3 PDF core touched, but no obvious low/high-res mechanism."
27,2026-06-11,2026-06-11T13:37:20+02:00,3aba703,3aba703bac81ad4d7e9b43c6d9d549328f242a98,"Commit working tree: viewer tweaks, primitive cards, bun lockfile",Sacha Ichbiah,1,parent,6,228,133,361,registry blocks: 1 files / 180 LOC; registry ui: 2 files / 168 LOC; components: 2 files / 13 LOC; bun.lockb: 1 files / 0 LOC,0,0,0,0,0,0,,,No PDF viewer path changes.,No PDF relevance.
28,2026-06-11,2026-06-11T13:37:32+02:00,d0637e8,d0637e89327370bfcb1ebb400a8e8d90e2ee25f9,Update primitive-cards block,Sacha Ichbiah,1,parent,1,17,2,19,registry blocks: 1 files / 19 LOC,0,0,0,0,0,0,,,No PDF viewer path changes.,No PDF relevance.
29,2026-06-11,2026-06-11T13:48:05+02:00,78a056d,78a056d4cc4e67f9ebaee8d8b67371dd618d6947,Commit working tree: viewer and showcase tweaks,Sacha Ichbiah,1,parent,7,297,143,440,registry ui: 2 files / 270 LOC; registry blocks: 2 files / 162 LOC; app: 1 files / 5 LOC; next-env.d.ts: 1 files / 2 LOC; docs: 1 files / 1 LOC,1,146,85,231,1,231,viewer entrypoint,registry/new-york-v4/ui/pdf-viewer.tsx (+146/-85),Touched PDF-related categories: viewer entrypoint. Files: registry/new-york-v4/ui/pdf-viewer.tsx,"P3 PDF core touched, but no obvious low/high-res mechanism."
30,2026-06-11,2026-06-11T13:49:05+02:00,8d644b3,8d644b30f7b37309484745cf5497d2161043e0a2,Commit working tree: viewer/source and primitive-cards tweaks,Sacha Ichbiah,1,parent,6,43,18,61,registry blocks: 1 files / 31 LOC; registry ui: 5 files / 30 LOC,1,3,3,6,2,12,PDF source overlays; viewer entrypoint,registry/new-york-v4/ui/pdf-source.tsx (+3/-3) | registry/new-york-v4/ui/pdf-viewer.tsx (+3/-3),"Touched PDF-related categories: PDF source overlays, viewer entrypoint. Files: registry/new-york-v4/ui/pdf-source.tsx | registry/new-york-v4/ui/pdf-viewer.tsx","P3 PDF core touched, but no obvious low/high-res mechanism."
31,2026-06-11,2026-06-11T14:48:09+02:00,393562b,393562b5454c546defb61b0267b68c1de53f440f,xlsx-viewer: add isolateStyles shadow-DOM option for :has() scroll perf,Sacha Ichbiah,1,parent,2,175,5,180,registry ui: 1 files / 179 LOC; components: 1 files / 1 LOC,0,0,0,0,0,0,,,No PDF viewer path changes.,No PDF relevance.
32,2026-06-11,2026-06-11T15:01:44+02:00,62f632c,62f632c3bada26b7b284e2a90560abc1d09ee56c,file-viewer: add isolateStyles shadow-DOM option for :has() scroll perf,Sacha Ichbiah,1,parent,2,177,12,189,registry ui: 1 files / 188 LOC; components: 1 files / 1 LOC,0,0,0,0,0,0,,,No PDF viewer path changes.,No PDF relevance.
33,2026-06-11,2026-06-11T15:36:47+02:00,4e4c4b3,4e4c4b36f9c5d874432fcf487babe270331b82ff,"Primitive run cards, home/showcase polish, and viewer/docs updates",Sacha Ichbiah,1,parent,80,17971,2191,20162,public: 5 files / 15855 LOC; components: 30 files / 1993 LOC; registry blocks: 7 files / 1041 LOC; registry ui: 8 files / 465 LOC; docs: 21 files / 403 LOC; registry.json: 1 files / 157 LOC; app: 2 files / 105 LOC; registry json: 2 files / 68 LOC,0,0,0,0,2,185,docs,content/docs/viewers/pdf-viewer.mdx (+114/-0) | content/docs/components/pdf-viewer.mdx (+0/-71),No PDF viewer path changes.,P4 PDF-adjacent only.
34,2026-06-11,2026-06-11T15:39:39+02:00,e524e6b,e524e6bff44dec28dad33569dc544864ffd2ca5a,"Docs + registry restructure: legend/sidebar pages, drop segmented-viewer, regenerate registry",Sacha Ichbiah,1,parent,35,454,199,653,registry json: 28 files / 396 LOC; docs: 5 files / 208 LOC; components: 1 files / 43 LOC; mdx-components.tsx: 1 files / 6 LOC,0,0,0,0,2,4,PDF source overlays; registry output,public/r/pdf-source.json (+1/-1) | public/r/pdf-viewer.json (+1/-1),Regenerated registry JSON output. Files: public/r/pdf-source.json | public/r/pdf-viewer.json,P4 PDF-adjacent only.
35,2026-06-11,2026-06-11T15:40:07+02:00,2c23789,2c2378947c90d579e14bf7e94e9a670e99651a54,docx-viewer docs tweak; refresh generated next-env.d.ts,Sacha Ichbiah,1,parent,2,2,2,4,docs: 1 files / 2 LOC; next-env.d.ts: 1 files / 2 LOC,0,0,0,0,0,0,,,No PDF viewer path changes.,No PDF relevance.
36,2026-06-11,2026-06-11T15:52:36+02:00,ac74245,ac74245103f19be2cafb0598bfb284245f871e83,Move Parse Viewer into Viewers section; sidebar/registry tweaks,Sacha Ichbiah,1,parent,23,573,152,725,components: 4 files / 275 LOC; registry blocks: 3 files / 222 LOC; registry json: 6 files / 77 LOC; registry ui: 2 files / 75 LOC; lib: 2 files / 37 LOC; registry.json: 1 files / 33 LOC; docs: 5 files / 6 LOC,0,0,0,0,0,0,,,No PDF viewer path changes.,No PDF relevance.
37,2026-06-11,2026-06-11T16:17:33+02:00,7b8fe3b,7b8fe3b29d59ea756b2d42651883a9b3907c722b,Remove json-form-field component; refactor json-form and schema-editor,Sacha Ichbiah,1,parent,76,1196,10660,11856,components: 42 files / 11479 LOC; docs: 7 files / 184 LOC; registry blocks: 9 files / 94 LOC; registry ui: 3 files / 61 LOC; registry json: 11 files / 22 LOC; registry: 1 files / 8 LOC; app: 1 files / 4 LOC; lib: 1 files / 2 LOC,0,0,0,0,0,0,,,No PDF viewer path changes.,No PDF relevance.
38,2026-06-11,2026-06-11T16:24:55+02:00,ed8d5b2,ed8d5b277086c0629cfd439dee967548e2f5f060,json-table: remove dead hover-card and unused exports,Sacha Ichbiah,1,parent,27,598,2400,2998,components: 13 files / 2558 LOC; fidelity_form_fields.json: 1 files / 350 LOC; fidelity_instructions.txt: 1 files / 42 LOC; registry ui: 3 files / 30 LOC; registry json: 3 files / 8 LOC; registry blocks: 1 files / 4 LOC; docs: 1 files / 2 LOC; lib: 1 files / 2 LOC,1,7,6,13,1,13,viewer entrypoint,registry/new-york-v4/ui/pdf-viewer.tsx (+7/-6),Touched PDF-related categories: viewer entrypoint. Files: registry/new-york-v4/ui/pdf-viewer.tsx,"P3 PDF core touched, but no obvious low/high-res mechanism."
39,2026-06-11,2026-06-11T16:25:21+02:00,183d83c,183d83c058e38535553d89e24d715c2728b7cb25,Regenerate registry output (public/r) and pptx-viewer,Sacha Ichbiah,1,parent,10,13,12,25,registry json: 9 files / 20 LOC; registry ui: 1 files / 5 LOC,0,0,0,0,1,2,registry output,public/r/pdf-viewer.json (+1/-1),Regenerated registry JSON output. Files: public/r/pdf-viewer.json,P4 PDF-adjacent only.
40,2026-06-11,2026-06-11T16:31:50+02:00,335d929,335d9295f9dd4c1f60052c73632ff5170be107a3,json-table/schema-editor: drop computed-field handling; add fidelity-edit samples,Sacha Ichbiah,1,parent,12,1154,669,1823,public: 5 files / 1139 LOC; components: 6 files / 672 LOC; registry ui: 1 files / 12 LOC,0,0,0,0,0,0,,,No PDF viewer path changes.,No PDF relevance.
41,2026-06-11,2026-06-11T17:23:19+02:00,b31627e,b31627e54c81e85bd295cf34448da45c7f935ba0,update document viewers,Sacha Ichbiah,1,parent,85,1143,8590,9733,components: 41 files / 4451 LOC; registry blocks: 9 files / 3063 LOC; docs: 15 files / 719 LOC; registry json: 13 files / 469 LOC; public: 3 files / 410 LOC; fidelity_form_fields.json: 1 files / 350 LOC; registry.json: 1 files / 234 LOC; mdx-components.tsx: 1 files / 20 LOC,0,0,0,0,0,0,,,No PDF viewer path changes.,No PDF relevance.
42,2026-06-11,2026-06-11T17:23:40+02:00,a09bfe2,a09bfe200846e94fdc15b7a418cfacc465398844,update edit viewer,Sacha Ichbiah,1,parent,1,0,9,9,components: 1 files / 9 LOC,0,0,0,0,0,0,,,No PDF viewer path changes.,No PDF relevance.
43,2026-06-11,2026-06-11T17:24:13+02:00,b194834,b1948341ee85ef1f186a7555e271b47089b75bd4,update edit viewer tabs,Sacha Ichbiah,1,parent,3,61,63,124,components: 1 files / 68 LOC; registry blocks: 2 files / 56 LOC,0,0,0,0,0,0,,,No PDF viewer path changes.,No PDF relevance.
44,2026-06-11,2026-06-11T17:24:33+02:00,c861885,c8618857e5c1e54e25835f9c431e8420aaa03769,update edit viewer demo,Sacha Ichbiah,1,parent,1,1,2,3,components: 1 files / 3 LOC,0,0,0,0,0,0,,,No PDF viewer path changes.,No PDF relevance.
45,2026-06-11,2026-06-11T17:24:57+02:00,c99cb92,c99cb92896d94112c6cac10c4d785ba766a0bbb4,update json form source links,Sacha Ichbiah,1,parent,1,3,0,3,components: 1 files / 3 LOC,0,0,0,0,0,0,,,No PDF viewer path changes.,No PDF relevance.
46,2026-06-11,2026-06-11T18:18:58+02:00,f427e41,f427e413864ead429980372a8c91e6e4c62c300c,clean json table,Sacha Ichbiah,1,parent,46,2271,2350,4621,components: 29 files / 4470 LOC; docs: 6 files / 52 LOC; mdx-components.tsx: 1 files / 34 LOC; registry json: 5 files / 22 LOC; app: 1 files / 20 LOC; registry blocks: 1 files / 10 LOC; registry ui: 2 files / 8 LOC; registry.json: 1 files / 5 LOC,0,0,0,0,1,20,PDF related,components/pdf-viewer-demo.tsx (+0/-20),Touched PDF-related categories: PDF related. Files: components/pdf-viewer-demo.tsx,P4 PDF-adjacent only.
47,2026-06-11,2026-06-11T18:51:54+02:00,1f4ebf1,1f4ebf1a16dc4fad2889d3d219e78e5907cc4004,update components,Sacha Ichbiah,1,parent,56,3229,5055,8284,components: 50 files / 8064 LOC; tests: 2 files / 149 LOC; docs: 2 files / 57 LOC; registry ui: 1 files / 10 LOC; registry json: 1 files / 4 LOC,0,0,0,0,0,0,,,No PDF viewer path changes.,No PDF relevance.
48,2026-06-12,2026-06-12T00:02:22+02:00,91385a8,91385a853722df70790d841d443d1c4797adf355,update components,Sacha Ichbiah,1,parent,417,39777,23238,63015,components: 207 files / 35000 LOC; registry ui: 76 files / 15447 LOC; tests: 38 files / 6562 LOC; registry: 12 files / 1739 LOC; design: 5 files / 1629 LOC; registry json: 32 files / 1105 LOC; docs: 12 files / 512 LOC; registry.json: 1 files / 483 LOC,11,1135,682,1817,18,2812,PDF related; docs; loading / error states; page canvas rendering; public types; registry output; scroll state; tests; thumbnail UI; viewer entrypoint; virtualization; zoom / DPR,registry/new-york-v4/ui/pdf-viewer.tsx (+171/-682) | tests/pdf-viewer.test.tsx (+626/-0) | registry/new-york-v4/ui/pdf-viewer-states.tsx (+165/-0) | registry/new-york-v4/ui/pdf-viewer-resource.ts (+149/-0) | registry/new-york-v4/ui/pdf-viewer-scroll.ts (+129/-0) | registry/new-york-v4/ui/pdf-viewer-scale.ts (+120/-0) | registry/new-york-v4/ui/pdf-viewer-toolbar.tsx (+112/-0) | tests/pdf-viewer-resource.test.ts (+104/-0) | registry/new-york-v4/ui/pdf-viewer-page.tsx (+96/-0) | registry/new-york-v4/ui/pdf-viewer-virtualization.ts (+76/-0) | content/docs/viewers/pdf-viewer.mdx (+45/-21) | public/r/pdf-viewer.json (+62/-2) | components/document-thumbnail/renderers/pdf-thumbnail.tsx (+57/-0) | tests/pdf-viewer-page-sizes.test.ts (+53/-0) | registry/new-york-v4/ui/pdf-viewer-rail.tsx (+45/-0) | registry/new-york-v4/ui/pdf-viewer-types.ts (+44/-0) | registry/new-york-v4/ui/pdf-viewer-page-sizes.ts (+28/-0) | tests/pdf-viewer-scale.test.ts (+25/-0),Changed page virtualization/windowing. Changed page scroll tracking/navigation. Updated PDF tests. Regenerated registry JSON output. Files: public/r/pdf-viewer.json | registry/new-york-v4/ui/pdf-viewer-page-sizes.ts | registry/new-york-v4/ui/pdf-viewer-page.tsx | registry/new-york-v4/ui/pdf-viewer-rail.tsx | registry/new-york-v4/ui/pdf-viewer-resource.ts | registry/new-york-v4/ui/pdf-viewer-scale.ts | registry/new-york-v4/ui/pdf-viewer-scroll.ts | registry/new-york-v4/ui/pdf-viewer-states.tsx | registry/new-york-v4/ui/pdf-viewer-toolbar.tsx | registry/new-york-v4/ui/pdf-viewer-types.ts | registry/new-york-v4/ui/pdf-viewer-virtualization.ts | registry/new-york-v4/ui/pdf-viewer.tsx | tests/pdf-viewer-page-sizes.test.ts | tests/pdf-viewer-resource.test.ts | tests/pdf-viewer-scale.test.ts | tests/pdf-viewer.test.tsx,P2 large PDF core change; inspect if reverting beyond focused fix.
49,2026-06-12,2026-06-12T09:18:57+02:00,e757c13,e757c13244f22f3354dc6316d29a1c2e13f0987b,checkpoint,Sacha Ichbiah,1,parent,184,6396,4281,10677,components: 76 files / 5183 LOC; registry ui: 41 files / 1784 LOC; tests: 21 files / 1469 LOC; registry json: 24 files / 791 LOC; registry.json: 1 files / 539 LOC; scripts: 2 files / 407 LOC; registry: 2 files / 258 LOC; docs: 6 files / 144 LOC,4,31,62,93,14,261,PDF source overlays; benchmark; docs; public types; registry output; scroll state; tests; thumbnail UI; viewer entrypoint; zoom / DPR,tests/pdf-viewer.test.tsx (+58/-13) | registry/new-york-v4/ui/pdf-viewer.tsx (+12/-30) | registry/new-york-v4/ui/pdf-viewer-scroll.ts (+16/-20) | registry/new-york-v4/blocks/pdf-thumbnails-block.tsx (+13/-11) | app/(view)/pdf-viewer-benchmark/page.tsx (+23/-0) | content/docs/viewers/pdf-viewer.mdx (+7/-10) | public/r/pdf-viewer.json (+5/-5) | registry/new-york-v4/ui/pdf-viewer-types.ts (+3/-6) | registry/new-york-v4/ui/pdf-thumbnail-sidebar.tsx (+5/-2) | public/r/pdf-thumbnails-block.json (+3/-3) | registry/new-york-v4/ui/pdf-viewer-scale.ts (+0/-6) | public/r/pdf-thumbnail-sidebar.json (+2/-2) | registry/new-york-v4/ui/pdf-source.tsx (+2/-2) | public/r/pdf-source.json (+1/-1),Changed page scroll tracking/navigation. Updated PDF tests. Regenerated registry JSON output. Updated PDF benchmark harness. Files: app/(view)/pdf-viewer-benchmark/page.tsx | public/r/pdf-source.json | public/r/pdf-thumbnail-sidebar.json | public/r/pdf-thumbnails-block.json | public/r/pdf-viewer.json | registry/new-york-v4/blocks/pdf-thumbnails-block.tsx | registry/new-york-v4/ui/pdf-source.tsx | registry/new-york-v4/ui/pdf-thumbnail-sidebar.tsx | registry/new-york-v4/ui/pdf-viewer-scale.ts | registry/new-york-v4/ui/pdf-viewer-scroll.ts | registry/new-york-v4/ui/pdf-viewer-types.ts | registry/new-york-v4/ui/pdf-viewer.tsx | tests/pdf-viewer.test.tsx,"P3 PDF core touched, but no obvious low/high-res mechanism."
50,2026-06-12,2026-06-12T09:25:01+02:00,8a9060b,8a9060b8fc5e685fde69d18e40755e11c8227c04,optimize viewers,Sacha Ichbiah,1,parent,24,655,365,1020,registry ui: 5 files / 358 LOC; tests: 5 files / 319 LOC; registry: 2 files / 177 LOC; components: 8 files / 138 LOC; registry json: 3 files / 23 LOC; registry.json: 1 files / 5 LOC,4,219,125,344,6,400,layout geometry; registry output; scroll state; tests; viewer entrypoint; virtualization,registry/new-york-v4/ui/pdf-viewer-layout.ts (+117/-0) | registry/new-york-v4/ui/pdf-viewer-virtualization.ts (+37/-64) | registry/new-york-v4/ui/pdf-viewer.tsx (+50/-38) | tests/pdf-viewer.test.tsx (+16/-28) | registry/new-york-v4/ui/pdf-viewer-scroll.ts (+15/-23) | public/r/pdf-viewer.json (+9/-3),Earlier broad optimization point: replaces observer/DOM measurement with layout-model virtualization. Changed page layout geometry model. Changed page virtualization/windowing. Changed page scroll tracking/navigation. Updated PDF tests. Regenerated registry JSON output. Files: public/r/pdf-viewer.json | registry/new-york-v4/ui/pdf-viewer-layout.ts | registry/new-york-v4/ui/pdf-viewer-scroll.ts | registry/new-york-v4/ui/pdf-viewer-virtualization.ts | registry/new-york-v4/ui/pdf-viewer.tsx | tests/pdf-viewer.test.tsx,P2 earlier baseline shift: major virtualization/layout optimization before the DPR blink existed.
51,2026-06-12,2026-06-12T09:53:59+02:00,e43ea7b,e43ea7bced6555a4c61fd4a446128310a706c048,update viewers,Sacha Ichbiah,1,parent,62,4863,941,5804,components: 17 files / 1625 LOC; registry ui: 14 files / 1572 LOC; view routes: 6 files / 1001 LOC; tests: 6 files / 767 LOC; registry: 5 files / 698 LOC; registry json: 7 files / 98 LOC; registry.json: 1 files / 31 LOC; components ui: 5 files / 11 LOC,4,144,37,181,9,630,benchmark; layout geometry; registry output; tests; viewer entrypoint; virtualization,tests/pdf-viewer-layout.test.ts (+184/-0) | app/(view)/pdf-viewer-benchmark/pdf-viewer-benchmark-client.tsx (+158/-0) | registry/new-york-v4/ui/pdf-viewer-layout.ts (+122/-32) | tests/pdf-viewer-virtualization.test.tsx (+86/-0) | registry/new-york-v4/ui/pdf-viewer-virtualization.ts (+19/-3) | app/(view)/pdf-viewer-benchmark/page.tsx (+2/-13) | public/r/pdf-viewer.json (+3/-3) | registry/new-york-v4/ui/pdf-viewer.tsx (+2/-2) | components/ui/pdf-viewer-layout.ts (+1/-0),Changed page layout geometry model. Changed page virtualization/windowing. Updated PDF tests. Regenerated registry JSON output. Updated PDF benchmark harness. Files: app/(view)/pdf-viewer-benchmark/page.tsx | app/(view)/pdf-viewer-benchmark/pdf-viewer-benchmark-client.tsx | components/ui/pdf-viewer-layout.ts | public/r/pdf-viewer.json | registry/new-york-v4/ui/pdf-viewer-layout.ts | registry/new-york-v4/ui/pdf-viewer-virtualization.ts | registry/new-york-v4/ui/pdf-viewer.tsx | tests/pdf-viewer-layout.test.ts | tests/pdf-viewer-virtualization.test.tsx,"P3 PDF core touched, but no obvious low/high-res mechanism."
52,2026-06-12,2026-06-12T09:54:14+02:00,0e61022,0e61022f33acadef20735a908c9897191ae027e1,checkpoint,Sacha Ichbiah,1,parent,3,19,1,20,tests: 2 files / 19 LOC; view routes: 1 files / 1 LOC,0,0,0,0,0,0,,,No PDF viewer path changes.,No PDF relevance.
53,2026-06-12,2026-06-12T10:12:20+02:00,c0625d9,c0625d9ea702cc85d4387caf8a3d410ec372cdbe,record virtualizer experiment,Sacha Ichbiah,1,parent,31,686,387,1073,registry ui: 13 files / 570 LOC; components: 9 files / 255 LOC; tests: 4 files / 172 LOC; registry json: 3 files / 49 LOC; registry.json: 1 files / 15 LOC; view routes: 1 files / 12 LOC,0,0,0,0,0,0,,,No PDF viewer path changes.,No PDF relevance.
54,2026-06-12,2026-06-12T10:12:39+02:00,df856c3,df856c3dfae93fa4ecaece0af6958613606fc364,record schema document split,Sacha Ichbiah,1,parent,8,769,890,1659,components: 8 files / 1659 LOC,0,0,0,0,0,0,,,No PDF viewer path changes.,No PDF relevance.
55,2026-06-12,2026-06-12T10:58:01+02:00,3d99c0b,3d99c0b1b4c1f1d838c179efcffe4420098267d2,update schema editor and viewers,Sacha Ichbiah,1,parent,190,5935,2727,8662,components: 67 files / 4111 LOC; registry ui: 33 files / 1332 LOC; tests: 18 files / 1194 LOC; view routes: 4 files / 476 LOC; public: 5 files / 439 LOC; registry: 2 files / 348 LOC; registry json: 20 files / 276 LOC; docs: 9 files / 231 LOC,3,61,32,93,14,304,PDF related; benchmark; docs; registry output; tests; thumbnail UI; viewer entrypoint,tests/pdf-viewer-resource.test.ts (+61/-18) | tests/pdf-viewer.test.tsx (+39/-17) | registry/new-york-v4/ui/pdf-viewer.tsx (+28/-11) | registry/new-york-v4/ui/pdf-viewer-resource.ts (+28/-9) | content/docs/viewers/pdf-viewer.mdx (+15/-6) | registry/new-york-v4/ui/pdf-viewer-toolbar.tsx (+5/-12) | components/document-thumbnail/renderers/pdf-thumbnail.tsx (+11/-4) | app/(view)/pdf-viewer-benchmark/pdf-viewer-benchmark-client.tsx (+5/-2) | components/pdf-viewer-demo.tsx (+5/-2) | registry/new-york-v4/blocks/pdf-thumbnails-block.tsx (+5/-2) | registry/new-york-v4/ui/pdf-thumbnail-sidebar.tsx (+6/-1) | public/r/pdf-viewer.json (+3/-3) | public/r/pdf-thumbnails-block.json (+2/-2) | public/r/pdf-thumbnail-sidebar.json (+1/-1),Updated PDF tests. Regenerated registry JSON output. Updated PDF benchmark harness. Files: app/(view)/pdf-viewer-benchmark/pdf-viewer-benchmark-client.tsx | components/pdf-viewer-demo.tsx | public/r/pdf-thumbnail-sidebar.json | public/r/pdf-thumbnails-block.json | public/r/pdf-viewer.json | registry/new-york-v4/blocks/pdf-thumbnails-block.tsx | registry/new-york-v4/ui/pdf-thumbnail-sidebar.tsx | registry/new-york-v4/ui/pdf-viewer-resource.ts | registry/new-york-v4/ui/pdf-viewer-toolbar.tsx | registry/new-york-v4/ui/pdf-viewer.tsx | tests/pdf-viewer-resource.test.ts | tests/pdf-viewer.test.tsx,"P3 PDF core touched, but no obvious low/high-res mechanism."
56,2026-06-12,2026-06-12T12:12:40+02:00,7f3ecd5,7f3ecd5bf5f5e0ab61e5f2d3cf2090d925ed30a0,update document viewers,Sacha Ichbiah,1,parent,234,30571,2800,33371,tests: 37 files / 14315 LOC; components: 62 files / 11840 LOC; registry ui: 56 files / 3343 LOC; tmp: 8 files / 2035 LOC; registry: 13 files / 1231 LOC; registry json: 37 files / 283 LOC; docs: 7 files / 161 LOC; registry blocks: 6 files / 72 LOC,6,64,95,159,21,1223,PDF related; PDF source overlays; docs; loading / error states; registry output; scroll state; tests; thumbnail UI; viewer entrypoint; virtualization,tests/pdf-viewer.test.tsx (+440/-2) | tests/pdf-viewer-resource.test.ts (+144/-4) | tests/pdf-viewer-scroll.test.tsx (+123/-0) | tests/pdf-viewer-scale.test.tsx (+107/-0) | tests/pdf-viewer-virtualization.test.tsx (+78/-0) | registry/new-york-v4/ui/pdf-viewer-states.tsx (+0/-52) | tests/pdf-viewer-layout.test.ts (+48/-0) | registry/new-york-v4/ui/pdf-source.tsx (+33/-0) | registry/new-york-v4/ui/pdf-viewer-resource.ts (+25/-8) | registry/new-york-v4/ui/pdf-viewer.tsx (+11/-16) | tests/pdf-viewer-scale.test.ts (+0/-25) | registry/new-york-v4/ui/pdf-viewer-toolbar.tsx (+5/-15) | registry/new-york-v4/ui/pdf-thumbnail-sidebar.tsx (+15/-3) | components/document-thumbnail/renderers/pdf-thumbnail.tsx (+8/-9) | registry/new-york-v4/ui/pdf-viewer-scroll.ts (+13/-2) | registry/new-york-v4/ui/pdf-viewer-virtualization.ts (+10/-2) | public/r/pdf-source.json (+3/-7) | public/r/pdf-viewer.json (+5/-5) | public/r/pdf-thumbnail-sidebar.json (+1/-1) | public/r/pdf-thumbnails-block.json (+1/-1) | content/docs/viewers/pdf-viewer.mdx (+0/-1),Changed page virtualization/windowing. Changed page scroll tracking/navigation. Updated PDF tests. Regenerated registry JSON output. Files: public/r/pdf-source.json | public/r/pdf-thumbnail-sidebar.json | public/r/pdf-thumbnails-block.json | public/r/pdf-viewer.json | registry/new-york-v4/ui/pdf-source.tsx | registry/new-york-v4/ui/pdf-thumbnail-sidebar.tsx | registry/new-york-v4/ui/pdf-viewer-resource.ts | registry/new-york-v4/ui/pdf-viewer-scroll.ts | registry/new-york-v4/ui/pdf-viewer-states.tsx | registry/new-york-v4/ui/pdf-viewer-toolbar.tsx | registry/new-york-v4/ui/pdf-viewer-virtualization.ts | registry/new-york-v4/ui/pdf-viewer.tsx | tests/pdf-viewer-layout.test.ts | tests/pdf-viewer-resource.test.ts | tests/pdf-viewer-scale.test.ts | tests/pdf-viewer-scale.test.tsx | tests/pdf-viewer-scroll.test.tsx | tests/pdf-viewer-virtualization.test.tsx | tests/pdf-viewer.test.tsx,"P3 PDF core touched, but no obvious low/high-res mechanism."
57,2026-06-12,2026-06-12T12:21:18+02:00,003b97d,003b97db8d85685db9564c4c2b6b2ce9b7a0c0bb,update document viewers,Sacha Ichbiah,1,parent,114,5350,553,5903,components: 29 files / 3146 LOC; tests: 26 files / 2202 LOC; registry ui: 26 files / 225 LOC; registry json: 24 files / 142 LOC; registry: 5 files / 120 LOC; view routes: 2 files / 35 LOC; docs: 2 files / 33 LOC,2,30,9,39,9,268,PDF related; PDF source overlays; registry output; tests; viewer entrypoint,tests/pdf-viewer-rail.test.tsx (+93/-0) | tests/pdf-viewer.test.tsx (+62/-0) | tests/pdf-viewer-page-sizes.test.tsx (+42/-2) | registry/new-york-v4/ui/pdf-viewer-page-sizes.ts (+29/-8) | public/r/pdf-source.json (+6/-2) | public/r/pdf-viewer.json (+4/-4) | tests/pdf-viewer-resource.test.ts (+6/-2) | tests/pdf-viewer-scale.test.tsx (+5/-1) | registry/new-york-v4/ui/pdf-viewer.tsx (+1/-1),Updated PDF tests. Regenerated registry JSON output. Files: public/r/pdf-source.json | public/r/pdf-viewer.json | registry/new-york-v4/ui/pdf-viewer-page-sizes.ts | registry/new-york-v4/ui/pdf-viewer.tsx | tests/pdf-viewer-page-sizes.test.tsx | tests/pdf-viewer-rail.test.tsx | tests/pdf-viewer-resource.test.ts | tests/pdf-viewer-scale.test.tsx | tests/pdf-viewer.test.tsx,"P3 PDF core touched, but no obvious low/high-res mechanism."
58,2026-06-12,2026-06-12T16:32:49+02:00,e15bb15,e15bb15faca8b1ad3008dc06cdb81320ccd9aded,update components,Sacha Ichbiah,1,parent,310,35862,16040,51902,tests: 61 files / 25937 LOC; components: 118 files / 19539 LOC; registry ui: 70 files / 4478 LOC; registry: 12 files / 1062 LOC; view routes: 3 files / 298 LOC; registry json: 34 files / 290 LOC; docs: 6 files / 133 LOC; components ui: 2 files / 98 LOC,7,478,125,603,20,2401,PDF related; PDF source overlays; canvas sizing; page canvas rendering; registry output; scroll state; tests; thumbnail UI; viewer entrypoint; virtualization; zoom / DPR,tests/pdf-viewer.test.tsx (+902/-26) | tests/pdf-viewer-resource.test.ts (+487/-44) | registry/new-york-v4/ui/pdf-viewer-resource.ts (+252/-45) | tests/pdf-viewer-virtualization.test.tsx (+140/-14) | registry/new-york-v4/ui/pdf-viewer.tsx (+81/-48) | registry/new-york-v4/ui/pdf-viewer-virtualization.ts (+49/-16) | tests/pdf-viewer-scroll.test.tsx (+55/-5) | registry/new-york-v4/ui/pdf-viewer-scroll.ts (+53/-6) | registry/new-york-v4/ui/pdf-thumbnail-sidebar.tsx (+37/-18) | registry/new-york-v4/ui/pdf-viewer-scale.ts (+24/-6) | components/document-thumbnail/renderers/pdf-thumbnail.tsx (+23/-5) | public/r/pdf-viewer.json (+7/-7) | registry/new-york-v4/ui/pdf-viewer-canvas.ts (+14/-0) | tests/pdf-viewer-scale.test.tsx (+8/-5) | registry/new-york-v4/ui/pdf-viewer-page.tsx (+5/-4) | tests/pdf-viewer-rail.test.tsx (+4/-2) | registry/new-york-v4/ui/pdf-source.tsx (+3/-0) | public/r/pdf-source.json (+1/-1) | public/r/pdf-thumbnail-sidebar.json (+1/-1) | public/r/pdf-thumbnails-block.json (+1/-1),Changed page virtualization/windowing. Changed page scroll tracking/navigation. Updated PDF tests. Regenerated registry JSON output. Files: public/r/pdf-source.json | public/r/pdf-thumbnail-sidebar.json | public/r/pdf-thumbnails-block.json | public/r/pdf-viewer.json | registry/new-york-v4/ui/pdf-source.tsx | registry/new-york-v4/ui/pdf-thumbnail-sidebar.tsx | registry/new-york-v4/ui/pdf-viewer-canvas.ts | registry/new-york-v4/ui/pdf-viewer-page.tsx | registry/new-york-v4/ui/pdf-viewer-resource.ts | registry/new-york-v4/ui/pdf-viewer-scale.ts | registry/new-york-v4/ui/pdf-viewer-scroll.ts | registry/new-york-v4/ui/pdf-viewer-virtualization.ts | registry/new-york-v4/ui/pdf-viewer.tsx | tests/pdf-viewer-rail.test.tsx | tests/pdf-viewer-resource.test.ts | tests/pdf-viewer-scale.test.tsx | tests/pdf-viewer-scroll.test.tsx | tests/pdf-viewer-virtualization.test.tsx | tests/pdf-viewer.test.tsx,P2 large PDF core change; inspect if reverting beyond focused fix.
59,2026-06-12,2026-06-12T16:44:39+02:00,00bdac2,00bdac27057eb3d4ebfc60aedd2f8fde09f86d23,fix thumbnail loading,Sacha Ichbiah,1,parent,11,376,144,520,components: 4 files / 285 LOC; registry ui: 1 files / 95 LOC; tests: 4 files / 81 LOC; docs: 1 files / 57 LOC; registry json: 1 files / 2 LOC,0,0,0,0,0,0,,,No PDF viewer path changes.,No PDF relevance.
60,2026-06-12,2026-06-12T19:07:27+02:00,0e93faa,0e93faadc3a21eb9fe5bda621b22b38e01c12fbe,update viewers and schema tests,Sacha Ichbiah,1,parent,216,13450,2726,16176,tests: 56 files / 8960 LOC; components: 84 files / 3471 LOC; registry ui: 29 files / 1637 LOC; scripts: 2 files / 1094 LOC; registry json: 23 files / 327 LOC; view routes: 4 files / 283 LOC; registry: 5 files / 156 LOC; registry.json: 1 files / 110 LOC,3,42,13,55,16,1346,PDF related; PDF source overlays; loading / error states; page canvas rendering; registry output; tests; thumbnail UI,tests/pdf-viewer-switching.test.tsx (+312/-0) | tests/pdf-source.test.tsx (+209/-0) | tests/pdf-viewer-layout-edge.test.ts (+197/-0) | tests/pdf-viewer-layout-fuzz.test.ts (+159/-0) | tests/pdf-viewer-scale-hook.test.tsx (+156/-0) | tests/pdf-viewer.test.tsx (+131/-0) | registry/new-york-v4/ui/pdf-viewer-page.tsx (+31/-13) | tests/pdf-viewer-canvas.test.ts (+39/-0) | registry/new-york-v4/ui/pdf-thumbnail-sidebar.tsx (+28/-10) | tests/pdf-viewer-render-error.test.ts (+38/-0) | registry/new-york-v4/ui/pdf-viewer-render-error.ts (+10/-0) | public/r/pdf-viewer.json (+2/-2) | tests/pdf-viewer-resource.test.ts (+1/-3) | public/r/pdf-thumbnail-sidebar.json (+1/-1) | public/r/pdf-thumbnails-block.json (+1/-1) | registry/new-york-v4/ui/pdf-viewer-states.tsx (+1/-0),Updated PDF tests. Regenerated registry JSON output. Files: public/r/pdf-thumbnail-sidebar.json | public/r/pdf-thumbnails-block.json | public/r/pdf-viewer.json | registry/new-york-v4/ui/pdf-thumbnail-sidebar.tsx | registry/new-york-v4/ui/pdf-viewer-page.tsx | registry/new-york-v4/ui/pdf-viewer-render-error.ts | registry/new-york-v4/ui/pdf-viewer-states.tsx | tests/pdf-source.test.tsx | tests/pdf-viewer-canvas.test.ts | tests/pdf-viewer-layout-edge.test.ts | tests/pdf-viewer-layout-fuzz.test.ts | tests/pdf-viewer-render-error.test.ts | tests/pdf-viewer-resource.test.ts | tests/pdf-viewer-scale-hook.test.tsx | tests/pdf-viewer-switching.test.tsx | tests/pdf-viewer.test.tsx,"P3 PDF core touched, but no obvious low/high-res mechanism."
61,2026-06-12,2026-06-12T21:09:53+02:00,41809ac,41809ac98104167baf44acd1f146d2e57c79aa68,update data cells,Sacha Ichbiah,1,parent,27,1501,211,1712,tests: 8 files / 819 LOC; components: 14 files / 756 LOC; scripts: 1 files / 84 LOC; registry ui: 2 files / 47 LOC; registry json: 2 files / 6 LOC,0,0,0,0,1,167,tests,tests/pdf-viewer-virtualization-reset.test.tsx (+167/-0),Updated PDF tests. Files: tests/pdf-viewer-virtualization-reset.test.tsx,P4 PDF-adjacent only.
62,2026-06-12,2026-06-12T21:24:51+02:00,54169d4,54169d49dc820ccbbd3ca6b85497b21d79211f1c,update document viewers,Sacha Ichbiah,1,parent,29,5195,43,5238,tests: 13 files / 4940 LOC; registry ui: 5 files / 127 LOC; registry: 3 files / 86 LOC; components: 6 files / 81 LOC; registry json: 2 files / 4 LOC,1,4,1,5,3,543,tests; zoom / DPR,tests/pdf-viewer-interactions.test.tsx (+529/-0) | tests/pdf-viewer-scale.test.tsx (+9/-0) | registry/new-york-v4/ui/pdf-viewer-scale.ts (+4/-1),Updated PDF tests. Files: registry/new-york-v4/ui/pdf-viewer-scale.ts | tests/pdf-viewer-interactions.test.tsx | tests/pdf-viewer-scale.test.tsx,"P3 PDF core touched, but no obvious low/high-res mechanism."
63,2026-06-12,2026-06-12T21:36:46+02:00,b33bdf6,b33bdf6ee53a65154b329c0d0a6a619a548c9c14,test: cover text-viewer separator splitting and byte accounting,Sacha Ichbiah,1,parent,1,66,8,74,tests: 1 files / 74 LOC,0,0,0,0,0,0,,,No PDF viewer path changes.,No PDF relevance.
64,2026-06-12,2026-06-12T21:40:54+02:00,ac306aa,ac306aa7bc9786bca86bba6ea4f0264828531cf0,fix(xlsx): guard thumbnail worker against non-spreadsheet input,Sacha Ichbiah,1,parent,2,147,0,147,tests: 1 files / 140 LOC; components: 1 files / 7 LOC,0,0,0,0,0,0,,,No PDF viewer path changes.,No PDF relevance.
65,2026-06-12,2026-06-12T21:47:07+02:00,856ff9a,856ff9ab3ddf61ca3b1a6e303f565a447647eb1d,test: add CSV and XLSX property/fuzz coverage,Sacha Ichbiah,1,parent,2,470,0,470,tests: 2 files / 470 LOC,0,0,0,0,0,0,,,No PDF viewer path changes.,No PDF relevance.
66,2026-06-12,2026-06-12T21:50:01+02:00,c2b6609,c2b6609c204b7cc40ac60d2abe33f0700b32ca94,update ui,Sacha Ichbiah,1,parent,86,3969,474,4443,tests: 21 files / 3254 LOC; components: 28 files / 839 LOC; registry ui: 12 files / 181 LOC; registry json: 21 files / 112 LOC; registry: 4 files / 57 LOC,0,0,0,0,1,2,registry output,public/r/pdf-viewer.json (+1/-1),Regenerated registry JSON output. Files: public/r/pdf-viewer.json,P4 PDF-adjacent only.
67,2026-06-13,2026-06-13T00:06:15+02:00,6995fa4,6995fa4d31e414686015dd0ae499e83a57b98630,updates,Sacha Ichbiah,1,parent,42,2156,260,2416,tests: 16 files / 1642 LOC; components: 12 files / 363 LOC; registry ui: 8 files / 356 LOC; registry: 4 files / 47 LOC; registry json: 2 files / 8 LOC,0,0,0,0,1,12,PDF source overlays,tests/pdf-source.test.tsx (+6/-6),Touched PDF-related categories: PDF source overlays. Files: tests/pdf-source.test.tsx,P4 PDF-adjacent only.
68,2026-06-13,2026-06-13T08:00:11+02:00,bbf2e6e,bbf2e6e929640975fce5d7ad054aa8cb61e4cdc9,improve viewer scroll performance,Sacha Ichbiah,1,parent,50,6947,403,7350,tmp: 2 files / 3817 LOC; scripts: 3 files / 1888 LOC; components: 18 files / 935 LOC; view routes: 5 files / 382 LOC; registry ui: 4 files / 152 LOC; tests: 3 files / 104 LOC; registry json: 13 files / 38 LOC; registry: 1 files / 21 LOC,0,0,0,0,0,0,,,No PDF viewer path changes.,No PDF relevance.
69,2026-06-13,2026-06-13T08:22:24+02:00,d143761,d143761c35e7353af9f0a6e0b05fbdd337c414a9,update tree,Sacha Ichbiah,1,parent,11,566,85,651,tests: 3 files / 258 LOC; registry ui: 3 files / 186 LOC; components: 4 files / 164 LOC; docs: 1 files / 43 LOC,0,0,0,0,0,0,,,No PDF viewer path changes.,No PDF relevance.
70,2026-06-13,2026-06-13T09:49:23+02:00,efdbc27,efdbc271f2883ca12953e54c0a7bfdc083b0700d,update viewers,Sacha Ichbiah,1,parent,197,33482,5099,38581,sample: 1 files / 16759 LOC; registry ui: 74 files / 8532 LOC; components: 36 files / 5836 LOC; tests: 23 files / 2818 LOC; design: 3 files / 1358 LOC; components ui: 23 files / 1189 LOC; registry json: 28 files / 1094 LOC; scripts: 1 files / 534 LOC,2,3,21,24,12,893,PDF source overlays; design notes; public types; registry output; tests; thumbnail UI; viewer entrypoint,design/pdf-viewer-system-diagram.md (+447/-0) | registry/new-york-v4/ui/pdf-thumbnail-sidebar.tsx (+94/-57) | tests/pdf-viewer.test.tsx (+64/-85) | tests/pdf-source.test.tsx (+23/-23) | public/r/pdf-viewer.json (+32/-2) | registry/new-york-v4/ui/pdf-source.tsx (+9/-9) | registry/new-york-v4/ui/pdf-viewer-types.ts (+2/-13) | registry/new-york-v4/blocks/pdf-thumbnails-block.tsx (+5/-6) | registry/new-york-v4/ui/pdf-viewer.tsx (+1/-8) | public/r/pdf-thumbnail-sidebar.json (+4/-1) | public/r/pdf-source.json (+2/-2) | public/r/pdf-thumbnails-block.json (+2/-2),Updated PDF tests. Regenerated registry JSON output. Files: design/pdf-viewer-system-diagram.md | public/r/pdf-source.json | public/r/pdf-thumbnail-sidebar.json | public/r/pdf-thumbnails-block.json | public/r/pdf-viewer.json | registry/new-york-v4/blocks/pdf-thumbnails-block.tsx | registry/new-york-v4/ui/pdf-source.tsx | registry/new-york-v4/ui/pdf-thumbnail-sidebar.tsx | registry/new-york-v4/ui/pdf-viewer-types.ts | registry/new-york-v4/ui/pdf-viewer.tsx | tests/pdf-source.test.tsx | tests/pdf-viewer.test.tsx,"P3 PDF core touched, but no obvious low/high-res mechanism."
71,2026-06-13,2026-06-13T12:19:31+02:00,e3ca480,e3ca480c5f4d6ed27adde0a50df1cdc24c3fd529,update tree,Sacha Ichbiah,1,parent,209,537467,12046,549513,sample: 1 files / 523882 LOC; tests: 41 files / 11025 LOC; components: 54 files / 5369 LOC; tmp: 5 files / 3535 LOC; registry ui: 32 files / 1972 LOC; design: 5 files / 1443 LOC; registry json: 28 files / 1354 LOC; registry.json: 1 files / 359 LOC,4,37,33,70,23,1733,PDF source overlays; benchmark; design notes; docs; page canvas rendering; public types; registry output; scroll state; tests; thumbnail UI; viewer entrypoint,design/extend-hq-sidebar-pdf-viewer-blueprint.md (+484/-0) | design/pdf-thumbnail-sidebar-platonic-blueprint.md (+410/-0) | tests/pdf-viewer-resource.test.ts (+117/-111) | tests/pdf-viewer.test.tsx (+172/-28) | registry/new-york-v4/ui/pdf-thumbnail-sidebar.tsx (+110/-54) | tests/pdf-viewer-switching.test.tsx (+35/-15) | registry/new-york-v4/ui/pdf-viewer.tsx (+18/-17) | public/r/pdf-document-resource.json (+30/-0) | public/r/pdf-viewer.json (+13/-13) | registry/new-york-v4/ui/pdf-viewer-scroll.ts (+12/-8) | components/document-thumbnail/renderers/pdf-thumbnail.tsx (+8/-10) | tests/pdf-source.test.tsx (+9/-8) | registry/new-york-v4/ui/pdf-viewer-types.ts (+4/-6) | content/docs/viewers/pdf-viewer.mdx (+5/-4) | tests/pdf-viewer-interactions.test.tsx (+3/-3) | registry/new-york-v4/ui/pdf-source.tsx (+2/-3) | registry/new-york-v4/ui/pdf-viewer-page.tsx (+3/-2) | design/pdf-viewer-system-diagram.md (+2/-2) | public/r/pdf-thumbnails-block.json (+2/-2) | app/(view)/pdf-viewer-benchmark/pdf-viewer-benchmark-client.tsx (+1/-1) | public/r/pdf-source.json (+1/-1) | public/r/pdf-thumbnail-sidebar.json (+1/-1) | registry/new-york-v4/blocks/pdf-thumbnails-block.tsx (+1/-1),Changed page scroll tracking/navigation. Updated PDF tests. Regenerated registry JSON output. Updated PDF benchmark harness. Files: app/(view)/pdf-viewer-benchmark/pdf-viewer-benchmark-client.tsx | design/pdf-viewer-system-diagram.md | public/r/pdf-document-resource.json | public/r/pdf-source.json | public/r/pdf-thumbnail-sidebar.json | public/r/pdf-thumbnails-block.json | public/r/pdf-viewer.json | registry/new-york-v4/blocks/pdf-thumbnails-block.tsx | registry/new-york-v4/ui/pdf-source.tsx | registry/new-york-v4/ui/pdf-thumbnail-sidebar.tsx | registry/new-york-v4/ui/pdf-viewer-page.tsx | registry/new-york-v4/ui/pdf-viewer-resource.ts | registry/new-york-v4/ui/pdf-viewer-scroll.ts | registry/new-york-v4/ui/pdf-viewer-types.ts | registry/new-york-v4/ui/pdf-viewer.tsx | tests/pdf-source.test.tsx | tests/pdf-viewer-interactions.test.tsx | tests/pdf-viewer-resource.test.ts | tests/pdf-viewer-switching.test.tsx | tests/pdf-viewer.test.tsx,"P3 PDF core touched, but no obvious low/high-res mechanism."
72,2026-06-13,2026-06-13T13:30:45+02:00,662b208,662b2086a13d9005ec30f8ea85c1b028854fa81b,update viewers,Sacha Ichbiah,1,parent,149,9281,5217,14498,components: 39 files / 4267 LOC; tests: 28 files / 3387 LOC; registry ui: 34 files / 2976 LOC; design: 2 files / 2745 LOC; registry json: 16 files / 462 LOC; registry.json: 1 files / 192 LOC; pnpm-lock.yaml: 1 files / 145 LOC; e2e: 1 files / 133 LOC,2,83,4,87,19,2369,PDF source overlays; public types; registry output; scroll state; tests; thumbnail UI,design/pdf-thumbnail-sidebar-platonic-blueprint.md (+193/-323) | registry/new-york-v4/ui/pdf-thumbnail-sidebar.tsx (+85/-276) | tests/pdf-viewer.test.tsx (+263/-32) | registry/new-york-v4/ui/pdf-thumbnail-layout.ts (+259/-0) | registry/new-york-v4/ui/use-pdf-thumbnail-page-metrics.ts (+150/-0) | e2e/pdf-thumbnail-sidebar.spec.ts (+133/-0) | registry/new-york-v4/ui/pdf-thumbnail-rail.tsx (+127/-0) | registry/new-york-v4/ui/use-pdf-thumbnail-window.ts (+106/-0) | registry/new-york-v4/ui/pdf-thumbnail-canvas.tsx (+89/-0) | registry/new-york-v4/ui/pdf-viewer-scroll.ts (+76/-3) | public/r/pdf-thumbnails-block.json (+53/-11) | registry/new-york-v4/ui/pdf-thumbnail-item.tsx (+63/-0) | public/r/pdf-thumbnail-sidebar.json (+51/-10) | registry/new-york-v4/blocks/pdf-thumbnails-block.tsx (+14/-8) | registry/new-york-v4/ui/use-pdf-thumbnail-document.ts (+22/-0) | registry/new-york-v4/ui/pdf-source.tsx (+7/-1) | registry/new-york-v4/ui/pdf-viewer-types.ts (+7/-1) | public/r/pdf-viewer.json (+2/-2) | public/r/pdf-source.json (+1/-1),Added async page metric preloading for page sizes. Changed page scroll tracking/navigation. Updated PDF tests. Regenerated registry JSON output. Files: public/r/pdf-source.json | public/r/pdf-thumbnail-sidebar.json | public/r/pdf-thumbnails-block.json | public/r/pdf-viewer.json | registry/new-york-v4/blocks/pdf-thumbnails-block.tsx | registry/new-york-v4/ui/pdf-source.tsx | registry/new-york-v4/ui/pdf-thumbnail-canvas.tsx | registry/new-york-v4/ui/pdf-thumbnail-item.tsx | registry/new-york-v4/ui/pdf-thumbnail-layout.ts | registry/new-york-v4/ui/pdf-thumbnail-rail.tsx | registry/new-york-v4/ui/pdf-thumbnail-sidebar.tsx | registry/new-york-v4/ui/pdf-viewer-scroll.ts | registry/new-york-v4/ui/pdf-viewer-types.ts | tests/pdf-viewer.test.tsx,"P3 PDF core touched, but no obvious low/high-res mechanism."
73,2026-06-13,2026-06-13T13:49:04+02:00,4c4a0d4,4c4a0d4a26bec396715597380e8021516ec472e9,update viewers,Sacha Ichbiah,1,parent,59,2015,9019,11034,components: 15 files / 4647 LOC; design: 11 files / 4113 LOC; registry ui: 12 files / 1069 LOC; tests: 8 files / 911 LOC; components ui: 2 files / 179 LOC; registry json: 9 files / 75 LOC; registry.json: 1 files / 21 LOC; docs: 1 files / 19 LOC,0,0,0,0,7,1223,design notes; tests; thumbnail UI,design/extend-hq-sidebar-pdf-viewer-blueprint.md (+0/-484) | design/pdf-thumbnail-sidebar-blueprint.md (+301/-0) | design/pdf-thumbnail-sidebar-platonic-blueprint.md (+0/-280) | registry/new-york-v4/ui/use-pdf-thumbnail-page-metrics.ts (+80/-24) | tests/pdf-viewer.test.tsx (+50/-0) | public/r/pdf-thumbnail-sidebar.json (+1/-1) | public/r/pdf-thumbnails-block.json (+1/-1),Added async page metric preloading for page sizes. Updated PDF tests. Files: public/r/pdf-thumbnail-sidebar.json | public/r/pdf-thumbnails-block.json | tests/pdf-viewer.test.tsx,P4 PDF-adjacent only.
74,2026-06-13,2026-06-13T14:16:11+02:00,f876647,f876647e8923d90d603f2b96506c900d12f3f622,update document viewers,Sacha Ichbiah,1,parent,63,6141,2207,8348,registry ui: 25 files / 4367 LOC; design: 3 files / 2666 LOC; tests: 10 files / 710 LOC; registry json: 12 files / 326 LOC; registry.json: 1 files / 129 LOC; docs: 3 files / 75 LOC; components: 3 files / 55 LOC; components ui: 5 files / 18 LOC,0,0,0,0,6,828,registry output; tests; thumbnail UI,registry/new-york-v4/ui/use-pdf-thumbnail-page-metrics.ts (+197/-140) | tests/pdf-viewer.test.tsx (+250/-1) | design/pdf-thumbnail-page-metrics-blueprint.md (+205/-0) | public/r/pdf-thumbnails-block.json (+10/-4) | public/r/pdf-viewer.json (+9/-2) | public/r/pdf-thumbnail-sidebar.json (+7/-3),Added async page metric preloading for page sizes. Updated PDF tests. Regenerated registry JSON output. Files: public/r/pdf-thumbnail-sidebar.json | public/r/pdf-thumbnails-block.json | public/r/pdf-viewer.json | tests/pdf-viewer.test.tsx,P4 PDF-adjacent only.
75,2026-06-13,2026-06-13T17:29:23+02:00,520bbbe,520bbbe8b676089de6c3cc139f4124c2e3be8cf6,update viewers,Sacha Ichbiah,1,parent,96,9380,1727,11107,registry ui: 28 files / 6370 LOC; design: 5 files / 1936 LOC; tests: 19 files / 1367 LOC; components: 15 files / 525 LOC; e2e: 1 files / 244 LOC; docs: 4 files / 242 LOC; view routes: 3 files / 191 LOC; registry json: 15 files / 167 LOC,0,0,0,0,1,2,registry output,public/r/pdf-viewer.json (+1/-1),Regenerated registry JSON output. Files: public/r/pdf-viewer.json,P4 PDF-adjacent only.
76,2026-06-13,2026-06-13T18:48:36+02:00,07d31c6,07d31c6a4d64e7ae65fdde71d6b462f5535b7336,updates,Sacha Ichbiah,1,parent,173,11894,5073,16967,registry ui: 21 files / 5243 LOC; components: 80 files / 4338 LOC; design: 10 files / 3170 LOC; tests: 30 files / 2101 LOC; registry json: 13 files / 875 LOC; registry blocks: 1 files / 411 LOC; registry.json: 1 files / 273 LOC; pnpm-lock.yaml: 1 files / 271 LOC,0,0,0,0,2,12,design notes; thumbnail UI,components/file-thumbnail/renderers/pdf-thumbnail.tsx (+4/-4) | design/pdf-viewer-system-diagram.md (+2/-2),"Touched PDF-related categories: design notes, thumbnail UI. Files: components/file-thumbnail/renderers/pdf-thumbnail.tsx | design/pdf-viewer-system-diagram.md",P4 PDF-adjacent only.
77,2026-06-13,2026-06-13T19:53:09+02:00,ce971b7,ce971b720228b624108d69ab048d0d71b0c7e1d0,update document viewers,Sacha Ichbiah,1,parent,157,16912,3154,20066,design: 16 files / 6790 LOC; registry ui: 33 files / 4319 LOC; components: 55 files / 3852 LOC; tests: 25 files / 3258 LOC; registry blocks: 1 files / 988 LOC; registry json: 13 files / 307 LOC; docs: 6 files / 272 LOC; registry.json: 1 files / 124 LOC,0,0,0,0,0,0,,,No PDF viewer path changes.,No PDF relevance.
78,2026-06-13,2026-06-13T19:54:15+02:00,f8cebf7,f8cebf706e786686783090312ab5edc72c52c57e,update viewer registry,Sacha Ichbiah,1,parent,12,89,134,223,registry ui: 5 files / 181 LOC; registry.json: 1 files / 13 LOC; registry json: 3 files / 10 LOC; tests: 1 files / 10 LOC; components: 1 files / 5 LOC; docs: 1 files / 4 LOC,0,0,0,0,0,0,,,No PDF viewer path changes.,No PDF relevance.
79,2026-06-13,2026-06-13T19:58:57+02:00,6e9a515,6e9a5150f71727125d86551b56814b6d43b80720,update viewer components,Sacha Ichbiah,1,parent,29,1774,464,2238,tests: 9 files / 591 LOC; registry.json: 1 files / 545 LOC; design: 1 files / 454 LOC; registry ui: 7 files / 317 LOC; components: 4 files / 217 LOC; e2e: 1 files / 53 LOC; registry json: 4 files / 34 LOC; registry blocks: 1 files / 24 LOC,0,0,0,0,0,0,,,No PDF viewer path changes.,No PDF relevance.
80,2026-06-13,2026-06-13T20:01:13+02:00,56a57e4,56a57e4196ffa9a2e5de3b87f771a97172e7ca73,update markdown viewer,Sacha Ichbiah,1,parent,10,547,170,717,registry ui: 3 files / 463 LOC; tests: 3 files / 166 LOC; docs: 2 files / 68 LOC; design: 1 files / 18 LOC; mdx-components.tsx: 1 files / 2 LOC,0,0,0,0,0,0,,,No PDF viewer path changes.,No PDF relevance.
81,2026-06-13,2026-06-13T20:22:18+02:00,c95b982,c95b982d48e6dad2d8401d7d0d5a0dff8899199e,fix blocks payload,Sacha Ichbiah,1,parent,43,5828,782,6610,tests: 9 files / 3164 LOC; design: 3 files / 1667 LOC; registry json: 9 files / 635 LOC; registry ui: 9 files / 527 LOC; components: 4 files / 433 LOC; docs: 3 files / 83 LOC; lib: 1 files / 32 LOC; registry.json: 1 files / 28 LOC,0,0,0,0,0,0,,,No PDF viewer path changes.,No PDF relevance.
82,2026-06-13,2026-06-13T20:23:08+02:00,11eda15,11eda1571ddccebf150a0e8b628d7fe2dea4ecf3,update viewer performance,Sacha Ichbiah,1,parent,2,34,1,35,registry ui: 1 files / 33 LOC; next-env.d.ts: 1 files / 2 LOC,0,0,0,0,0,0,,,No PDF viewer path changes.,No PDF relevance.
83,2026-06-13,2026-06-13T20:56:49+02:00,8692e2b,8692e2b6ee30a19224722edd547198e4c32bcbf9,update viewers,Sacha Ichbiah,1,parent,99,7870,3395,11265,registry ui: 34 files / 3259 LOC; registry blocks: 7 files / 2499 LOC; tests: 23 files / 1949 LOC; design: 3 files / 1504 LOC; registry json: 17 files / 862 LOC; registry.json: 1 files / 661 LOC; components: 9 files / 380 LOC; hooks: 1 files / 67 LOC,1,40,34,74,4,110,registry output; tests; viewer entrypoint,registry/new-york-v4/ui/pdf-viewer.tsx (+40/-34) | tests/pdf-viewer.test.tsx (+23/-0) | tests/pdf-viewer-layout-fuzz.test.ts (+8/-3) | public/r/pdf-viewer.json (+1/-1),Updated PDF tests. Regenerated registry JSON output. Files: public/r/pdf-viewer.json | registry/new-york-v4/ui/pdf-viewer.tsx | tests/pdf-viewer-layout-fuzz.test.ts | tests/pdf-viewer.test.tsx,"P3 PDF core touched, but no obvious low/high-res mechanism."
84,2026-06-13,2026-06-13T21:06:11+02:00,43464c6,43464c6cdd8f96224e0817792310a9daa0ce5b21,update viewers and schema editor,Sacha Ichbiah,1,parent,31,1841,227,2068,design: 2 files / 859 LOC; tests: 11 files / 628 LOC; registry ui: 10 files / 386 LOC; components: 5 files / 165 LOC; registry json: 2 files / 20 LOC; docs: 1 files / 10 LOC,1,19,1,20,3,84,PDF related; registry output; tests,tests/pdf-viewer-rail.test.tsx (+53/-1) | registry/new-york-v4/ui/pdf-viewer-rail.tsx (+19/-1) | public/r/pdf-viewer.json (+4/-6),Updated PDF tests. Regenerated registry JSON output. Files: public/r/pdf-viewer.json | registry/new-york-v4/ui/pdf-viewer-rail.tsx | tests/pdf-viewer-rail.test.tsx,"P3 PDF core touched, but no obvious low/high-res mechanism."
85,2026-06-13,2026-06-13T21:10:59+02:00,ae53865,ae53865ae51f07dcd155be00386c14c31bc6dc8c,update viewer performance,Sacha Ichbiah,1,parent,10,388,241,629,registry ui: 7 files / 617 LOC; registry json: 3 files / 12 LOC,0,0,0,0,1,6,registry output,public/r/pdf-viewer.json (+4/-2),Regenerated registry JSON output. Files: public/r/pdf-viewer.json,P4 PDF-adjacent only.
86,2026-06-13,2026-06-13T21:33:03+02:00,330f7be,330f7be0a4c19d1197247bd94b667f44c5a30bda,update file system,Sacha Ichbiah,1,parent,13,588,81,669,registry ui: 7 files / 456 LOC; tests: 2 files / 127 LOC; e2e: 1 files / 38 LOC; registry json: 2 files / 38 LOC; registry.json: 1 files / 10 LOC,0,0,0,0,0,0,,,No PDF viewer path changes.,No PDF relevance.
87,2026-06-13,2026-06-13T21:34:47+02:00,2b58114,2b58114b26a1fc742eb90136c8eed58e08fd0d10,add viewer sidebar composition,Sacha Ichbiah,1,parent,35,2694,351,3045,design: 2 files / 1057 LOC; registry ui: 11 files / 859 LOC; registry json: 10 files / 706 LOC; tests: 5 files / 245 LOC; docs: 2 files / 82 LOC; registry.json: 1 files / 67 LOC; hooks: 1 files / 14 LOC; view routes: 1 files / 9 LOC,0,0,0,0,4,19,thumbnail UI,registry/new-york-v4/ui/pdf-thumbnail-item.tsx (+4/-2) | registry/new-york-v4/ui/pdf-thumbnail-rail.tsx (+4/-1) | public/r/pdf-thumbnail-sidebar.json (+2/-2) | public/r/pdf-thumbnails-block.json (+2/-2),Touched PDF-related categories: thumbnail UI. Files: public/r/pdf-thumbnail-sidebar.json | public/r/pdf-thumbnails-block.json | registry/new-york-v4/ui/pdf-thumbnail-item.tsx | registry/new-york-v4/ui/pdf-thumbnail-rail.tsx,P4 PDF-adjacent only.
88,2026-06-13,2026-06-13T21:43:19+02:00,e0a0411,e0a0411c1659b482274d4b0d7d55b3086aab6204,Merge branch 'codex/email-viewer-sidebar' into document-viewers-perf,Sacha Ichbiah,2,first parent of merge,43,2518,446,2964,design: 2 files / 1057 LOC; registry ui: 11 files / 868 LOC; registry blocks: 6 files / 491 LOC; tests: 6 files / 255 LOC; registry json: 11 files / 185 LOC; registry.json: 1 files / 68 LOC; hooks: 1 files / 14 LOC; docs: 2 files / 11 LOC,0,0,0,0,4,19,thumbnail UI,registry/new-york-v4/ui/pdf-thumbnail-item.tsx (+4/-2) | registry/new-york-v4/ui/pdf-thumbnail-rail.tsx (+4/-1) | public/r/pdf-thumbnail-sidebar.json (+2/-2) | public/r/pdf-thumbnails-block.json (+2/-2),Touched PDF-related categories: thumbnail UI. Files: public/r/pdf-thumbnail-sidebar.json | public/r/pdf-thumbnails-block.json | registry/new-york-v4/ui/pdf-thumbnail-item.tsx | registry/new-york-v4/ui/pdf-thumbnail-rail.tsx,P4 PDF-adjacent only.
89,2026-06-13,2026-06-13T21:46:03+02:00,3136821,31368211ad721719c63cd4335a5bd0d58f170b6b,update file system viewer,Sacha Ichbiah,1,parent,11,681,245,926,registry ui: 7 files / 532 LOC; design: 1 files / 302 LOC; docs: 3 files / 92 LOC,0,0,0,0,0,0,,,No PDF viewer path changes.,No PDF relevance.
90,2026-06-13,2026-06-13T22:55:23+02:00,e579c22,e579c22c0a33422904aa10e5ce5a22f23db7e9cf,update viewers,Sacha Ichbiah,1,parent,162,16047,3369,19416,design: 15 files / 7229 LOC; registry ui: 37 files / 4154 LOC; components: 55 files / 3335 LOC; tests: 27 files / 2092 LOC; registry json: 12 files / 884 LOC; registry.json: 1 files / 681 LOC; registry blocks: 2 files / 547 LOC; e2e: 2 files / 244 LOC,0,0,0,0,1,12,PDF source overlays,tests/pdf-source.test.tsx (+3/-9),Touched PDF-related categories: PDF source overlays. Files: tests/pdf-source.test.tsx,P4 PDF-adjacent only.
91,2026-06-13,2026-06-13T23:13:01+02:00,15195b4,15195b4fd5403c39c28f9bee0006d1dcdfb4fb5b,viewer primitives,Sacha Ichbiah,1,parent,11,1287,182,1469,design: 1 files / 675 LOC; registry ui: 4 files / 548 LOC; components: 1 files / 199 LOC; tests: 4 files / 44 LOC; components ui: 1 files / 3 LOC,0,0,0,0,2,33,tests; thumbnail UI,registry/new-york-v4/ui/pdf-thumbnail-sidebar.tsx (+15/-14) | tests/pdf-viewer.test.tsx (+4/-0),Updated PDF tests. Files: registry/new-york-v4/ui/pdf-thumbnail-sidebar.tsx | tests/pdf-viewer.test.tsx,P4 PDF-adjacent only.
92,2026-06-13,2026-06-13T23:16:10+02:00,ff7597e,ff7597edf1744ecf2923db24c0e8e67d9d9fe680,Merge remote-tracking branch 'origin/main' into codex/viewer-primitives-implementation-test,Sacha Ichbiah,2,first parent of merge,161,15384,3511,18895,design: 14 files / 6554 LOC; registry ui: 37 files / 4302 LOC; components: 55 files / 3335 LOC; tests: 27 files / 2098 LOC; registry json: 12 files / 884 LOC; registry.json: 1 files / 681 LOC; registry blocks: 2 files / 547 LOC; e2e: 2 files / 244 LOC,0,0,0,0,1,12,PDF source overlays,tests/pdf-source.test.tsx (+3/-9),Touched PDF-related categories: PDF source overlays. Files: tests/pdf-source.test.tsx,P4 PDF-adjacent only.
93,2026-06-13,2026-06-13T23:18:18+02:00,f9c66cf,f9c66cf75beaf27f8981cb17061b303fa413dfa2,update components,Sacha Ichbiah,1,parent,57,4946,560,5506,design: 6 files / 2332 LOC; registry ui: 8 files / 1660 LOC; tests: 16 files / 761 LOC; components: 19 files / 698 LOC; registry.json: 1 files / 23 LOC; docs: 1 files / 14 LOC; registry json: 4 files / 12 LOC; components ui: 1 files / 3 LOC,0,0,0,0,0,0,,,No PDF viewer path changes.,No PDF relevance.
94,2026-06-13,2026-06-13T23:24:53+02:00,4562750,45627502f27e1500c3a1d1d90b0e8d8236674ebc,update components,Sacha Ichbiah,1,parent,33,5936,620,6556,tmp: 2 files / 2707 LOC; registry ui: 6 files / 2463 LOC; components: 12 files / 939 LOC; tests: 8 files / 348 LOC; registry json: 3 files / 68 LOC; e2e: 1 files / 26 LOC; registry.json: 1 files / 5 LOC,0,0,0,0,0,0,,,No PDF viewer path changes.,No PDF relevance.
95,2026-06-13,2026-06-13T23:30:28+02:00,1aa22ca,1aa22ca7cdbb4c30c32b35376ac9afd9d55ff9de,update json table and viewer docs,Sacha Ichbiah,1,parent,11,1321,39,1360,tmp: 1 files / 472 LOC; design: 1 files / 436 LOC; components: 5 files / 321 LOC; docs: 2 files / 125 LOC; mdx-components.tsx: 1 files / 4 LOC; tests: 1 files / 2 LOC,0,0,0,0,0,0,,,No PDF viewer path changes.,No PDF relevance.
96,2026-06-13,2026-06-13T23:52:57+02:00,d44fee8,d44fee8970de4d7b1b85462feeadcf607f9ecd98,update document viewers,Sacha Ichbiah,1,parent,83,7589,4868,12457,registry ui: 6 files / 4691 LOC; design: 7 files / 2576 LOC; components: 29 files / 1585 LOC; tmp: 22 files / 1535 LOC; tests: 12 files / 822 LOC; registry json: 3 files / 597 LOC; registry.json: 1 files / 568 LOC; e2e: 1 files / 58 LOC,0,0,0,0,0,0,,,No PDF viewer path changes.,No PDF relevance.
97,2026-06-14,2026-06-14T00:25:12+02:00,b8ef022,b8ef02254bc9397c4d9d2cfd4b0f682070739b72,update interaction performance,Sacha Ichbiah,1,parent,40,5256,594,5850,design: 7 files / 2007 LOC; registry ui: 6 files / 1194 LOC; components: 14 files / 1064 LOC; tests: 6 files / 572 LOC; scripts: 1 files / 570 LOC; tmp: 1 files / 350 LOC; registry json: 3 files / 54 LOC; registry.json: 1 files / 22 LOC,0,0,0,0,0,0,,,No PDF viewer path changes.,No PDF relevance.
98,2026-06-14,2026-06-14T00:37:52+02:00,55d8bd2,55d8bd2904e923ea267bc2fa4dfcc059dd820269,rework viewer primitives,Sacha Ichbiah,1,parent,100,2577,3438,6015,registry ui: 34 files / 1581 LOC; registry json: 32 files / 1116 LOC; tests: 13 files / 810 LOC; registry.json: 1 files / 670 LOC; design: 1 files / 550 LOC; components ui: 5 files / 520 LOC; registry blocks: 6 files / 437 LOC; components: 5 files / 211 LOC,6,263,194,457,14,1048,PDF related; docs; loading / error states; public types; registry output; tests; thumbnail UI; viewer entrypoint,registry/new-york-v4/ui/pdf-viewer.tsx (+136/-73) | tests/pdf-viewer-rail.test.tsx (+0/-147) | tests/pdf-viewer.test.tsx (+68/-70) | public/r/pdf-viewer.json (+71/-16) | content/docs/viewers/pdf-viewer.mdx (+52/-34) | registry/new-york-v4/ui/pdf-viewer-context.tsx (+83/-0) | registry/new-york-v4/ui/pdf-viewer-toolbar.tsx (+41/-33) | registry/new-york-v4/ui/pdf-thumbnail-sidebar.tsx (+40/-25) | registry/new-york-v4/ui/pdf-viewer-rail.tsx (+0/-63) | registry/new-york-v4/blocks/pdf-thumbnails-block.tsx (+26/-34) | registry/new-york-v4/ui/pdf-viewer-states.tsx (+3/-21) | public/r/pdf-thumbnail-sidebar.json (+2/-2) | public/r/pdf-thumbnails-block.json (+2/-2) | registry/new-york-v4/ui/pdf-viewer-types.ts (+0/-4),Added async page metric preloading for page sizes. Updated PDF tests. Regenerated registry JSON output. Files: public/r/pdf-thumbnail-sidebar.json | public/r/pdf-thumbnails-block.json | public/r/pdf-viewer.json | registry/new-york-v4/blocks/pdf-thumbnails-block.tsx | registry/new-york-v4/ui/pdf-thumbnail-sidebar.tsx | registry/new-york-v4/ui/pdf-viewer-context.tsx | registry/new-york-v4/ui/pdf-viewer-rail.tsx | registry/new-york-v4/ui/pdf-viewer-states.tsx | registry/new-york-v4/ui/pdf-viewer-toolbar.tsx | registry/new-york-v4/ui/pdf-viewer-types.ts | registry/new-york-v4/ui/pdf-viewer.tsx | tests/pdf-viewer-rail.test.tsx | tests/pdf-viewer.test.tsx,"P3 PDF core touched, but no obvious low/high-res mechanism."
99,2026-06-14,2026-06-14T00:41:05+02:00,cad6ba7,cad6ba7409c6d03f2aa46bf8feed896e4f0682fd,Merge branch 'codex/viewer-primitives-implementation-test' into document-viewers-perf,Sacha Ichbiah,2,first parent of merge,102,2004,2506,4510,registry ui: 34 files / 1648 LOC; tests: 14 files / 786 LOC; registry json: 33 files / 575 LOC; components ui: 6 files / 523 LOC; registry blocks: 6 files / 437 LOC; components: 5 files / 290 LOC; registry.json: 1 files / 131 LOC; docs: 3 files / 120 LOC,6,263,194,457,14,1025,PDF related; docs; loading / error states; public types; registry output; tests; thumbnail UI; viewer entrypoint,registry/new-york-v4/ui/pdf-viewer.tsx (+136/-73) | tests/pdf-viewer-rail.test.tsx (+0/-147) | tests/pdf-viewer.test.tsx (+69/-67) | public/r/pdf-viewer.json (+71/-16) | content/docs/viewers/pdf-viewer.mdx (+52/-34) | registry/new-york-v4/ui/pdf-viewer-context.tsx (+83/-0) | registry/new-york-v4/ui/pdf-viewer-toolbar.tsx (+41/-33) | registry/new-york-v4/ui/pdf-viewer-rail.tsx (+0/-63) | registry/new-york-v4/blocks/pdf-thumbnails-block.tsx (+26/-34) | registry/new-york-v4/ui/pdf-thumbnail-sidebar.tsx (+30/-14) | registry/new-york-v4/ui/pdf-viewer-states.tsx (+3/-21) | public/r/pdf-thumbnail-sidebar.json (+2/-2) | public/r/pdf-thumbnails-block.json (+2/-2) | registry/new-york-v4/ui/pdf-viewer-types.ts (+0/-4),Added async page metric preloading for page sizes. Updated PDF tests. Regenerated registry JSON output. Files: public/r/pdf-thumbnail-sidebar.json | public/r/pdf-thumbnails-block.json | public/r/pdf-viewer.json | registry/new-york-v4/blocks/pdf-thumbnails-block.tsx | registry/new-york-v4/ui/pdf-thumbnail-sidebar.tsx | registry/new-york-v4/ui/pdf-viewer-context.tsx | registry/new-york-v4/ui/pdf-viewer-rail.tsx | registry/new-york-v4/ui/pdf-viewer-states.tsx | registry/new-york-v4/ui/pdf-viewer-toolbar.tsx | registry/new-york-v4/ui/pdf-viewer-types.ts | registry/new-york-v4/ui/pdf-viewer.tsx | tests/pdf-viewer-rail.test.tsx | tests/pdf-viewer.test.tsx,"P3 PDF core touched, but no obvious low/high-res mechanism."
100,2026-06-14,2026-06-14T00:54:46+02:00,bc6cb0d,bc6cb0ddc5a14f525e737ad96698f6a5a5897a07,update worktree,Sacha Ichbiah,1,parent,75,5456,1198,6654,design: 7 files / 2574 LOC; registry ui: 10 files / 1337 LOC; components: 32 files / 1316 LOC; tests: 15 files / 867 LOC; scripts: 1 files / 257 LOC; tmp: 1 files / 190 LOC; registry json: 6 files / 65 LOC; app: 1 files / 22 LOC,0,0,0,0,0,0,,,No PDF viewer path changes.,No PDF relevance.
101,2026-06-14,2026-06-14T01:00:35+02:00,97f4f8a,97f4f8a9d71758173eb696a174b63d5873efe91b,update worktree,Sacha Ichbiah,1,parent,53,2886,1843,4729,registry blocks: 12 files / 1775 LOC; registry ui: 10 files / 1160 LOC; design: 4 files / 997 LOC; components: 13 files / 323 LOC; tests: 6 files / 217 LOC; registry json: 5 files / 122 LOC; scripts: 1 files / 84 LOC; registry.json: 1 files / 50 LOC,0,0,0,0,0,0,,,No PDF viewer path changes.,No PDF relevance.
102,2026-06-14,2026-06-14T01:00:57+02:00,d9fcdc2,d9fcdc28d3239f5ffb3a696663c85ba597d4a6b6,update worktree,Sacha Ichbiah,1,parent,2,51,20,71,registry ui: 1 files / 63 LOC; tests: 1 files / 8 LOC,0,0,0,0,0,0,,,No PDF viewer path changes.,No PDF relevance.
103,2026-06-14,2026-06-14T01:01:08+02:00,f1fae7f,f1fae7f01051a1f7529d821f7053d14794013b1b,update registry,Sacha Ichbiah,1,parent,2,8,8,16,registry json: 2 files / 16 LOC,0,0,0,0,0,0,,,No PDF viewer path changes.,No PDF relevance.
104,2026-06-14,2026-06-14T02:39:48+02:00,c1ddebb,c1ddebb16f9cd9579e6143e4e95a217d68de1d73,implement anchored document,Sacha Ichbiah,1,parent,59,3586,2078,5664,tests: 3 files / 1209 LOC; registry blocks: 9 files / 1127 LOC; registry ui: 14 files / 974 LOC; registry json: 22 files / 862 LOC; registry.json: 1 files / 670 LOC; components ui: 4 files / 441 LOC; registry: 1 files / 206 LOC; components: 4 files / 172 LOC,0,0,0,0,3,41,PDF source overlays; registry output,public/r/pdf-anchor-target.json (+20/-0) | registry/new-york-v4/ui/pdf-source.tsx (+8/-6) | public/r/pdf-source.json (+3/-4),Regenerated registry JSON output. Files: public/r/pdf-anchor-target.json | public/r/pdf-source.json | registry/new-york-v4/ui/pdf-source.tsx,P4 PDF-adjacent only.
105,2026-06-14,2026-06-14T03:36:28+02:00,0602be5,0602be5fc952891a081d94b566d82ed1f6f6684e,cohere viewer system,Sacha Ichbiah,1,parent,58,2850,924,3774,tests: 9 files / 1179 LOC; components: 9 files / 1141 LOC; docs: 15 files / 613 LOC; registry ui: 14 files / 300 LOC; registry blocks: 6 files / 240 LOC; lib: 2 files / 192 LOC; registry: 3 files / 109 LOC,3,74,8,82,10,208,PDF related; docs; page canvas rendering; thumbnail UI; viewer entrypoint,content/docs/viewers/pdf-viewer.mdx (+43/-43) | registry/new-york-v4/ui/pdf-viewer-context.tsx (+62/-0) | registry/new-york-v4/ui/pdf-thumbnail-sidebar.tsx (+11/-9) | registry/new-york-v4/ui/pdf-viewer.tsx (+10/-6) | components/file-thumbnail/renderers/pdf-thumbnail.tsx (+2/-2) | registry/new-york-v4/ui/pdf-thumbnail-canvas.tsx (+2/-2) | registry/new-york-v4/ui/pdf-thumbnail-item.tsx (+2/-2) | registry/new-york-v4/ui/pdf-thumbnail-rail.tsx (+2/-2) | registry/new-york-v4/ui/pdf-viewer-page.tsx (+2/-2) | registry/new-york-v4/ui/use-pdf-thumbnail-page-metrics.ts (+2/-2),"Touched PDF-related categories: PDF related, page canvas rendering, thumbnail UI, viewer entrypoint. Files: components/file-thumbnail/renderers/pdf-thumbnail.tsx | registry/new-york-v4/ui/pdf-thumbnail-canvas.tsx | registry/new-york-v4/ui/pdf-thumbnail-item.tsx | registry/new-york-v4/ui/pdf-thumbnail-rail.tsx | registry/new-york-v4/ui/pdf-thumbnail-sidebar.tsx | registry/new-york-v4/ui/pdf-viewer-context.tsx | registry/new-york-v4/ui/pdf-viewer-page.tsx | registry/new-york-v4/ui/pdf-viewer.tsx","P3 PDF core touched, but no obvious low/high-res mechanism."
106,2026-06-14,2026-06-14T03:36:48+02:00,2ad063c,2ad063c0c789e1f64d413a44a8a8b854cdb23161,split dropzone examples,Sacha Ichbiah,1,parent,9,332,235,567,registry blocks: 8 files / 535 LOC; tests: 1 files / 32 LOC,0,0,0,0,0,0,,,No PDF viewer path changes.,No PDF relevance.
107,2026-06-14,2026-06-14T03:37:16+02:00,f1397ce,f1397cefeaef7aedc91b4a75be98c8af0d8ea9eb,refine data cell primitives,Sacha Ichbiah,1,parent,33,3700,582,4282,tmp: 1 files / 1672 LOC; registry ui: 9 files / 1542 LOC; components: 11 files / 499 LOC; tests: 11 files / 295 LOC; scripts: 1 files / 274 LOC,0,0,0,0,0,0,,,No PDF viewer path changes.,No PDF relevance.
108,2026-06-14,2026-06-14T03:37:38+02:00,67ad19d,67ad19dffe69f0f944a61478b2351c84dcc72570,rework pretext markdown viewer,Sacha Ichbiah,1,parent,22,4106,688,4794,registry ui: 8 files / 2193 LOC; tests: 8 files / 1988 LOC; components: 3 files / 373 LOC; design: 2 files / 193 LOC; docs: 1 files / 47 LOC,0,0,0,0,0,0,,,No PDF viewer path changes.,No PDF relevance.
109,2026-06-14,2026-06-14T03:38:02+02:00,75c8256,75c825688e33d390618a5712403d3531a1769715,add viewer blueprints,Sacha Ichbiah,1,parent,13,7520,6,7526,design: 13 files / 7526 LOC,0,0,0,0,0,0,,,No PDF viewer path changes.,No PDF relevance.
110,2026-06-14,2026-06-14T03:38:14+02:00,aee76d5,aee76d5b52d2bc7803648812e32768e154f60db2,update registry output,Sacha Ichbiah,1,parent,41,1796,158,1954,registry json: 37 files / 1281 LOC; registry.json: 1 files / 590 LOC; scripts: 2 files / 79 LOC; package.json: 1 files / 4 LOC,0,0,0,0,4,44,registry output; thumbnail UI,public/r/pdf-viewer.json (+8/-8) | public/r/pdf-thumbnail-sidebar.json (+5/-5) | public/r/pdf-thumbnails-block.json (+5/-5) | public/r/pdf-document-resource.json (+7/-1),Added async page metric preloading for page sizes. Regenerated registry JSON output. Files: public/r/pdf-document-resource.json | public/r/pdf-thumbnail-sidebar.json | public/r/pdf-thumbnails-block.json | public/r/pdf-viewer.json,P4 PDF-adjacent only.
111,2026-06-14,2026-06-14T03:38:41+02:00,8e2c4d2,8e2c4d2b51878a2a25dd69a64748cdebba3e85f2,polish primitive models,Sacha Ichbiah,1,parent,4,111,19,130,registry ui: 2 files / 93 LOC; tests: 2 files / 37 LOC,0,0,0,0,0,0,,,No PDF viewer path changes.,No PDF relevance.
112,2026-06-14,2026-06-14T03:39:07+02:00,fbb5134,fbb51345db70e02b577d4cd3151036d266e33944,sync final docs and registry,Sacha Ichbiah,1,parent,6,28,12,40,tests: 1 files / 16 LOC; design: 2 files / 14 LOC; registry json: 2 files / 8 LOC; docs: 1 files / 2 LOC,0,0,0,0,0,0,,,No PDF viewer path changes.,No PDF relevance.
113,2026-06-14,2026-06-14T03:40:48+02:00,bbfcad0,bbfcad0773d7bc933a763e01b186377075d8b6f0,split data cell display projection,Sacha Ichbiah,1,parent,7,144,110,254,registry ui: 2 files / 212 LOC; registry json: 2 files / 13 LOC; tests: 1 files / 13 LOC; design: 1 files / 11 LOC; registry.json: 1 files / 5 LOC,0,0,0,0,0,0,,,No PDF viewer path changes.,No PDF relevance.
114,2026-06-14,2026-06-14T03:41:32+02:00,1c11906,1c11906c400e01533c2f5bd41c08c98bd26b1ddd,track pretext list metadata,Sacha Ichbiah,1,parent,5,49,2,51,tests: 2 files / 27 LOC; registry ui: 2 files / 20 LOC; registry json: 1 files / 4 LOC,0,0,0,0,0,0,,,No PDF viewer path changes.,No PDF relevance.
115,2026-06-14,2026-06-14T07:48:25+02:00,6223625,622362571942356a49af09ade5fc92b47df25048,update viewer system,Sacha Ichbiah,1,parent,22,1886,262,2148,design: 4 files / 1270 LOC; registry ui: 8 files / 652 LOC; tests: 5 files / 194 LOC; registry json: 3 files / 18 LOC; docs: 1 files / 10 LOC; registry: 1 files / 4 LOC,0,0,0,0,1,2,registry output,public/r/pdf-document-resource.json (+1/-1),Regenerated registry JSON output. Files: public/r/pdf-document-resource.json,P4 PDF-adjacent only.
116,2026-06-14,2026-06-14T08:19:00+02:00,29e3d44,29e3d44e071acde744b6f8b80ef0a3f9525ce611,finish viewer system coherence,Sacha Ichbiah,1,parent,79,7345,3248,10593,tmp: 1 files / 2771 LOC; design: 6 files / 2296 LOC; registry ui: 15 files / 1555 LOC; tests: 24 files / 1144 LOC; components: 23 files / 1013 LOC; registry json: 5 files / 777 LOC; registry.json: 1 files / 739 LOC; scripts: 2 files / 280 LOC,0,0,0,0,4,4,tests,tests/pdf-viewer-interactions.test.tsx (+1/-0) | tests/pdf-viewer-resource.test.ts (+1/-0) | tests/pdf-viewer-switching.test.tsx (+1/-0) | tests/pdf-viewer.test.tsx (+1/-0),Updated PDF tests. Files: tests/pdf-viewer-interactions.test.tsx | tests/pdf-viewer-resource.test.ts | tests/pdf-viewer-switching.test.tsx | tests/pdf-viewer.test.tsx,P4 PDF-adjacent only.
117,2026-06-14,2026-06-14T09:50:13+02:00,a06ac90,a06ac90977396d2a7a24edb6f3a56f57d85b91e9,update viewers,Sacha Ichbiah,1,parent,188,18132,3739,21871,design: 17 files / 9069 LOC; components: 61 files / 3495 LOC; tests: 34 files / 3055 LOC; registry ui: 30 files / 2975 LOC; tmp: 1 files / 1594 LOC; pnpm-lock.yaml: 1 files / 899 LOC; registry json: 26 files / 214 LOC; registry blocks: 7 files / 196 LOC,1,3,0,3,4,18,registry output; thumbnail UI; viewer entrypoint,registry/new-york-v4/blocks/pdf-thumbnails-block.tsx (+4/-3) | public/r/pdf-viewer.json (+3/-3) | registry/new-york-v4/ui/pdf-viewer.tsx (+3/-0) | public/r/pdf-thumbnails-block.json (+1/-1),Regenerated registry JSON output. Files: public/r/pdf-thumbnails-block.json | public/r/pdf-viewer.json | registry/new-york-v4/blocks/pdf-thumbnails-block.tsx | registry/new-york-v4/ui/pdf-viewer.tsx,"P3 PDF core touched, but no obvious low/high-res mechanism."
118,2026-06-14,2026-06-14T13:03:20+02:00,becabfc,becabfc61e501534e5f50f5b4ead9a9c1a23be57,save worktree,Sacha Ichbiah,1,parent,278,63371,7215,70586,tmp: 2 files / 30122 LOC; design: 28 files / 18967 LOC; registry ui: 85 files / 9261 LOC; tests: 53 files / 7342 LOC; scripts: 4 files / 1730 LOC; components: 34 files / 1489 LOC; registry json: 34 files / 708 LOC; docs: 14 files / 478 LOC,3,13,14,27,14,185,design notes; docs; registry output; tests; thumbnail UI; viewer entrypoint,tests/pdf-viewer.test.tsx (+36/-36) | registry/new-york-v4/ui/pdf-viewer-thumbnails.tsx (+9/-13) | public/r/pdf-thumbnails-block.json (+7/-7) | public/r/pdf-viewer-thumbnails.json (+7/-7) | public/r/pdf-viewer.json (+7/-7) | registry/new-york-v4/blocks/pdf-thumbnails-block.tsx (+8/-5) | content/docs/viewers/pdf-viewer.mdx (+8/-4) | design/pdf-viewer-system-diagram.md (+3/-3) | e2e/pdf-thumbnail-sidebar.spec.ts (+2/-2) | public/r/pdf-document-resource.json (+2/-2) | components/ui/pdf-thumbnail-sidebar.tsx (+0/-3) | components/ui/pdf-viewer-thumbnails.tsx (+3/-0) | registry/new-york-v4/ui/pdf-thumbnail-rail.tsx (+1/-1) | registry/new-york-v4/ui/pdf-viewer.tsx (+1/-1),Added async page metric preloading for page sizes. Updated PDF tests. Regenerated registry JSON output. Files: components/ui/pdf-thumbnail-sidebar.tsx | components/ui/pdf-viewer-thumbnails.tsx | design/pdf-viewer-system-diagram.md | public/r/pdf-document-resource.json | public/r/pdf-thumbnails-block.json | public/r/pdf-viewer-thumbnails.json | public/r/pdf-viewer.json | registry/new-york-v4/blocks/pdf-thumbnails-block.tsx | registry/new-york-v4/ui/pdf-thumbnail-rail.tsx | registry/new-york-v4/ui/pdf-viewer-thumbnails.tsx | registry/new-york-v4/ui/pdf-viewer.tsx | tests/pdf-viewer.test.tsx,"P3 PDF core touched, but no obvious low/high-res mechanism."
119,2026-06-14,2026-06-14T14:49:53+02:00,887b35a,887b35a1d68c375a69d305adf879fb3734ae8753,update tree,Sacha Ichbiah,1,parent,157,15125,6324,21449,tmp: 1 files / 7400 LOC; design: 10 files / 4530 LOC; registry ui: 45 files / 3162 LOC; tests: 21 files / 3018 LOC; components: 30 files / 1539 LOC; scripts: 3 files / 648 LOC; registry blocks: 6 files / 375 LOC; docs: 9 files / 295 LOC,0,0,0,0,3,26,registry output; tests; thumbnail UI,e2e/pdf-thumbnail-sidebar.spec.ts (+22/-0) | public/r/pdf-viewer.json (+1/-1) | tests/pdf-viewer.test.tsx (+1/-1),Updated PDF tests. Regenerated registry JSON output. Files: public/r/pdf-viewer.json | tests/pdf-viewer.test.tsx,P4 PDF-adjacent only.
120,2026-06-14,2026-06-14T17:17:25+02:00,666ec0c,666ec0c9875875d61497717161652113de7d637a,updates,Sacha Ichbiah,1,parent,352,54533,8774,63307,design: 36 files / 28150 LOC; registry ui: 100 files / 11181 LOC; tests: 29 files / 6334 LOC; tmp: 1 files / 5957 LOC; components ui: 66 files / 3647 LOC; components: 36 files / 2895 LOC; scripts: 6 files / 1510 LOC; registry json: 47 files / 1219 LOC,14,658,218,876,25,2300,PDF related; design notes; docs; loading / error states; page canvas rendering; public types; registry output; scroll state; tests; thumbnail UI; viewer entrypoint; virtualization; zoom / DPR,design/pdf-thumbnails-platonic-gap-blueprint.md (+630/-0) | components/ui/pdf-viewer.tsx (+503/-1) | design/pdf-viewer-header-composition-blueprint.md (+492/-0) | tests/pdf-viewer.test.tsx (+112/-51) | registry/new-york-v4/ui/pdf-viewer-toolbar.tsx (+0/-103) | e2e/pdf-thumbnail-sidebar.spec.ts (+63/-12) | registry/new-york-v4/ui/pdf-viewer-thumbnails.tsx (+46/-27) | registry/new-york-v4/ui/pdf-viewer.tsx (+52/-21) | registry/new-york-v4/ui/pdf-viewer-states.tsx (+2/-50) | components/ui/pdf-viewer-states.tsx (+48/-0) | content/docs/viewers/pdf-viewer.mdx (+19/-3) | public/r/pdf-viewer.json (+8/-13) | registry/new-york-v4/ui/pdf-viewer-context.tsx (+0/-16) | public/r/pdf-thumbnails-block.json (+3/-3) | registry/new-york-v4/blocks/pdf-thumbnails-block.tsx (+4/-2) | public/r/pdf-viewer-thumbnails.json (+2/-2) | public/r/pdf-anchor-target.json (+2/-1) | registry/new-york-v4/ui/pdf-thumbnail-rail.tsx (+1/-1) | components/ui/pdf-viewer-context.tsx (+1/-0) | components/ui/pdf-viewer-page-sizes.ts (+1/-0) | components/ui/pdf-viewer-page.tsx (+1/-0) | components/ui/pdf-viewer-scale.ts (+1/-0) | components/ui/pdf-viewer-scroll.ts (+1/-0) | components/ui/pdf-viewer-types.ts (+1/-0) | components/ui/pdf-viewer-virtualization.ts (+1/-0),Added async page metric preloading for page sizes. Changed page virtualization/windowing. Changed page scroll tracking/navigation. Updated PDF tests. Regenerated registry JSON output. Files: components/ui/pdf-viewer-context.tsx | components/ui/pdf-viewer-page-sizes.ts | components/ui/pdf-viewer-page.tsx | components/ui/pdf-viewer-scale.ts | components/ui/pdf-viewer-scroll.ts | components/ui/pdf-viewer-states.tsx | components/ui/pdf-viewer-types.ts | components/ui/pdf-viewer-virtualization.ts | components/ui/pdf-viewer.tsx | design/pdf-viewer-header-composition-blueprint.md | public/r/pdf-anchor-target.json | public/r/pdf-thumbnails-block.json | public/r/pdf-viewer-thumbnails.json | public/r/pdf-viewer.json | registry/new-york-v4/blocks/pdf-thumbnails-block.tsx | registry/new-york-v4/ui/pdf-thumbnail-rail.tsx | registry/new-york-v4/ui/pdf-viewer-context.tsx | registry/new-york-v4/ui/pdf-viewer-states.tsx | registry/new-york-v4/ui/pdf-viewer-thumbnails.tsx | registry/new-york-v4/ui/pdf-viewer-toolbar.tsx | registry/new-york-v4/ui/pdf-viewer.tsx | tests/pdf-viewer.test.tsx,P2 large PDF core change; inspect if reverting beyond focused fix.
121,2026-06-14,2026-06-14T17:33:26+02:00,7acc795,7acc7958d543cc6171d0d0655dac35dcedd7037d,refine viewer composition,Sacha Ichbiah,1,parent,33,1672,1295,2967,tmp: 1 files / 1708 LOC; registry ui: 8 files / 628 LOC; registry blocks: 2 files / 326 LOC; tests: 3 files / 156 LOC; registry json: 13 files / 68 LOC; components: 2 files / 38 LOC; design: 3 files / 27 LOC; registry.json: 1 files / 16 LOC,0,0,0,0,2,4,registry output; thumbnail UI,public/r/pdf-thumbnails-block.json (+1/-1) | public/r/pdf-viewer.json (+1/-1),Regenerated registry JSON output. Files: public/r/pdf-thumbnails-block.json | public/r/pdf-viewer.json,P4 PDF-adjacent only.
122,2026-06-14,2026-06-14T18:06:45+02:00,4f36fb3,4f36fb3188870b8d92847cbe6a4f3ffc6069075c,update viewer system,Sacha Ichbiah,1,parent,25,1774,747,2521,design: 2 files / 2164 LOC; tests: 5 files / 202 LOC; registry ui: 4 files / 102 LOC; components: 4 files / 26 LOC; registry json: 8 files / 18 LOC; registry blocks: 1 files / 8 LOC; AGENTS.md: 1 files / 1 LOC,1,89,1,90,3,190,registry output; scroll state; tests,tests/pdf-viewer-scroll.test.tsx (+98/-0) | registry/new-york-v4/ui/pdf-viewer-scroll.ts (+89/-1) | public/r/pdf-viewer.json (+1/-1),Changed scroll anchor preservation across layout changes. Changed page scroll tracking/navigation. Updated PDF tests. Regenerated registry JSON output. Files: public/r/pdf-viewer.json | registry/new-york-v4/ui/pdf-viewer-scroll.ts | tests/pdf-viewer-scroll.test.tsx,"P3 PDF core touched, but no obvious low/high-res mechanism."
123,2026-06-14,2026-06-14T21:57:09+02:00,f6dfad5,f6dfad50930aca0b931189c5c956092c9175f003,update viewer system,Sacha Ichbiah,1,parent,35,2114,153,2267,design: 1 files / 971 LOC; registry ui: 14 files / 661 LOC; tests: 12 files / 540 LOC; registry json: 1 files / 26 LOC; registry.json: 1 files / 26 LOC; components ui: 1 files / 17 LOC; lib: 1 files / 13 LOC; registry blocks: 2 files / 9 LOC,0,0,0,0,3,131,tests; thumbnail UI,tests/pdf-viewer.test.tsx (+123/-0) | registry/new-york-v4/blocks/pdf-thumbnails-block.tsx (+2/-2) | tests/pdf-viewer-scroll.test.tsx (+2/-2),Updated PDF tests. Files: registry/new-york-v4/blocks/pdf-thumbnails-block.tsx | tests/pdf-viewer-scroll.test.tsx | tests/pdf-viewer.test.tsx,P4 PDF-adjacent only.
124,2026-06-15,2026-06-15T02:41:35+02:00,ea4553f,ea4553f2f4aaaae64dc819ad52aba06911d1be7a,clean viewer system,Sacha Ichbiah,1,parent,249,9254,5311,14565,registry ui: 61 files / 4005 LOC; design: 12 files / 3815 LOC; tests: 26 files / 2530 LOC; components: 30 files / 1343 LOC; docs: 20 files / 1172 LOC; registry blocks: 21 files / 647 LOC; registry json: 54 files / 471 LOC; lib: 2 files / 160 LOC,3,51,24,75,11,162,docs; registry output; tests; thumbnail UI; viewer entrypoint,tests/pdf-viewer.test.tsx (+29/-2) | components/ui/pdf-viewer.tsx (+19/-11) | registry/new-york-v4/ui/pdf-viewer.tsx (+19/-11) | registry/new-york-v4/ui/pdf-thumbnail-layout.ts (+17/-1) | registry/new-york-v4/ui/pdf-viewer-thumbnails.tsx (+13/-2) | public/r/pdf-viewer.json (+6/-6) | public/r/pdf-thumbnails-block.json (+4/-4) | public/r/pdf-viewer-thumbnails.json (+3/-3) | registry/new-york-v4/blocks/pdf-thumbnails-block.tsx (+2/-4) | content/docs/viewers/pdf-viewer.mdx (+3/-1) | registry/new-york-v4/ui/pdf-thumbnail-item.tsx (+1/-1),Added async page metric preloading for page sizes. Changed scroll anchor preservation across layout changes. Updated PDF tests. Regenerated registry JSON output. Files: components/ui/pdf-viewer.tsx | public/r/pdf-thumbnails-block.json | public/r/pdf-viewer-thumbnails.json | public/r/pdf-viewer.json | registry/new-york-v4/blocks/pdf-thumbnails-block.tsx | registry/new-york-v4/ui/pdf-thumbnail-item.tsx | registry/new-york-v4/ui/pdf-thumbnail-layout.ts | registry/new-york-v4/ui/pdf-viewer-thumbnails.tsx | registry/new-york-v4/ui/pdf-viewer.tsx | tests/pdf-viewer.test.tsx,"P3 PDF core touched, but no obvious low/high-res mechanism."
125,2026-06-15,2026-06-15T11:16:40+02:00,005ce68,005ce68c26c36324522532b345779f7538cc8940,update viewer system,Sacha Ichbiah,1,parent,26,2904,86,2990,design: 3 files / 1944 LOC; tests: 7 files / 544 LOC; components: 7 files / 400 LOC; registry blocks: 1 files / 41 LOC; registry ui: 1 files / 33 LOC; registry json: 7 files / 28 LOC,1,26,7,33,3,60,PDF related; registry output; tests,registry/new-york-v4/ui/pdf-viewer-context.tsx (+26/-7) | tests/pdf-viewer.test.tsx (+25/-0) | public/r/pdf-viewer.json (+1/-1),Updated PDF tests. Regenerated registry JSON output. Files: public/r/pdf-viewer.json | registry/new-york-v4/ui/pdf-viewer-context.tsx | tests/pdf-viewer.test.tsx,"P3 PDF core touched, but no obvious low/high-res mechanism."
126,2026-06-15,2026-06-15T19:15:55+02:00,9dd2160,9dd2160a1870ccfc2965c9e5469df702013289a3,refine viewer system,Sacha Ichbiah,1,parent,86,5414,15714,21128,design: 26 files / 17769 LOC; tests: 10 files / 1019 LOC; registry blocks: 6 files / 868 LOC; components: 13 files / 852 LOC; registry ui: 8 files / 359 LOC; registry json: 17 files / 146 LOC; registry.json: 1 files / 49 LOC; components ui: 2 files / 39 LOC,5,61,195,256,7,306,PDF related; registry output; tests; viewer entrypoint,registry/new-york-v4/ui/pdf-viewer-context.tsx (+7/-146) | tests/pdf-viewer.test.tsx (+15/-25) | components/ui/pdf-viewer.tsx (+19/-14) | registry/new-york-v4/ui/pdf-viewer.tsx (+19/-14) | registry/new-york-v4/ui/pdf-viewer-internal-context.tsx (+10/-21) | public/r/pdf-viewer.json (+8/-2) | components/ui/pdf-viewer-internal-context.tsx (+6/-0),Updated PDF tests. Regenerated registry JSON output. Files: components/ui/pdf-viewer-internal-context.tsx | components/ui/pdf-viewer.tsx | public/r/pdf-viewer.json | registry/new-york-v4/ui/pdf-viewer-context.tsx | registry/new-york-v4/ui/pdf-viewer-internal-context.tsx | registry/new-york-v4/ui/pdf-viewer.tsx | tests/pdf-viewer.test.tsx,"P3 PDF core touched, but no obvious low/high-res mechanism."
127,2026-06-15,2026-06-15T20:05:00+02:00,a38a15b,a38a15b544f198cfac32c6f67fcc75ab25647b53,refine viewer primitives,Sacha Ichbiah,1,parent,59,1734,2026,3760,tests: 10 files / 1140 LOC; registry ui: 12 files / 999 LOC; design: 2 files / 640 LOC; components: 8 files / 516 LOC; registry json: 17 files / 200 LOC; components ui: 6 files / 183 LOC; registry.json: 1 files / 68 LOC; docs: 1 files / 9 LOC,5,149,168,317,8,350,PDF related; registry output; tests; viewer entrypoint,registry/new-york-v4/ui/pdf-viewer-context.tsx (+131/-7) | registry/new-york-v4/ui/pdf-viewer-internal-context.tsx (+0/-137) | public/r/pdf-anchor-target.json (+0/-21) | components/ui/pdf-viewer.tsx (+9/-9) | registry/new-york-v4/ui/pdf-viewer.tsx (+9/-9) | public/r/pdf-viewer.json (+2/-8) | components/ui/pdf-viewer-internal-context.tsx (+0/-6) | tests/pdf-viewer.test.tsx (+1/-1),Updated PDF tests. Regenerated registry JSON output. Files: components/ui/pdf-viewer-internal-context.tsx | components/ui/pdf-viewer.tsx | public/r/pdf-anchor-target.json | public/r/pdf-viewer.json | registry/new-york-v4/ui/pdf-viewer-context.tsx | registry/new-york-v4/ui/pdf-viewer-internal-context.tsx | registry/new-york-v4/ui/pdf-viewer.tsx | tests/pdf-viewer.test.tsx,"P3 PDF core touched, but no obvious low/high-res mechanism."
128,2026-06-16,2026-06-16T00:49:25+02:00,4dfefef,4dfefef0385c854abc279a3ab327fa4045cb1f84,refine viewer internals,Sacha Ichbiah,1,parent,104,8849,2356,11205,design: 14 files / 6988 LOC; registry ui: 14 files / 1325 LOC; components: 14 files / 1087 LOC; tests: 8 files / 769 LOC; components ui: 3 files / 551 LOC; registry json: 29 files / 136 LOC; docs: 1 files / 123 LOC; mdx-components.tsx: 1 files / 103 LOC,7,390,1264,1654,10,1899,PDF related; design notes; public types; registry output; tests; viewer composition; viewer entrypoint,components/ui/pdf-viewer.tsx (+1/-518) | registry/new-york-v4/ui/pdf-viewer-content.tsx (+193/-287) | registry/new-york-v4/ui/pdf-viewer.tsx (+18/-426) | registry/new-york-v4/ui/pdf-viewer-context.tsx (+132/-33) | tests/pdf-viewer.test.tsx (+115/-0) | design/pdf-viewer-viewport-registration-decision.md (+112/-0) | registry/new-york-v4/ui/pdf-viewer-viewport.tsx (+32/-0) | public/r/pdf-viewer.json (+15/-3) | registry/new-york-v4/ui/pdf-viewer-types.ts (+13/-0) | components/ui/pdf-viewer-content.tsx (+1/-0),Updated PDF tests. Regenerated registry JSON output. Files: components/ui/pdf-viewer-content.tsx | components/ui/pdf-viewer.tsx | design/pdf-viewer-viewport-registration-decision.md | public/r/pdf-viewer.json | registry/new-york-v4/ui/pdf-viewer-content.tsx | registry/new-york-v4/ui/pdf-viewer-context.tsx | registry/new-york-v4/ui/pdf-viewer-types.ts | registry/new-york-v4/ui/pdf-viewer-viewport.tsx | registry/new-york-v4/ui/pdf-viewer.tsx | tests/pdf-viewer.test.tsx,P2 large PDF core change; inspect if reverting beyond focused fix.
129,2026-06-16,2026-06-16T12:20:40+02:00,cb96687,cb9668797df56f572e55b34789d129d1a9506010,update viewer controls,Sacha Ichbiah,1,parent,226,19329,3392,22721,design: 17 files / 12336 LOC; registry ui: 53 files / 3445 LOC; tests: 44 files / 2106 LOC; registry json: 34 files / 1368 LOC; registry blocks: 17 files / 1120 LOC; registry.json: 1 files / 973 LOC; components: 21 files / 535 LOC; components ui: 17 files / 488 LOC,7,92,201,293,14,624,PDF related; benchmark; docs; loading / error states; public types; registry output; tests; thumbnail UI; viewer composition; viewer entrypoint,tests/pdf-viewer.test.tsx (+99/-60) | registry/new-york-v4/ui/pdf-viewer-context.tsx (+14/-100) | content/docs/viewers/pdf-viewer.mdx (+53/-43) | registry/new-york-v4/ui/pdf-viewer-content.tsx (+38/-29) | registry/new-york-v4/ui/pdf-viewer.tsx (+32/-19) | registry/new-york-v4/blocks/pdf-thumbnails-block.tsx (+27/-21) | registry/new-york-v4/ui/pdf-viewer-viewport.tsx (+0/-32) | public/r/pdf-viewer.json (+7/-12) | registry/new-york-v4/ui/pdf-viewer-types.ts (+0/-13) | components/ui/pdf-viewer-states.tsx (+4/-4) | registry/new-york-v4/ui/pdf-viewer-states.tsx (+4/-4) | tests/pdf-viewer-interactions.test.tsx (+2/-2) | public/r/pdf-thumbnails-block.json (+2/-1) | app/(view)/pdf-viewer-benchmark/pdf-viewer-benchmark-client.tsx (+1/-1),Updated PDF tests. Regenerated registry JSON output. Updated PDF benchmark harness. Files: app/(view)/pdf-viewer-benchmark/pdf-viewer-benchmark-client.tsx | components/ui/pdf-viewer-states.tsx | public/r/pdf-thumbnails-block.json | public/r/pdf-viewer.json | registry/new-york-v4/blocks/pdf-thumbnails-block.tsx | registry/new-york-v4/ui/pdf-viewer-content.tsx | registry/new-york-v4/ui/pdf-viewer-context.tsx | registry/new-york-v4/ui/pdf-viewer-states.tsx | registry/new-york-v4/ui/pdf-viewer-types.ts | registry/new-york-v4/ui/pdf-viewer-viewport.tsx | registry/new-york-v4/ui/pdf-viewer.tsx | tests/pdf-viewer-interactions.test.tsx | tests/pdf-viewer.test.tsx,"P3 PDF core touched, but no obvious low/high-res mechanism."
130,2026-06-16,2026-06-16T12:29:17+02:00,977f3c5,977f3c5346a892e860d5ff5bfbd4e589afc7764a,update blocks,Sacha Ichbiah,1,parent,10,888,128,1016,design: 2 files / 810 LOC; docs: 4 files / 133 LOC; registry blocks: 2 files / 65 LOC; components: 2 files / 8 LOC,0,0,0,0,0,0,,,No PDF viewer path changes.,No PDF relevance.
131,2026-06-16,2026-06-16T12:29:58+02:00,4f629c8,4f629c86d58c7813c5e223eae6f429143a88297d,update viewer architecture,Sacha Ichbiah,1,parent,2,20,17,37,tests: 1 files / 25 LOC; registry blocks: 1 files / 12 LOC,0,0,0,0,0,0,,,No PDF viewer path changes.,No PDF relevance.
132,2026-06-16,2026-06-16T12:39:22+02:00,cd4092a,cd4092ab0cc40e2d292ad09624dd3706b0412395,fix json-table header alignment; commit working tree,Sacha Ichbiah,1,parent,14,547,48,595,registry blocks: 7 files / 311 LOC; tests: 2 files / 215 LOC; docs: 1 files / 38 LOC; components: 2 files / 27 LOC; registry json: 2 files / 4 LOC,0,0,0,0,0,0,,,No PDF viewer path changes.,No PDF relevance.
133,2026-06-16,2026-06-16T12:50:20+02:00,9072e88,9072e88484725de2a104f84ba252fcbcad550e4b,Merge pull request #1 from retab-inc/codex/blocks-abstractions-20260616-122904,Sacha Ichbiah,2,first parent of merge,20,1385,123,1508,design: 2 files / 810 LOC; registry blocks: 7 files / 256 LOC; tests: 2 files / 234 LOC; docs: 4 files / 171 LOC; components: 3 files / 33 LOC; registry json: 2 files / 4 LOC,0,0,0,0,0,0,,,No PDF viewer path changes.,No PDF relevance.
134,2026-06-16,2026-06-16T15:41:53+02:00,79243fd,79243fd2e554b93c08934b3320a16672b7807d83,update viewer blocks,Sacha Ichbiah,1,parent,127,10149,1282,11431,design: 7 files / 4005 LOC; registry ui: 26 files / 2269 LOC; sample: 2 files / 2269 LOC; tests: 7 files / 1260 LOC; registry blocks: 27 files / 804 LOC; components ui: 5 files / 319 LOC; components: 11 files / 178 LOC; registry json: 28 files / 169 LOC,2,10,3,13,5,21,registry output; thumbnail UI; viewer composition; viewer entrypoint,registry/new-york-v4/ui/pdf-viewer.tsx (+5/-2) | registry/new-york-v4/ui/pdf-viewer-content.tsx (+5/-1) | public/r/pdf-viewer.json (+2/-2) | public/r/pdf-thumbnails-block.json (+1/-1) | registry/new-york-v4/blocks/pdf-thumbnails-block.tsx (+1/-1),Regenerated registry JSON output. Files: public/r/pdf-thumbnails-block.json | public/r/pdf-viewer.json | registry/new-york-v4/blocks/pdf-thumbnails-block.tsx | registry/new-york-v4/ui/pdf-viewer-content.tsx | registry/new-york-v4/ui/pdf-viewer.tsx,"P3 PDF core touched, but no obvious low/high-res mechanism."
135,2026-06-16,2026-06-16T17:13:22+02:00,0188922,0188922a8c89f33e2a271652c664f4e3a45d279b,update viewer docs,Sacha Ichbiah,1,parent,146,9710,3998,13708,registry ui: 28 files / 6921 LOC; design: 5 files / 3534 LOC; docs: 35 files / 1023 LOC; tests: 10 files / 759 LOC; components: 28 files / 575 LOC; registry blocks: 11 files / 514 LOC; registry json: 18 files / 121 LOC; mdx-components.tsx: 1 files / 99 LOC,0,0,0,0,3,13,PDF related; docs; registry output,content/docs/components/file-viewer/pdf-viewer.mdx (+7/-2) | components/pdf-viewer-demo.tsx (+1/-1) | public/r/pdf-viewer.json (+1/-1),Regenerated registry JSON output. Files: components/pdf-viewer-demo.tsx | public/r/pdf-viewer.json,P4 PDF-adjacent only.
136,2026-06-17,2026-06-17T08:18:17+02:00,384910a,384910a38e18257e03fa334fecf7b7fcd32cf11a,commit working tree: pretext markdown viewer scroll fix + registry migration,Sacha Ichbiah,1,parent,210,644870,22054,666924,sample: 2 files / 613034 LOC; registry ui: 36 files / 17337 LOC; pnpm-lock.yaml: 1 files / 13430 LOC; tests: 39 files / 6024 LOC; components: 36 files / 5728 LOC; tmp: 1 files / 5481 LOC; design: 5 files / 2241 LOC; scripts: 7 files / 2066 LOC,0,0,0,0,4,103,PDF related; docs; registry output,components/pdf-viewer-demo.tsx (+49/-9) | content/docs/components/file-viewer/navigation/file-viewer-thumbnails.mdx (+33/-0) | content/docs/components/file-viewer/renderers/pdf.mdx (+7/-3) | public/r/pdf-viewer.json (+1/-1),Regenerated registry JSON output. Updated PDF docs. Files: components/pdf-viewer-demo.tsx | content/docs/components/file-viewer/navigation/file-viewer-thumbnails.mdx | content/docs/components/file-viewer/renderers/pdf.mdx | public/r/pdf-viewer.json,P4 PDF-adjacent only.
137,2026-06-17,2026-06-17T09:10:41+02:00,7f8e651,7f8e651afc4bfccebe2d3c35e5f70ab27c37ff3c,update components,Sacha Ichbiah,1,parent,72,3719,2921,6640,components: 22 files / 3058 LOC; design: 3 files / 1561 LOC; scripts: 4 files / 869 LOC; registry ui: 9 files / 390 LOC; docs: 12 files / 375 LOC; tests: 7 files / 256 LOC; registry json: 12 files / 78 LOC; registry: 2 files / 51 LOC,0,0,0,0,3,32,docs; registry output,content/docs/components/file-viewer/navigation/file-viewer-thumbnails.mdx (+26/-2) | public/r/pdf-document-resource.json (+1/-1) | public/r/pdf-viewer.json (+1/-1),Regenerated registry JSON output. Updated PDF docs. Files: content/docs/components/file-viewer/navigation/file-viewer-thumbnails.mdx | public/r/pdf-document-resource.json | public/r/pdf-viewer.json,P4 PDF-adjacent only.
138,2026-06-17,2026-06-17T09:11:27+02:00,38bfc64,38bfc64d14522930468d3ca8eb91d047c83a300a,update scalar controls,Sacha Ichbiah,1,parent,4,18,40,58,components: 4 files / 58 LOC,0,0,0,0,0,0,,,No PDF viewer path changes.,No PDF relevance.
139,2026-06-17,2026-06-17T12:14:28+02:00,8d06505,8d065051ed48070b5533ca80c73293963310f98f,Pretext Markdown viewer: gold-standard polish + component-tag fix,Sacha Ichbiah,1,parent,57,1823,1449,3272,components: 18 files / 1030 LOC; tests: 9 files / 948 LOC; design: 2 files / 654 LOC; registry ui: 6 files / 329 LOC; registry blocks: 8 files / 162 LOC; scripts: 1 files / 113 LOC; registry json: 11 files / 28 LOC; tmp: 1 files / 6 LOC,0,0,0,0,0,0,,,No PDF viewer path changes.,No PDF relevance.
140,2026-06-17,2026-06-17T12:31:27+02:00,622fbc3,622fbc375bb1c5dd5f552983cc5c9ad683f5436e,Pretext Markdown viewer: highlight in-app search matches,Sacha Ichbiah,1,parent,4,161,5,166,registry ui: 2 files / 87 LOC; tests: 1 files / 75 LOC; registry json: 1 files / 4 LOC,0,0,0,0,0,0,,,No PDF viewer path changes.,No PDF relevance.
141,2026-06-17,2026-06-17T12:47:28+02:00,0db75c1,0db75c1f7ac7a3ac6456ed9d11984e652c5fb435,Pretext Markdown viewer: make zoom actually resize rendered text,Sacha Ichbiah,1,parent,4,59,3,62,tests: 1 files / 45 LOC; registry ui: 2 files / 13 LOC; registry json: 1 files / 4 LOC,0,0,0,0,0,0,,,No PDF viewer path changes.,No PDF relevance.
142,2026-06-17,2026-06-17T12:58:53+02:00,0cf97c5,0cf97c55c34723b32c2de3eecdac31ee18c4eeeb,Pretext Markdown viewer: put code blocks (and footnotes/captions) on the zoom em cascade,Sacha Ichbiah,1,parent,3,29,6,35,tests: 1 files / 19 LOC; registry ui: 1 files / 14 LOC; registry json: 1 files / 2 LOC,0,0,0,0,0,0,,,No PDF viewer path changes.,No PDF relevance.
143,2026-06-17,2026-06-17T13:06:25+02:00,85ab654,85ab6544790fd91d8d26e1780b02cb15a6e6e0c7,Pretext Markdown viewer: scale alert/callout/component labels with zoom too,Sacha Ichbiah,1,parent,3,27,9,36,tests: 1 files / 18 LOC; registry ui: 1 files / 16 LOC; registry json: 1 files / 2 LOC,0,0,0,0,0,0,,,No PDF viewer path changes.,No PDF relevance.
144,2026-06-17,2026-06-17T13:08:18+02:00,e8fa70c,e8fa70c4627dbc67f46ea25e17f941d28614a2bc,Pretext Markdown viewer: scale code/image figure captions with zoom,Sacha Ichbiah,1,parent,2,3,3,6,registry ui: 1 files / 4 LOC; registry json: 1 files / 2 LOC,0,0,0,0,0,0,,,No PDF viewer path changes.,No PDF relevance.
145,2026-06-17,2026-06-17T13:44:52+02:00,a6d0d54,a6d0d54d6ca5a2b06f449c8a43a836f2fc25dcda,Pretext Markdown viewer: distinguish the active search match (#1),Sacha Ichbiah,1,parent,4,96,18,114,registry ui: 2 files / 85 LOC; tests: 1 files / 25 LOC; registry json: 1 files / 4 LOC,0,0,0,0,0,0,,,No PDF viewer path changes.,No PDF relevance.
146,2026-06-17,2026-06-17T13:51:50+02:00,e14c786,e14c786fca3b9b47109a7dad86f9d81034a1b6b6,Pretext Markdown viewer: scale spacing with zoom too (#2),Sacha Ichbiah,1,parent,3,26,4,30,registry ui: 1 files / 16 LOC; tests: 1 files / 12 LOC; registry json: 1 files / 2 LOC,0,0,0,0,0,0,,,No PDF viewer path changes.,No PDF relevance.
147,2026-06-17,2026-06-17T14:04:23+02:00,4a46270,4a462705435752d74151164457bf1d46a61700a7,Pretext Markdown viewer: extract the code-highlight engine into its own module (#3),Sacha Ichbiah,1,parent,6,568,541,1109,registry ui: 2 files / 1090 LOC; registry json: 2 files / 13 LOC; registry.json: 1 files / 5 LOC; tests: 1 files / 1 LOC,0,0,0,0,0,0,,,No PDF viewer path changes.,No PDF relevance.
148,2026-06-17,2026-06-17T17:04:30+02:00,ff61873,ff6187331b4cab9dc96cb1bc54fbcea96512769e,Make the greenfield renderer the sole official Markdown renderer,Sacha Ichbiah,1,parent,101,1850,8736,10586,registry ui: 28 files / 4820 LOC; tests: 43 files / 3054 LOC; components ui: 8 files / 932 LOC; components: 3 files / 615 LOC; registry json: 5 files / 485 LOC; docs: 7 files / 418 LOC; registry.json: 1 files / 154 LOC; e2e: 1 files / 42 LOC,0,0,0,0,0,0,,,No PDF viewer path changes.,No PDF relevance.
149,2026-06-17,2026-06-17T17:07:08+02:00,4c17e19,4c17e196d9714bfa6e8062ff6f13e6056870781b,Markdown viewer demo: drop migration-era sample sentence,Sacha Ichbiah,1,parent,1,1,1,2,components: 1 files / 2 LOC,0,0,0,0,0,0,,,No PDF viewer path changes.,No PDF relevance.
150,2026-06-17,2026-06-17T17:10:35+02:00,a11b97c,a11b97cf69812b35d2d6ac9d573e46a432579c57,Commit remaining working-tree changes: docs restructure + viewer test consistency,Sacha Ichbiah,1,parent,17,82,351,433,docs: 15 files / 404 LOC; tests: 1 files / 20 LOC; registry blocks: 1 files / 9 LOC,0,0,0,0,0,0,,,No PDF viewer path changes.,No PDF relevance.
151,2026-06-17,2026-06-17T17:16:06+02:00,cb1845e,cb1845e1ae437d2d2d2e60ba5922006ac6390a6a,Collapse File Viewer header sub-pages into the header page,Sacha Ichbiah,1,parent,4,1,132,133,docs: 4 files / 133 LOC,0,0,0,0,0,0,,,No PDF viewer path changes.,No PDF relevance.
152,2026-06-17,2026-06-17T17:16:40+02:00,529c22a,529c22a8fa97d86b7029c22379670829c03f7eeb,Merge codex/blocks-abstractions-20260616-122904: File Viewer header docs consolidation,Sacha Ichbiah,2,first parent of merge,388,660997,29021,690018,sample: 2 files / 612573 LOC; registry ui: 72 files / 20431 LOC; pnpm-lock.yaml: 1 files / 13430 LOC; tests: 67 files / 11396 LOC; design: 16 files / 9547 LOC; components: 72 files / 7623 LOC; tmp: 1 files / 5481 LOC; scripts: 9 files / 2984 LOC,2,10,3,13,9,161,PDF related; docs; registry output; thumbnail UI; viewer composition; viewer entrypoint,components/pdf-viewer-demo.tsx (+49/-9) | content/docs/components/file-viewer/navigation/file-viewer-thumbnails.mdx (+57/-0) | content/docs/components/file-viewer/renderers/pdf.mdx (+13/-4) | public/r/pdf-viewer.json (+5/-5) | registry/new-york-v4/ui/pdf-viewer.tsx (+5/-2) | registry/new-york-v4/ui/pdf-viewer-content.tsx (+5/-1) | public/r/pdf-document-resource.json (+1/-1) | public/r/pdf-thumbnails-block.json (+1/-1) | registry/new-york-v4/blocks/pdf-thumbnails-block.tsx (+1/-1),Regenerated registry JSON output. Updated PDF docs. Files: components/pdf-viewer-demo.tsx | content/docs/components/file-viewer/navigation/file-viewer-thumbnails.mdx | content/docs/components/file-viewer/renderers/pdf.mdx | public/r/pdf-document-resource.json | public/r/pdf-thumbnails-block.json | public/r/pdf-viewer.json | registry/new-york-v4/blocks/pdf-thumbnails-block.tsx | registry/new-york-v4/ui/pdf-viewer-content.tsx | registry/new-york-v4/ui/pdf-viewer.tsx,"P3 PDF core touched, but no obvious low/high-res mechanism."
153,2026-06-17,2026-06-17T17:17:25+02:00,beda7b3,beda7b3412f82c2936ef69665c99644337e81bac,"Document git workflow: always stay on main, never branch",Sacha Ichbiah,1,parent,2,11,0,11,CLAUDE.md: 1 files / 7 LOC; AGENTS.md: 1 files / 4 LOC,0,0,0,0,0,0,,,No PDF viewer path changes.,No PDF relevance.
154,2026-06-17,2026-06-17T23:30:36+02:00,cd6218a,cd6218aa903f1eb2c25e1200f4bff70acfe4986f,Migrate primitive layer to stock Radix shadcn; fix registry installs; green suite,Sacha Ichbiah,1,parent,221,3675,5760,9435,registry ui: 32 files / 3710 LOC; registry json: 119 files / 2145 LOC; tests: 31 files / 2055 LOC; registry.json: 1 files / 1009 LOC; components: 20 files / 221 LOC; components ui: 8 files / 131 LOC; app: 2 files / 65 LOC; registry blocks: 1 files / 62 LOC,0,0,0,0,5,36,PDF source overlays; registry output; thumbnail UI,public/r/pdf-viewer.json (+9/-9) | public/r/pdf-thumbnails-block.json (+3/-3) | public/r/pdf-viewer-thumbnails.json (+3/-3) | public/r/pdf-source.json (+2/-2) | public/r/pdf-document-resource.json (+1/-1),Regenerated registry JSON output. Files: public/r/pdf-document-resource.json | public/r/pdf-source.json | public/r/pdf-thumbnails-block.json | public/r/pdf-viewer-thumbnails.json | public/r/pdf-viewer.json,P4 PDF-adjacent only.
155,2026-06-18,2026-06-18T12:12:12+02:00,a9b679e,a9b679e7c3cbd89242a3c108d1013121fd0f1f2f,speed up markdown viewer,Sacha Ichbiah,1,parent,17,1734,331,2065,registry ui: 10 files / 1109 LOC; design: 1 files / 446 LOC; scripts: 1 files / 421 LOC; registry json: 2 files / 76 LOC; registry.json: 1 files / 10 LOC; tests: 1 files / 2 LOC; package.json: 1 files / 1 LOC,0,0,0,0,0,0,,,No PDF viewer path changes.,No PDF relevance.
156,2026-06-18,2026-06-18T12:16:18+02:00,5ed850e,5ed850e83aa16cba7c2bc85382b1f951af51a811,speed up pdf viewer,Sacha Ichbiah,1,parent,17,1525,91,1616,registry ui: 10 files / 843 LOC; design: 1 files / 455 LOC; tests: 2 files / 240 LOC; registry json: 2 files / 40 LOC; view routes: 1 files / 28 LOC; registry.json: 1 files / 10 LOC,10,765,78,843,15,1596,benchmark; design notes; layout geometry; page canvas rendering; page metrics; public types; registry output; render scheduler; scroll state; tests; viewer composition; viewer entrypoint; virtualization; zoom / DPR,design/pdf-viewer-render-performance-blueprint.md (+455/-0) | registry/new-york-v4/ui/use-pdf-page-metrics.ts (+272/-0) | tests/pdf-viewer.test.tsx (+220/-1) | registry/new-york-v4/ui/pdf-viewer-render-scheduler.ts (+142/-0) | registry/new-york-v4/ui/pdf-viewer-virtualization.ts (+85/-27) | registry/new-york-v4/ui/pdf-viewer-content.tsx (+86/-12) | registry/new-york-v4/ui/pdf-viewer-layout.ts (+69/-4) | registry/new-york-v4/ui/pdf-viewer-page.tsx (+54/-9) | registry/new-york-v4/ui/pdf-viewer-scroll.ts (+21/-26) | public/r/pdf-viewer.json (+21/-9) | app/(view)/pdf-viewer-benchmark/pdf-viewer-benchmark-client.tsx (+25/-3) | registry/new-york-v4/ui/pdf-viewer-scale.ts (+23/-0) | tests/pdf-viewer-scale.test.tsx (+19/-0) | registry/new-york-v4/ui/pdf-viewer-types.ts (+11/-0) | registry/new-york-v4/ui/pdf-viewer.tsx (+2/-0),Likely blink regression point: first focused commit that caps scrolling DPR and re-renders settled pages. Introduced or changed scrolling-vs-settled rendering quality/DPR behavior. Added or modified page render scheduling/concurrency. Separated visible pages from render/preload windows. Added async page metric preloading for page sizes. Changed scroll anchor preservation across layout changes. Changed page layout geometry model. Changed page virtualization/windowing. Changed page scroll tracking/navigation. Updated PDF tests. Regenerated registry JSON output. Updated PDF benchmark harness. Files: app/(view)/pdf-viewer-benchmark/pdf-viewer-benchmark-client.tsx | design/pdf-viewer-render-performance-blueprint.md | public/r/pdf-viewer.json | registry/new-york-v4/ui/pdf-viewer-content.tsx | registry/new-york-v4/ui/pdf-viewer-layout.ts | registry/new-york-v4/ui/pdf-viewer-page.tsx | registry/new-york-v4/ui/pdf-viewer-render-scheduler.ts | registry/new-york-v4/ui/pdf-viewer-scale.ts | registry/new-york-v4/ui/pdf-viewer-scroll.ts | registry/new-york-v4/ui/pdf-viewer-types.ts | registry/new-york-v4/ui/pdf-viewer-virtualization.ts | registry/new-york-v4/ui/pdf-viewer.tsx | registry/new-york-v4/ui/use-pdf-page-metrics.ts | tests/pdf-viewer-scale.test.tsx | tests/pdf-viewer.test.tsx,P0 likely blink cause: introduces scrolling DPR cap and settled high-DPR rerender.
157,2026-06-18,2026-06-18T12:17:28+02:00,e8810c8,e8810c8bd8a8fb4d79d30b03757f38de6e2f2d84,update viewer performance,Sacha Ichbiah,1,parent,96,6976,1916,8892,registry ui: 34 files / 2798 LOC; design: 4 files / 1581 LOC; tests: 21 files / 1282 LOC; components ui: 4 files / 852 LOC; scripts: 3 files / 697 LOC; registry json: 15 files / 651 LOC; components: 4 files / 587 LOC; registry.json: 1 files / 218 LOC,0,0,0,0,2,8,registry output,public/r/pdf-document-resource.json (+2/-2) | public/r/pdf-viewer.json (+2/-2),Regenerated registry JSON output. Files: public/r/pdf-document-resource.json | public/r/pdf-viewer.json,P4 PDF-adjacent only.
158,2026-06-18,2026-06-18T12:22:27+02:00,d2fe7f9,d2fe7f9f60af5c856c8523bcbc630f91dc99de46,fix pdf benchmark snapshot,Sacha Ichbiah,1,parent,1,12,5,17,view routes: 1 files / 17 LOC,0,0,0,0,1,17,benchmark,app/(view)/pdf-viewer-benchmark/pdf-viewer-benchmark-client.tsx (+12/-5),Updated PDF benchmark harness. Files: app/(view)/pdf-viewer-benchmark/pdf-viewer-benchmark-client.tsx,P4 PDF-adjacent only.
159,2026-06-18,2026-06-18T12:25:57+02:00,c605109,c60510956a1961193dac3119ff1b4e4a0fec9f15,stabilize viewer tests,Sacha Ichbiah,1,parent,5,19,11,30,tests: 5 files / 30 LOC,0,0,0,0,1,4,tests,tests/pdf-viewer.test.tsx (+4/-0),Updated PDF tests. Files: tests/pdf-viewer.test.tsx,P4 PDF-adjacent only.
160,2026-06-18,2026-06-18T12:45:50+02:00,89129e2,89129e2c3bbc516c4cc8318d8de1ada233ef5d53,fix scrollbench metrics,Sacha Ichbiah,1,parent,5,971,122,1093,view routes: 3 files / 923 LOC; tests: 2 files / 170 LOC,0,0,0,0,0,0,,,No PDF viewer path changes.,No PDF relevance.
161,2026-06-18,2026-06-18T12:58:08+02:00,074b07a,074b07ade5a9864bbb80bc453a15b5a32ef8cc0e,match text highlights to code viewer,Sacha Ichbiah,1,parent,9,96,52,148,registry ui: 3 files / 80 LOC; tests: 4 files / 56 LOC; registry json: 2 files / 12 LOC,0,0,0,0,0,0,,,No PDF viewer path changes.,No PDF relevance.
162,2026-06-18,2026-06-18T18:18:54+02:00,7a54a0f,7a54a0f2bdf06d188e966534eeafe6a9af2aa7ec,update scrollbench,Sacha Ichbiah,1,parent,4,705,24,729,view routes: 3 files / 562 LOC; tests: 1 files / 167 LOC,0,0,0,0,0,0,,,No PDF viewer path changes.,No PDF relevance.
163,2026-06-19,2026-06-19T09:55:16+02:00,ccc7236,ccc7236d517764176081cd7c469d750dc031c76c,update viewers,Sacha Ichbiah,1,parent,21,1316,428,1744,registry ui: 11 files / 1320 LOC; tests: 3 files / 253 LOC; components ui: 1 files / 130 LOC; registry json: 3 files / 33 LOC; registry.json: 1 files / 5 LOC; components: 2 files / 3 LOC,6,877,108,985,9,1190,PDF related; page canvas rendering; registry output; render cache; render scheduler; scroll state; tests; viewer composition,registry/new-york-v4/ui/pdf-viewer-content.tsx (+416/-54) | registry/new-york-v4/ui/pdf-viewer-render-scheduler.ts (+140/-44) | registry/new-york-v4/ui/pdf-viewer-render-cache.ts (+178/-0) | tests/pdf-viewer.test.tsx (+154/-0) | registry/new-york-v4/ui/pdf-viewer-page.tsx (+74/-2) | registry/new-york-v4/ui/pdf-viewer-scroll.ts (+40/-0) | registry/new-york-v4/ui/pdf-viewer-page-sizes.ts (+29/-8) | tests/pdf-viewer-page-sizes.test.tsx (+35/-0) | public/r/pdf-viewer.json (+11/-5),"Follow-up amplification: adds render cache, scroll activity and manual projection on top of the DPR split. Introduced or changed scrolling-vs-settled rendering quality/DPR behavior. Added or modified page render scheduling/concurrency. Added or modified canvas render cache reuse. Changed page projection to manually managed React roots. Separated visible pages from render/preload windows. Added async page metric preloading for page sizes. Added scroll activity/direction tracking. Changed scroll anchor preservation across layout changes. Changed page scroll tracking/navigation. Updated PDF tests. Regenerated registry JSON output. Files: public/r/pdf-viewer.json | registry/new-york-v4/ui/pdf-viewer-content.tsx | registry/new-york-v4/ui/pdf-viewer-page-sizes.ts | registry/new-york-v4/ui/pdf-viewer-page.tsx | registry/new-york-v4/ui/pdf-viewer-render-cache.ts | registry/new-york-v4/ui/pdf-viewer-render-scheduler.ts | registry/new-york-v4/ui/pdf-viewer-scroll.ts | tests/pdf-viewer-page-sizes.test.tsx | tests/pdf-viewer.test.tsx",P1 likely worsener: adds cache/projection/scroll-activity around the optimized render path.
164,2026-06-19,2026-06-19T11:21:01+02:00,118dd92,118dd9283e3e5a63431f7d297291d2eb923afea2,Complete registry file/dependency closures for consumer installs,Sacha Ichbiah,1,parent,49,5439,450,5889,registry json: 39 files / 3069 LOC; registry.json: 1 files / 1562 LOC; scripts: 1 files / 595 LOC; registry ui: 4 files / 310 LOC; view routes: 2 files / 238 LOC; tests: 1 files / 113 LOC; package.json: 1 files / 2 LOC,4,261,49,310,10,1279,PDF related; benchmark; page canvas rendering; public types; registry output; tests; viewer composition; viewer entrypoint,scripts/profile-pdf-viewer-benchmark.mjs (+595/-0) | registry/new-york-v4/ui/pdf-viewer-content.tsx (+222/-46) | app/(view)/pdf-viewer-benchmark/pdf-viewer-benchmark-client.tsx (+141/-16) | tests/pdf-viewer.test.tsx (+112/-1) | app/(view)/pdf-viewer-benchmark/page.tsx (+79/-2) | registry/new-york-v4/ui/pdf-viewer-page.tsx (+29/-3) | public/r/pdf-document-resource.json (+14/-1) | public/r/pdf-viewer.json (+4/-4) | registry/new-york-v4/ui/pdf-viewer-types.ts (+8/-0) | registry/new-york-v4/ui/pdf-viewer.tsx (+2/-0),Introduced or changed scrolling-vs-settled rendering quality/DPR behavior. Added or modified page render scheduling/concurrency. Added or modified canvas render cache reuse. Changed page projection to manually managed React roots. Separated visible pages from render/preload windows. Added async page metric preloading for page sizes. Added scroll activity/direction tracking. Updated PDF tests. Regenerated registry JSON output. Updated PDF benchmark harness. Files: app/(view)/pdf-viewer-benchmark/page.tsx | app/(view)/pdf-viewer-benchmark/pdf-viewer-benchmark-client.tsx | public/r/pdf-document-resource.json | public/r/pdf-viewer.json | registry/new-york-v4/ui/pdf-viewer-content.tsx | registry/new-york-v4/ui/pdf-viewer-page.tsx | registry/new-york-v4/ui/pdf-viewer-types.ts | registry/new-york-v4/ui/pdf-viewer.tsx | tests/pdf-viewer.test.tsx,P2 behavior-adjacent PDF rendering change.
165,2026-06-19,2026-06-19T11:30:44+02:00,7ed742c,7ed742cac1bdb6a62bf20f2a149884e1cfda4d97,Auto-expand registry closures in the build; ship ScrollArea nativeScrollbar,Sacha Ichbiah,1,parent,4,280,4,284,scripts: 1 files / 273 LOC; package.json: 1 files / 5 LOC; registry ui: 1 files / 4 LOC; registry json: 1 files / 2 LOC,0,0,0,0,0,0,,,No PDF viewer path changes.,No PDF relevance.
166,2026-06-19,2026-06-19T11:35:25+02:00,0814a65,0814a654b37f0806df368a491ed38220e1258034,Ship a utif ambient type shim for the TIFF decode workers,Sacha Ichbiah,1,parent,4,30,0,30,registry json: 2 files / 12 LOC; registry.json: 1 files / 10 LOC; registry ui: 1 files / 8 LOC,0,0,0,0,0,0,,,No PDF viewer path changes.,No PDF relevance.
167,2026-06-19,2026-06-19T12:16:54+02:00,1551a3e,1551a3e34b1ab7ebecc8e73b77e5a8bfd53a060b,Fix utif type shim (resolve collision with @ts-expect-error); ship viewer loading fallbacks,Sacha Ichbiah,1,parent,18,101,27,128,registry ui: 8 files / 104 LOC; registry json: 8 files / 22 LOC; components: 1 files / 1 LOC; tests: 1 files / 1 LOC,1,1,1,2,2,4,loading / error states; registry output,public/r/pdf-viewer.json (+1/-1) | registry/new-york-v4/ui/pdf-viewer-states.tsx (+1/-1),Regenerated registry JSON output. Files: public/r/pdf-viewer.json | registry/new-york-v4/ui/pdf-viewer-states.tsx,"P3 PDF core touched, but no obvious low/high-res mechanism."
168,2026-06-19,2026-06-19T12:26:40+02:00,038e908,038e908fd7d9910813ede50013403382f6da3974,add homepage page,Sacha Ichbiah,1,parent,2,78,0,78,app: 1 files / 74 LOC; lib: 1 files / 4 LOC,0,0,0,0,0,0,,,No PDF viewer path changes.,No PDF relevance.
169,2026-06-19,2026-06-19T12:34:02+02:00,8a800c3,8a800c38aa5ac2b32f3a9a526c59ca7934868cac,rework homepage,Sacha Ichbiah,1,parent,3,839,74,913,homepage: 2 files / 839 LOC; app: 1 files / 74 LOC,0,0,0,0,0,0,,,No PDF viewer path changes.,No PDF relevance.
170,2026-06-19,2026-06-19T12:40:01+02:00,b878f31,b878f31f219ab62771599b3ec44861ed7e1a39c8,fix homepage responsive layout,Sacha Ichbiah,1,parent,1,21,21,42,homepage: 1 files / 42 LOC,0,0,0,0,0,0,,,No PDF viewer path changes.,No PDF relevance.
171,2026-06-19,2026-06-19T12:43:18+02:00,213afcc,213afccb0c70e91545f2b785669390d9d7ecda06,refine homepage latest section,Sacha Ichbiah,1,parent,1,61,78,139,homepage: 1 files / 139 LOC,0,0,0,0,0,0,,,No PDF viewer path changes.,No PDF relevance.
172,2026-06-19,2026-06-19T12:47:02+02:00,d194c1e,d194c1ec782acbd75cbb5eeee22c5dde0a3fa7b1,tighten homepage product proofs,Sacha Ichbiah,1,parent,1,10,8,18,homepage: 1 files / 18 LOC,0,0,0,0,0,0,,,No PDF viewer path changes.,No PDF relevance.
173,2026-06-19,2026-06-19T12:56:08+02:00,14f0465,14f04650db051eee6a390af729f6f56dbd46a788,refine homepage fidelity,Sacha Ichbiah,1,parent,1,286,82,368,homepage: 1 files / 368 LOC,0,0,0,0,0,0,,,No PDF viewer path changes.,No PDF relevance.
174,2026-06-19,2026-06-19T13:09:57+02:00,f9e7c79,f9e7c7942794c6aa33dd6a1a5854b928ee592966,modularize homepage sections,Sacha Ichbiah,1,parent,10,1324,992,2316,homepage: 10 files / 2316 LOC,0,0,0,0,0,0,,,No PDF viewer path changes.,No PDF relevance.
175,2026-06-19,2026-06-19T13:13:35+02:00,bbfc321,bbfc321258e2481fa4292365296785bb3e859221,polish homepage modules,Sacha Ichbiah,1,parent,7,83,271,354,homepage: 7 files / 354 LOC,0,0,0,0,0,0,,,No PDF viewer path changes.,No PDF relevance.
176,2026-06-19,2026-06-19T13:17:02+02:00,6cd1dc3,6cd1dc3fe3aaef833e87c8c0b2ff6e6380ca8a9a,refine homepage modules,Sacha Ichbiah,1,parent,6,31,16,47,homepage: 5 files / 46 LOC; app: 1 files / 1 LOC,0,0,0,0,0,0,,,No PDF viewer path changes.,No PDF relevance.
177,2026-06-19,2026-06-19T13:18:22+02:00,47714bd,47714bd74a172f27cbe190fb5038eb962c44fd15,restore homepage title,Sacha Ichbiah,1,parent,1,1,1,2,homepage: 1 files / 2 LOC,0,0,0,0,0,0,,,No PDF viewer path changes.,No PDF relevance.
178,2026-06-19,2026-06-19T13:18:41+02:00,a10be96,a10be969525ad3e52bd02f381d7b57579e3b4ce8,restore homepage title,Sacha Ichbiah,1,parent,1,1,1,2,homepage: 1 files / 2 LOC,0,0,0,0,0,0,,,No PDF viewer path changes.,No PDF relevance.
179,2026-06-19,2026-06-19T13:19:57+02:00,83d3fab,83d3fab5833b57b89f1aec5c5e0a394414480cfb,set homepage title,Sacha Ichbiah,1,parent,1,1,1,2,homepage: 1 files / 2 LOC,0,0,0,0,0,0,,,No PDF viewer path changes.,No PDF relevance.
180,2026-06-19,2026-06-19T13:24:45+02:00,701fef5,701fef5eef20c627dbeac818d582bc43c51f84fe,refine homepage modules,Sacha Ichbiah,1,parent,10,268,203,471,homepage: 10 files / 471 LOC,0,0,0,0,0,0,,,No PDF viewer path changes.,No PDF relevance.
181,2026-06-19,2026-06-19T13:41:25+02:00,bd84df5,bd84df5d183292dcf2d8a520e75520f1ce2eeec7,tighten homepage modules,Sacha Ichbiah,1,parent,12,908,445,1353,homepage: 12 files / 1353 LOC,0,0,0,0,0,0,,,No PDF viewer path changes.,No PDF relevance.
182,2026-06-19,2026-06-19T13:43:48+02:00,fe31492,fe31492598a990fc15db2eb8a47197140198adb3,tighten latest card,Sacha Ichbiah,1,parent,1,1,1,2,homepage: 1 files / 2 LOC,0,0,0,0,0,0,,,No PDF viewer path changes.,No PDF relevance.
183,2026-06-19,2026-06-19T14:55:50+02:00,1f80996,1f809962cf53be6c9f8aab474ee29fa143b7d927,update ui registry,Sacha Ichbiah,1,parent,62,2221,1296,3517,homepage: 15 files / 1676 LOC; registry ui: 14 files / 703 LOC; tests: 3 files / 399 LOC; registry blocks: 3 files / 374 LOC; registry json: 17 files / 201 LOC; registry.json: 1 files / 61 LOC; reference: 1 files / 46 LOC; components: 4 files / 34 LOC,0,0,0,0,0,0,,,No PDF viewer path changes.,No PDF relevance.
184,2026-06-19,2026-06-19T14:56:16+02:00,60ced4f,60ced4feb835c18df0cc01e50e2af251712fdfbe,update homepage types,Sacha Ichbiah,1,parent,2,7,9,16,homepage: 2 files / 16 LOC,0,0,0,0,0,0,,,No PDF viewer path changes.,No PDF relevance.
185,2026-06-19,2026-06-19T14:56:57+02:00,53567a6,53567a6b25ee2d56c977030255ae2720bf2c35fc,update homepage content,Sacha Ichbiah,1,parent,2,10,9,19,homepage: 2 files / 19 LOC,0,0,0,0,0,0,,,No PDF viewer path changes.,No PDF relevance.
186,2026-06-19,2026-06-19T14:57:18+02:00,fb11f85,fb11f85ac34f0fc6e35342fe8b7afda7a6ec7714,fix homepage content,Sacha Ichbiah,1,parent,1,9,0,9,homepage: 1 files / 9 LOC,0,0,0,0,0,0,,,No PDF viewer path changes.,No PDF relevance.
187,2026-06-19,2026-06-19T15:04:16+02:00,c199847,c19984768a1c3729344152a35a06c9542ef47d92,polish homepage details,Sacha Ichbiah,1,parent,5,29,24,53,homepage: 5 files / 53 LOC,0,0,0,0,0,0,,,No PDF viewer path changes.,No PDF relevance.
188,2026-06-19,2026-06-19T15:09:58+02:00,fb9ce51,fb9ce519d78cb6a1da31833e1ffbfe1e6d2f623f,finish homepage modularization,Sacha Ichbiah,1,parent,9,120,162,282,homepage: 9 files / 282 LOC,0,0,0,0,0,0,,,No PDF viewer path changes.,No PDF relevance.
189,2026-06-19,2026-06-19T15:18:40+02:00,e2aa9bb,e2aa9bb517f8e988c04fa2ccb01fc18e52ceb0c3,finish homepage mobile polish,Sacha Ichbiah,1,parent,5,37,59,96,homepage: 5 files / 96 LOC,0,0,0,0,0,0,,,No PDF viewer path changes.,No PDF relevance.
190,2026-06-19,2026-06-19T15:20:21+02:00,7d69b4b,7d69b4b5cba135e8ff6e8af2bf89e5c360a361b9,polish homepage buttons,Sacha Ichbiah,1,parent,1,3,3,6,homepage: 1 files / 6 LOC,0,0,0,0,0,0,,,No PDF viewer path changes.,No PDF relevance.
191,2026-06-19,2026-06-19T15:22:18+02:00,49c58f4,49c58f4515ac6c136ab97275004ee512c8fc8e1b,split homepage header,Sacha Ichbiah,1,parent,3,47,372,419,homepage: 3 files / 419 LOC,0,0,0,0,0,0,,,No PDF viewer path changes.,No PDF relevance.
192,2026-06-19,2026-06-19T15:23:52+02:00,c84c779,c84c77934f3544b8e649892574217d2fcde4ca47,tighten homepage hero kicker,Sacha Ichbiah,1,parent,1,1,1,2,homepage: 1 files / 2 LOC,0,0,0,0,0,0,,,No PDF viewer path changes.,No PDF relevance.
193,2026-06-19,2026-06-19T15:25:13+02:00,aa1bd4f,aa1bd4ff90c08bf82c965dc2371fa7508d3e4920,refine homepage interactions,Sacha Ichbiah,1,parent,5,12,18,30,homepage: 5 files / 30 LOC,0,0,0,0,0,0,,,No PDF viewer path changes.,No PDF relevance.
194,2026-06-19,2026-06-19T15:26:48+02:00,92a97e2,92a97e2de23e4e3cdec63a89a201447d118d157c,tune homepage hero,Sacha Ichbiah,1,parent,2,6,1,7,app: 1 files / 5 LOC; homepage: 1 files / 2 LOC,0,0,0,0,0,0,,,No PDF viewer path changes.,No PDF relevance.
195,2026-06-19,2026-06-19T15:31:46+02:00,94b4a9a,94b4a9a63a06630aac0f97cffa27e7c653b8021e,match vercel hero copy,Sacha Ichbiah,1,parent,2,27,8,35,homepage: 2 files / 35 LOC,0,0,0,0,0,0,,,No PDF viewer path changes.,No PDF relevance.
196,2026-06-19,2026-06-19T15:33:04+02:00,b0a9966,b0a9966f30feba10cd496c438f6fbf979d22e53c,update tree,Sacha Ichbiah,1,parent,21,719,118,837,registry ui: 7 files / 407 LOC; tests: 5 files / 390 LOC; registry json: 5 files / 24 LOC; homepage: 4 files / 16 LOC,1,253,45,298,3,466,registry output; scroll state; tests,registry/new-york-v4/ui/pdf-viewer-scroll.ts (+253/-45) | tests/pdf-viewer-scroll.test.tsx (+164/-0) | public/r/pdf-viewer.json (+2/-2),Introduced or changed scrolling-vs-settled rendering quality/DPR behavior. Added scroll activity/direction tracking. Changed scroll anchor preservation across layout changes. Changed page scroll tracking/navigation. Updated PDF tests. Regenerated registry JSON output. Files: public/r/pdf-viewer.json | registry/new-york-v4/ui/pdf-viewer-scroll.ts | tests/pdf-viewer-scroll.test.tsx,P2 behavior-adjacent PDF rendering change.
197,2026-06-19,2026-06-19T15:37:53+02:00,5ea177b,5ea177b64dd041ec0e8f98c748e4e53c3d501e5d,match vercel homepage geometry,Sacha Ichbiah,1,parent,4,26,16,42,homepage: 4 files / 42 LOC,0,0,0,0,0,0,,,No PDF viewer path changes.,No PDF relevance.
198,2026-06-19,2026-06-19T15:40:38+02:00,d44a0b3,d44a0b349097a436614cba0cf1ad8ac9fb350e23,match hero row hover,Sacha Ichbiah,1,parent,1,12,6,18,homepage: 1 files / 18 LOC,0,0,0,0,0,0,,,No PDF viewer path changes.,No PDF relevance.
199,2026-06-19,2026-06-19T15:45:18+02:00,ff0d656,ff0d656186ecf7a96e6f6fc632cea3b5c95460f7,add agent command dropdown,Sacha Ichbiah,1,parent,4,121,20,141,homepage: 4 files / 141 LOC,0,0,0,0,0,0,,,No PDF viewer path changes.,No PDF relevance.
200,2026-06-19,2026-06-19T15:57:29+02:00,d8a5f74,d8a5f74c53304bb2c42fea7a889cbc447bab7187,polish vercel homepage,Sacha Ichbiah,1,parent,13,257,155,412,homepage: 13 files / 412 LOC,0,0,0,0,0,0,,,No PDF viewer path changes.,No PDF relevance.
201,2026-06-19,2026-06-19T15:59:21+02:00,6e5abb9,6e5abb9c5f3bc29cc0de9c15dc33048329cbd0e5,remove viewport indicator,Sacha Ichbiah,1,parent,1,0,2,2,app: 1 files / 2 LOC,0,0,0,0,0,0,,,No PDF viewer path changes.,No PDF relevance.
202,2026-06-19,2026-06-19T16:30:46+02:00,e68811e,e68811e09b3ce75d57c3e1ef74f5cf140c15cb94,polish homepage details,Sacha Ichbiah,1,parent,10,146,143,289,homepage: 10 files / 289 LOC,0,0,0,0,0,0,,,No PDF viewer path changes.,No PDF relevance.
203,2026-06-19,2026-06-19T16:31:44+02:00,d449008,d449008c1b0d16342f19ddf275254384ff4427c9,align homepage hero,Sacha Ichbiah,1,parent,3,4,4,8,homepage: 3 files / 8 LOC,0,0,0,0,0,0,,,No PDF viewer path changes.,No PDF relevance.
204,2026-06-19,2026-06-19T16:37:46+02:00,ac224dc,ac224dc57b385506ac8db18e80feed39f00f890b,align homepage cta spacing,Sacha Ichbiah,1,parent,1,1,1,2,homepage: 1 files / 2 LOC,0,0,0,0,0,0,,,No PDF viewer path changes.,No PDF relevance.
205,2026-06-19,2026-06-19T16:40:25+02:00,460c3fe,460c3fe769f141b2f6267d9feff8603f9a7576a5,fix latest section clipping,Sacha Ichbiah,1,parent,1,1,1,2,homepage: 1 files / 2 LOC,0,0,0,0,0,0,,,No PDF viewer path changes.,No PDF relevance.
206,2026-06-19,2026-06-19T16:41:30+02:00,d5e2335,d5e2335a169dd2b630d193abc470aa169b389964,align homepage mobile sections,Sacha Ichbiah,1,parent,2,35,50,85,homepage: 2 files / 85 LOC,0,0,0,0,0,0,,,No PDF viewer path changes.,No PDF relevance.
207,2026-06-19,2026-06-19T16:45:10+02:00,5fa0749,5fa074980aeb62493f5b2365c4868ec74ddaa5a4,tighten homepage parity,Sacha Ichbiah,1,parent,8,210,209,419,homepage: 8 files / 419 LOC,0,0,0,0,0,0,,,No PDF viewer path changes.,No PDF relevance.
208,2026-06-19,2026-06-19T16:47:05+02:00,da6bd3e,da6bd3eb9dc116cef38d9058d68fa0cf7dc2fdd7,add retab-ui rules,Sacha Ichbiah,1,parent,1444,91051,89065,180116,tests: 220 files / 99639 LOC; registry ui: 332 files / 41103 LOC; components: 354 files / 23460 LOC; registry: 26 files / 3906 LOC; registry blocks: 57 files / 2710 LOC; view routes: 18 files / 2214 LOC; registry json: 119 files / 1677 LOC; e2e: 6 files / 1401 LOC,29,1515,1406,2921,67,11069,PDF related; PDF source overlays; benchmark; canvas sizing; docs; layout geometry; loading / error states; page canvas rendering; page metrics; public types; registry output; render cache; render scheduler; scroll state; tests; thumbnail UI; viewer composition; viewer entrypoint; virtualization; zoom / DPR,tests/pdf-viewer.test.tsx (+1684/-1662) | tests/pdf-viewer-resource.test.ts (+397/-395) | registry/new-york-v4/ui/pdf-viewer-scroll.ts (+373/-291) | registry/new-york-v4/ui/pdf-viewer-content.tsx (+306/-295) | tests/pdf-viewer-interactions.test.tsx (+246/-241) | tests/pdf-viewer-switching.test.tsx (+159/-157) | tests/pdf-viewer-scroll.test.tsx (+157/-155) | registry/new-york-v4/ui/pdf-thumbnail-layout.ts (+110/-110) | tests/pdf-viewer-virtualization.test.tsx (+109/-107) | e2e/pdf-thumbnail-sidebar.spec.ts (+107/-107) | registry/new-york-v4/ui/pdf-viewer-layout.ts (+106/-106) | app/(view)/pdf-viewer-benchmark/pdf-viewer-benchmark-client.tsx (+104/-102) | registry/new-york-v4/ui/pdf-viewer-page.tsx (+99/-97) | registry/new-york-v4/ui/use-pdf-page-metrics.ts (+99/-97) | registry/new-york-v4/ui/use-pdf-thumbnail-page-metrics.ts (+95/-93) | registry/new-york-v4/ui/pdf-viewer-render-scheduler.ts (+91/-90) | tests/pdf-source.test.tsx (+88/-84) | tests/pdf-viewer-virtualization-reset.test.tsx (+89/-75) | tests/pdf-viewer-layout-edge.test.ts (+88/-70) | registry/new-york-v4/ui/pdf-viewer-render-cache.ts (+71/-72) | tests/pdf-viewer-layout-fuzz.test.ts (+68/-68) | registry/new-york-v4/ui/pdf-viewer-scale.ts (+67/-67) | tests/pdf-viewer-scale.test.tsx (+67/-67) | tests/pdf-viewer-layout.test.ts (+65/-65) | registry/new-york-v4/ui/pdf-viewer-context.tsx (+63/-61) | tests/pdf-viewer-scale-hook.test.tsx (+59/-59) | tests/pdf-viewer-page-sizes.test.tsx (+57/-55) | registry/new-york-v4/ui/pdf-viewer-virtualization.ts (+56/-54) | registry/new-york-v4/ui/pdf-viewer-thumbnails.tsx (+54/-52) | registry/new-york-v4/ui/use-pdf-thumbnail-window.ts (+44/-42) | registry/new-york-v4/ui/pdf-thumbnail-rail.tsx (+42/-42) | registry/new-york-v4/ui/pdf-thumbnail-canvas.tsx (+40/-40) | components/file-thumbnail/renderers/pdf-thumbnail.tsx (+39/-38) | registry/new-york-v4/ui/pdf-viewer-types.ts (+32/-32) | public/r/pdf-viewer.json (+30/-30) | registry/new-york-v4/ui/pdf-source.tsx (+28/-28) | registry/new-york-v4/ui/pdf-viewer-page-sizes.ts (+29/-27) | tests/pdf-viewer-canvas.test.ts (+26/-26) | tests/pdf-viewer-render-error.test.ts (+23/-21) | app/(view)/pdf-viewer-benchmark/page.tsx (+21/-21) | ... 27 more files,Introduced or changed scrolling-vs-settled rendering quality/DPR behavior. Added or modified page render scheduling/concurrency. Added or modified canvas render cache reuse. Changed page projection to manually managed React roots. Separated visible pages from render/preload windows. Added async page metric preloading for page sizes. Added scroll activity/direction tracking. Changed scroll anchor preservation across layout changes. Changed page layout geometry model. Changed page virtualization/windowing. Changed page scroll tracking/navigation. Updated PDF tests. Files: app/(view)/pdf-viewer-benchmark/page.tsx | app/(view)/pdf-viewer-benchmark/pdf-viewer-benchmark-client.tsx | components/file-thumbnail/renderers/pdf-thumbnail.tsx | components/pdf-viewer-demo.tsx | components/ui/pdf-source.tsx | components/ui/pdf-viewer-content.tsx | components/ui/pdf-viewer-context.tsx | components/ui/pdf-viewer-layout.ts | components/ui/pdf-viewer-page-sizes.ts | components/ui/pdf-viewer-page.tsx | components/ui/pdf-viewer-scale.ts | components/ui/pdf-viewer-scroll.ts | components/ui/pdf-viewer-states.tsx | components/ui/pdf-viewer-thumbnails.tsx | components/ui/pdf-viewer-types.ts | components/ui/pdf-viewer-virtualization.ts | components/ui/pdf-viewer.tsx | content/docs/components/file-viewer/navigation/file-viewer-thumbnails.mdx | content/docs/components/file-viewer/renderers/pdf.mdx | public/r/pdf-document-resource.json | public/r/pdf-source.json | public/r/pdf-thumbnails-block.json | public/r/pdf-viewer-thumbnails.json | public/r/pdf-viewer.json | registry/new-york-v4/blocks/pdf-thumbnails-block.tsx | registry/new-york-v4/ui/pdf-source.tsx | registry/new-york-v4/ui/pdf-thumbnail-canvas.tsx | registry/new-york-v4/ui/pdf-thumbnail-item.tsx | registry/new-york-v4/ui/pdf-thumbnail-layout.ts | registry/new-york-v4/ui/pdf-thumbnail-rail.tsx | registry/new-york-v4/ui/pdf-viewer-canvas.ts | registry/new-york-v4/ui/pdf-viewer-content.tsx | registry/new-york-v4/ui/pdf-viewer-context.tsx | registry/new-york-v4/ui/pdf-viewer-layout.ts | registry/new-york-v4/ui/pdf-viewer-page-sizes.ts | registry/new-york-v4/ui/pdf-viewer-page.tsx | registry/new-york-v4/ui/pdf-viewer-render-cache.ts | registry/new-york-v4/ui/pdf-viewer-render-error.ts | registry/new-york-v4/ui/pdf-viewer-render-scheduler.ts | registry/new-york-v4/ui/pdf-viewer-scale.ts | registry/new-york-v4/ui/pdf-viewer-scroll.ts | registry/new-york-v4/ui/pdf-viewer-states.tsx | registry/new-york-v4/ui/pdf-viewer-thumbnails.tsx | registry/new-york-v4/ui/pdf-viewer-types.ts | registry/new-york-v4/ui/pdf-viewer-virtualization.ts | registry/new-york-v4/ui/pdf-viewer.tsx | registry/new-york-v4/ui/use-pdf-page-metrics.ts | tests/pdf-source.test.tsx | tests/pdf-viewer-canvas.test.ts | tests/pdf-viewer-interactions.test.tsx | tests/pdf-viewer-layout-edge.test.ts | tests/pdf-viewer-layout-fuzz.test.ts | tests/pdf-viewer-layout.test.ts | tests/pdf-viewer-page-sizes.test.tsx | tests/pdf-viewer-render-error.test.ts | tests/pdf-viewer-resource.test.ts | tests/pdf-viewer-scale-hook.test.tsx | tests/pdf-viewer-scale.test.tsx | tests/pdf-viewer-scroll.test.tsx | tests/pdf-viewer-switching.test.tsx | tests/pdf-viewer-virtualization-reset.test.tsx | tests/pdf-viewer-virtualization.test.tsx | tests/pdf-viewer.test.tsx,P2 large PDF core change; inspect if reverting beyond focused fix.
209,2026-06-19,2026-06-19T16:48:45+02:00,cdd3f39,cdd3f39cdfb346b53aec5b63a60e95188b304f0b,update homepage,Sacha Ichbiah,1,parent,11,1047,68,1115,homepage: 11 files / 1115 LOC,0,0,0,0,0,0,,,No PDF viewer path changes.,No PDF relevance.
210,2026-06-19,2026-06-19T16:49:21+02:00,8bec47f,8bec47ffbed2ce9fd61373f2b61be9dd05717af3,update hero,Sacha Ichbiah,1,parent,1,23,36,59,homepage: 1 files / 59 LOC,0,0,0,0,0,0,,,No PDF viewer path changes.,No PDF relevance.
211,2026-06-19,2026-06-19T16:49:54+02:00,bc35262,bc35262b2e208d95dc3a84ccab0c43cb0401ae2a,update section header,Sacha Ichbiah,1,parent,1,7,5,12,homepage: 1 files / 12 LOC,0,0,0,0,0,0,,,No PDF viewer path changes.,No PDF relevance.
212,2026-06-19,2026-06-19T16:58:30+02:00,fd14c83,fd14c83653723170637c9012f8aabc09fe42b7b2,simplify homepage css,Sacha Ichbiah,1,parent,8,93,929,1022,homepage: 8 files / 1022 LOC,0,0,0,0,0,0,,,No PDF viewer path changes.,No PDF relevance.
213,2026-06-19,2026-06-19T17:11:39+02:00,8fa6a21,8fa6a2103aceb56e6397cced9c99b19d863e0abc,reduce homepage css module,Sacha Ichbiah,1,parent,4,68,187,255,homepage: 4 files / 255 LOC,0,0,0,0,0,0,,,No PDF viewer path changes.,No PDF relevance.
214,2026-06-19,2026-06-19T17:13:48+02:00,afe013c,afe013c066c44bc0db139e9c87ee3400842acd5c,clean skip link styles,Sacha Ichbiah,1,parent,1,1,1,2,homepage: 1 files / 2 LOC,0,0,0,0,0,0,,,No PDF viewer path changes.,No PDF relevance.
215,2026-06-19,2026-06-19T17:19:02+02:00,1fa3716,1fa371680e31d127cbf7adff43ded4924e35757d,improve homepage hero parity,Sacha Ichbiah,1,parent,2,10,14,24,homepage: 2 files / 24 LOC,0,0,0,0,0,0,,,No PDF viewer path changes.,No PDF relevance.
216,2026-06-19,2026-06-19T17:27:19+02:00,0d8dcbd,0d8dcbdbb9049d869b13b5b919ae4f727852383a,align homepage latest cards,Sacha Ichbiah,1,parent,1,3,3,6,homepage: 1 files / 6 LOC,0,0,0,0,0,0,,,No PDF viewer path changes.,No PDF relevance.
217,2026-06-19,2026-06-19T17:31:10+02:00,e685cb7,e685cb7fd41e7f42f75ac06793726d19dfeeeee2,set homepage background gray,Sacha Ichbiah,1,parent,3,3,3,6,homepage: 3 files / 6 LOC,0,0,0,0,0,0,,,No PDF viewer path changes.,No PDF relevance.
218,2026-06-19,2026-06-19T17:40:58+02:00,8dc836b,8dc836bdaa901f1f986172fa356c72c0f1ed78ad,polish homepage code,Sacha Ichbiah,1,parent,13,224,210,434,homepage: 13 files / 434 LOC,0,0,0,0,0,0,,,No PDF viewer path changes.,No PDF relevance.
219,2026-06-19,2026-06-19T17:42:43+02:00,b400c96,b400c96fe790a772654ccb10c067e0b4652ae9ff,soften homepage background,Sacha Ichbiah,1,parent,1,1,1,2,homepage: 1 files / 2 LOC,0,0,0,0,0,0,,,No PDF viewer path changes.,No PDF relevance.
220,2026-06-19,2026-06-19T17:44:39+02:00,bef5813,bef5813d88f15a816eecdd4c21cf3ff506fc0d95,format homepage primitives,Sacha Ichbiah,1,parent,1,1,1,2,homepage: 1 files / 2 LOC,0,0,0,0,0,0,,,No PDF viewer path changes.,No PDF relevance.
221,2026-06-19,2026-06-19T17:45:34+02:00,13dae9a,13dae9ac1194b0c4221e2a7c342542f8fe5c99af,add homepage marketing container token,Sacha Ichbiah,1,parent,1,1,0,1,app: 1 files / 1 LOC,0,0,0,0,0,0,,,No PDF viewer path changes.,No PDF relevance.
222,2026-06-19,2026-06-19T17:47:15+02:00,fda19f3,fda19f329e2a3509974e7eebde7351835ee8da66,use homepage background token,Sacha Ichbiah,1,parent,1,1,1,2,homepage: 1 files / 2 LOC,0,0,0,0,0,0,,,No PDF viewer path changes.,No PDF relevance.
223,2026-06-19,2026-06-19T17:50:57+02:00,6afcafb,6afcafb16d950891df47e5697984a9dce6bc88af,refine homepage code quality,Sacha Ichbiah,1,parent,4,32,20,52,homepage: 4 files / 52 LOC,0,0,0,0,0,0,,,No PDF viewer path changes.,No PDF relevance.
224,2026-06-19,2026-06-19T17:54:25+02:00,247e082,247e0829528e91c10a3b91fdfdaca0a95db6104e,use header background token,Sacha Ichbiah,1,parent,1,1,1,2,homepage: 1 files / 2 LOC,0,0,0,0,0,0,,,No PDF viewer path changes.,No PDF relevance.
225,2026-06-19,2026-06-19T17:57:35+02:00,3ef6eb2,3ef6eb2c0eaf639c0333e07ffeb12bd86252c884,improve homepage parity,Sacha Ichbiah,1,parent,6,104,61,165,homepage: 5 files / 158 LOC; app: 1 files / 7 LOC,0,0,0,0,0,0,,,No PDF viewer path changes.,No PDF relevance.
226,2026-06-19,2026-06-19T18:01:29+02:00,1e92f15,1e92f15ce6674aa4bc6038bc4342473f13ed640b,restore hero kicker hover,Sacha Ichbiah,1,parent,1,32,5,37,homepage: 1 files / 37 LOC,0,0,0,0,0,0,,,No PDF viewer path changes.,No PDF relevance.
227,2026-06-19,2026-06-19T18:03:10+02:00,d881438,d88143885843fdd09d5e73fd092e5527e977a740,polish homepage hero code,Sacha Ichbiah,1,parent,3,31,11,42,homepage: 3 files / 42 LOC,0,0,0,0,0,0,,,No PDF viewer path changes.,No PDF relevance.
228,2026-06-19,2026-06-19T18:05:49+02:00,021ad86,021ad8699e77ebfe7cfdf468a8cda2a82bbf9d75,copy homepage command text,Sacha Ichbiah,1,parent,1,18,6,24,homepage: 1 files / 24 LOC,0,0,0,0,0,0,,,No PDF viewer path changes.,No PDF relevance.
229,2026-06-19,2026-06-19T18:06:39+02:00,319fb5a,319fb5a0449e0cc0ac3ed441abb3ec2237b3629f,polish homepage code,Sacha Ichbiah,1,parent,8,156,568,724,homepage: 7 files / 713 LOC; app: 1 files / 11 LOC,0,0,0,0,0,0,,,No PDF viewer path changes.,No PDF relevance.
230,2026-06-19,2026-06-19T18:13:30+02:00,9259151,92591511c18fc0b4ed851b09deca5f398d3d767e,update tree,Sacha Ichbiah,1,parent,225,3193,2527,5720,registry ui: 81 files / 3249 LOC; components: 49 files / 1080 LOC; registry json: 41 files / 558 LOC; tests: 31 files / 409 LOC; hooks: 10 files / 141 LOC; registry.json: 1 files / 125 LOC; registry blocks: 4 files / 57 LOC; view routes: 4 files / 44 LOC,9,198,177,375,22,641,PDF related; benchmark; page canvas rendering; page metrics; registry output; render cache; render scheduler; scroll state; tests; thumbnail UI; viewer composition; virtualization,registry/new-york-v4/ui/pdf-viewer-scroll.ts (+58/-59) | registry/new-york-v4/ui/pdf-viewer-content.tsx (+60/-46) | tests/pdf-viewer.test.tsx (+23/-22) | registry/new-york-v4/ui/pdf-viewer-thumbnails.tsx (+19/-16) | tests/pdf-viewer-scroll.test.tsx (+16/-17) | public/r/pdf-viewer.json (+16/-16) | registry/new-york-v4/ui/use-pdf-thumbnail-page-metrics.ts (+17/-14) | registry/new-york-v4/ui/use-pdf-page-metrics.ts (+17/-13) | registry/new-york-v4/ui/pdf-viewer-virtualization.ts (+13/-14) | tests/pdf-viewer-virtualization.test.tsx (+16/-10) | registry/new-york-v4/ui/pdf-viewer-page.tsx (+16/-8) | registry/new-york-v4/ui/use-pdf-thumbnail-document.ts (+11/-6) | tests/pdf-viewer-page-sizes.test.tsx (+10/-7) | tests/pdf-viewer-virtualization-reset.test.tsx (+8/-8) | registry/new-york-v4/ui/pdf-viewer-render-cache.ts (+3/-11) | registry/new-york-v4/ui/use-pdf-thumbnail-window.ts (+10/-4) | registry/new-york-v4/ui/pdf-viewer-render-scheduler.ts (+7/-6) | public/r/pdf-thumbnails-block.json (+5/-5) | public/r/pdf-viewer-thumbnails.json (+5/-5) | registry/new-york-v4/ui/pdf-viewer-page-sizes.ts (+5/-4) | app/(view)/pdf-viewer-benchmark/pdf-viewer-benchmark-client.tsx (+4/-4) | tests/pdf-viewer-layout-fuzz.test.ts (+5/-2),Introduced or changed scrolling-vs-settled rendering quality/DPR behavior. Added or modified page render scheduling/concurrency. Added or modified canvas render cache reuse. Changed page projection to manually managed React roots. Separated visible pages from render/preload windows. Added async page metric preloading for page sizes. Added scroll activity/direction tracking. Changed scroll anchor preservation across layout changes. Changed page virtualization/windowing. Changed page scroll tracking/navigation. Updated PDF tests. Regenerated registry JSON output. Files: app/(view)/pdf-viewer-benchmark/pdf-viewer-benchmark-client.tsx | public/r/pdf-thumbnails-block.json | public/r/pdf-viewer-thumbnails.json | public/r/pdf-viewer.json | registry/new-york-v4/ui/pdf-viewer-content.tsx | registry/new-york-v4/ui/pdf-viewer-page-sizes.ts | registry/new-york-v4/ui/pdf-viewer-page.tsx | registry/new-york-v4/ui/pdf-viewer-render-cache.ts | registry/new-york-v4/ui/pdf-viewer-render-scheduler.ts | registry/new-york-v4/ui/pdf-viewer-scroll.ts | registry/new-york-v4/ui/pdf-viewer-thumbnails.tsx | registry/new-york-v4/ui/pdf-viewer-virtualization.ts | registry/new-york-v4/ui/use-pdf-page-metrics.ts | tests/pdf-viewer-layout-fuzz.test.ts | tests/pdf-viewer-page-sizes.test.tsx | tests/pdf-viewer-scroll.test.tsx | tests/pdf-viewer-virtualization-reset.test.tsx | tests/pdf-viewer-virtualization.test.tsx | tests/pdf-viewer.test.tsx,P2 behavior-adjacent PDF rendering change.
231,2026-06-19,2026-06-19T18:29:49+02:00,7f0835d,7f0835dd3f2a4f4c3fcc6fb14755af4c2d76e387,fix homepage dark mode,Sacha Ichbiah,1,parent,15,70,66,136,homepage: 15 files / 136 LOC,0,0,0,0,0,0,,,No PDF viewer path changes.,No PDF relevance.
232,2026-06-22,2026-06-22T10:15:05+02:00,6bd8716,6bd8716d54d96f9843aaae867cee2f67f932bceb,update tree,Sacha Ichbiah,1,parent,3,4,2,6,app: 1 files / 4 LOC; next-env.d.ts: 1 files / 2 LOC; tmp: 1 files / 0 LOC,0,0,0,0,0,0,,,No PDF viewer path changes.,No PDF relevance.
233,2026-06-22,2026-06-22T10:29:46+02:00,4947870,4947870b448cc4848c3625c78136d0526cbc09f2,use retab homepage navigation,Sacha Ichbiah,1,parent,7,360,364,724,homepage: 7 files / 724 LOC,0,0,0,0,0,0,,,No PDF viewer path changes.,No PDF relevance.
234,2026-06-22,2026-06-22T10:32:50+02:00,d9af65d,d9af65dd91f1c84e089bfc103a4619c7b8bdf19a,move homepage links to footer,Sacha Ichbiah,1,parent,1,7,24,31,homepage: 1 files / 31 LOC,0,0,0,0,0,0,,,No PDF viewer path changes.,No PDF relevance.
235,2026-06-22,2026-06-22T10:44:21+02:00,dc1b73c,dc1b73c75a8b01afd73f3009bf3dbd7bab2b3cc1,fix header opacity,Sacha Ichbiah,1,parent,2,2,2,4,homepage: 2 files / 4 LOC,0,0,0,0,0,0,,,No PDF viewer path changes.,No PDF relevance.
236,2026-06-22,2026-06-22T11:55:28+02:00,a5cb168,a5cb1687a2e67c1a568ce09ff034c9064569c3ef,update homepage,Sacha Ichbiah,1,parent,37,31341,8930,40271,public: 7 files / 22371 LOC; pnpm-lock.yaml: 1 files / 13825 LOC; homepage: 27 files / 4020 LOC; app: 1 files / 54 LOC; package.json: 1 files / 1 LOC,0,0,0,0,0,0,,,No PDF viewer path changes.,No PDF relevance.
237,2026-06-22,2026-06-22T14:43:37+02:00,400aaf3,400aaf36a2e28caab64fcc3a8fdf1a28dcd49792,update homepage and pdf viewer,Sacha Ichbiah,1,parent,51,3261,526,3787,components: 6 files / 2151 LOC; homepage: 21 files / 1467 LOC; tests: 3 files / 93 LOC; public: 12 files / 39 LOC; registry ui: 5 files / 21 LOC; registry json: 3 files / 12 LOC; registry blocks: 1 files / 4 LOC,4,13,6,19,7,116,layout geometry; registry output; render cache; render scheduler; tests; viewer composition,tests/pdf-viewer.test.tsx (+49/-17) | tests/pdf-viewer-layout.test.ts (+23/-0) | registry/new-york-v4/ui/pdf-viewer-layout.ts (+6/-3) | public/r/pdf-viewer.json (+4/-4) | registry/new-york-v4/ui/pdf-viewer-content.tsx (+5/-2) | registry/new-york-v4/ui/pdf-viewer-render-cache.ts (+1/-1) | registry/new-york-v4/ui/pdf-viewer-render-scheduler.ts (+1/-0),Later tuning: raises scrolling render concurrency and cache size while keeping the DPR split. Introduced or changed scrolling-vs-settled rendering quality/DPR behavior. Added or modified page render scheduling/concurrency. Added or modified canvas render cache reuse. Changed page projection to manually managed React roots. Separated visible pages from render/preload windows. Added async page metric preloading for page sizes. Added scroll activity/direction tracking. Changed page layout geometry model. Updated PDF tests. Regenerated registry JSON output. Files: public/r/pdf-viewer.json | registry/new-york-v4/ui/pdf-viewer-content.tsx | registry/new-york-v4/ui/pdf-viewer-layout.ts | registry/new-york-v4/ui/pdf-viewer-render-cache.ts | registry/new-york-v4/ui/pdf-viewer-render-scheduler.ts | tests/pdf-viewer-layout.test.ts | tests/pdf-viewer.test.tsx,"P1 follow-up: changes scrolling render concurrency/cache size; likely affects blink timing, not root cause."
238,2026-06-22,2026-06-22T19:13:24+02:00,8586831,85868314d6e9e2e7000fd2ae10f366a88ae84dc7,update dropzone and viewer components,Sacha Ichbiah,1,parent,47,1361,190,1551,tests: 6 files / 472 LOC; registry ui: 3 files / 374 LOC; components: 8 files / 312 LOC; homepage: 4 files / 171 LOC; registry blocks: 4 files / 161 LOC; registry json: 21 files / 58 LOC; registry.json: 1 files / 3 LOC,0,0,0,0,0,0,,,No PDF viewer path changes.,No PDF relevance.
239,2026-06-22,2026-06-22T23:22:51+02:00,bdd782b,bdd782b1427cef1460259822c9c2ea5664808962,homepage: replace Features tabs with primitives grid,Sacha Ichbiah,1,parent,13,2074,567,2641,homepage: 9 files / 2176 LOC; tests: 1 files / 250 LOC; registry ui: 2 files / 211 LOC; registry json: 1 files / 4 LOC,0,0,0,0,0,0,,,No PDF viewer path changes.,No PDF relevance.
240,2026-06-22,2026-06-22T23:24:13+02:00,f94888c,f94888c6df09058797f08505240c4cfbf35ad56a,homepage: lay out primitives grid as 3 columns x 2 rows,Sacha Ichbiah,1,parent,2,8,8,16,homepage: 2 files / 16 LOC,0,0,0,0,0,0,,,No PDF viewer path changes.,No PDF relevance.
241,2026-06-22,2026-06-22T23:26:18+02:00,282a874,282a8746ade2a5d412e4c86f6be094b17675ac7e,homepage: widen horizontal gap between primitive grid columns,Sacha Ichbiah,1,parent,2,19,7,26,homepage: 2 files / 26 LOC,0,0,0,0,0,0,,,No PDF viewer path changes.,No PDF relevance.
242,2026-06-22,2026-06-22T23:26:33+02:00,7557c05,7557c05df7e536c0084be7fe109f650db9e4e47c,homepage: increase horizontal gap between primitive grid columns further,Sacha Ichbiah,1,parent,1,1,1,2,homepage: 1 files / 2 LOC,0,0,0,0,0,0,,,No PDF viewer path changes.,No PDF relevance.
243,2026-06-22,2026-06-22T23:27:04+02:00,4aec933,4aec9339bdd179f954a7c0af7f2db2b92da0df72,homepage: give primitive mockups A4 (210x297) aspect ratio,Sacha Ichbiah,1,parent,1,1,1,2,homepage: 1 files / 2 LOC,0,0,0,0,0,0,,,No PDF viewer path changes.,No PDF relevance.
244,2026-06-22,2026-06-22T23:29:09+02:00,ce16eee,ce16eee0319644be2c6ae31cb552655204f444eb,homepage: remove subtitles from primitive grid cards,Sacha Ichbiah,1,parent,3,58,129,187,homepage: 3 files / 187 LOC,0,0,0,0,0,0,,,No PDF viewer path changes.,No PDF relevance.
245,2026-06-22,2026-06-22T23:42:35+02:00,2614308,2614308a45753b353763e87c7d17dfcce67ef2e5,homepage: explore universal-document primitives grid,Sacha Ichbiah,1,parent,2,433,1076,1509,homepage: 2 files / 1509 LOC,0,0,0,0,0,0,,,No PDF viewer path changes.,No PDF relevance.
246,2026-06-22,2026-06-22T23:56:09+02:00,9f30bcf,9f30bcf3f11f9cb3333f5cf897b0f0a543c441d2,homepage: refactor primitive overlays into modules and redesign each,Sacha Ichbiah,1,parent,9,1228,732,1960,homepage: 9 files / 1960 LOC,0,0,0,0,0,0,,,No PDF viewer path changes.,No PDF relevance.
247,2026-06-23,2026-06-23T00:22:14+02:00,f8913bc,f8913bcc9b9a2e6902930fcd70920feacc7821ab,homepage: replace enterprise SVG ribbon with flowing-lines canvas,Sacha Ichbiah,1,parent,10,290,150,440,homepage: 8 files / 400 LOC; _shoot.mjs: 1 files / 28 LOC; _err.mjs: 1 files / 12 LOC,0,0,0,0,0,0,,,No PDF viewer path changes.,No PDF relevance.
248,2026-06-23,2026-06-23T00:26:45+02:00,307901d,307901df77e2e37603a87fda19350d49a6dc20f1,homepage: make enterprise flowing lines responsive and edge-to-edge,Sacha Ichbiah,1,parent,4,19,48,67,_shoot.mjs: 1 files / 28 LOC; homepage: 2 files / 27 LOC; _err.mjs: 1 files / 12 LOC,0,0,0,0,0,0,,,No PDF viewer path changes.,No PDF relevance.
249,2026-06-24,2026-06-24T12:50:52+02:00,b9df311,b9df311c672dd557589a681a73e5dc7b8f38fbb6,polish homepage primitives,Sacha Ichbiah,1,parent,11,530,177,707,homepage: 10 files / 619 LOC; app: 1 files / 88 LOC,0,0,0,0,0,0,,,No PDF viewer path changes.,No PDF relevance.
250,2026-06-24,2026-06-24T16:53:57+02:00,76c60ca,76c60cacca5a76687c248c67f042b65d749ed3ec,update homepage,Sacha Ichbiah,1,parent,26,1262,744,2006,homepage: 25 files / 1974 LOC; app: 1 files / 32 LOC,0,0,0,0,0,0,,,No PDF viewer path changes.,No PDF relevance.
251,2026-06-24,2026-06-24T19:58:20+02:00,5bfe8ce,5bfe8ce0c83842f0ca247d8fa14e0b9aa56a5782,update homepage,Sacha Ichbiah,1,parent,2,2,2,4,homepage: 2 files / 4 LOC,0,0,0,0,0,0,,,No PDF viewer path changes.,No PDF relevance.
252,2026-06-24,2026-06-24T20:05:20+02:00,d9f945a,d9f945a34d28c817c2bf814a7be15e2fba7f85ce,remove homepage,Sacha Ichbiah,1,parent,53,1,8594,8595,homepage: 50 files / 8409 LOC; app: 1 files / 180 LOC; lib: 1 files / 4 LOC; next-env.d.ts: 1 files / 2 LOC,0,0,0,0,0,0,,,No PDF viewer path changes.,No PDF relevance.
253,2026-06-25,2026-06-25T02:43:22+02:00,6ce2856,6ce28569973672e2381eb61a0114710089126cb5,update homepage showcase,Sacha Ichbiah,1,parent,1,11,11,22,app: 1 files / 22 LOC,0,0,0,0,0,0,,,No PDF viewer path changes.,No PDF relevance.
254,2026-06-25,2026-06-25T03:05:28+02:00,7ef88ec,7ef88ecc71902f4261db4cd640805d20393f3f66,update sources sidebar,Sacha Ichbiah,1,parent,1,38,50,88,registry blocks: 1 files / 88 LOC,0,0,0,0,0,0,,,No PDF viewer path changes.,No PDF relevance.
255,2026-06-25,2026-06-25T03:07:41+02:00,a9d7769,a9d7769e90acbe3ced22ef6cf9793a66388c4ae5,make source boxes blue,Sacha Ichbiah,1,parent,1,2,1,3,registry ui: 1 files / 3 LOC,0,0,0,0,0,0,,,No PDF viewer path changes.,No PDF relevance.
256,2026-06-25,2026-06-25T03:13:52+02:00,27b8158,27b8158d819f23564b248fdaaa28234db12c71d3,fix homepage sources sidebar,Sacha Ichbiah,1,parent,1,2,1,3,registry blocks: 1 files / 3 LOC,0,0,0,0,0,0,,,No PDF viewer path changes.,No PDF relevance.
