2026-06-11T08:00:00.984Z INFO  xlsx-viewer:worker: consensus reached on 12 voters
2026-06-11T08:00:02.373Z INFO  xlsx-viewer:worker: sheet 5 flattened (64619 rows)
2026-06-11T08:00:03.652Z ERROR csv-viewer: failed to parse report.pdf: unexpected token at byte 585
2026-06-11T08:00:04.541Z DEBUG classify: worker boundary clone 290KB
2026-06-11T08:00:05.853Z WARN  cache: memory pressure: 2924KB resident
2026-06-11T08:00:06.006Z INFO  extract: sheet 2 flattened (73420 rows)
2026-06-11T08:00:06.522Z ERROR pdf-viewer: render aborted for page 187 (cancelled)
2026-06-11T08:00:06.699Z WARN  classify: retrying financials.xlsx (attempt 8)
2026-06-11T08:00:06.872Z WARN  pdf-viewer: memory pressure: 2723KB resident
2026-06-11T08:00:07.592Z INFO  loader: rendered page 383/585
2026-06-11T08:00:07.881Z INFO  extract: consensus reached on 4 voters
2026-06-11T08:00:08.028Z INFO  extract: consensus reached on 6 voters
2026-06-11T08:00:08.347Z DEBUG cache: virtualizer window [389,577] of 585
2026-06-11T08:00:09.160Z INFO  schema: rendered page 179/585
2026-06-11T08:00:09.794Z WARN  split:consensus: bitmap LRU at capacity (8), evicting page@189
2026-06-11T08:00:10.973Z ERROR auth: timeout fetching notes.md after 881ms
2026-06-11T08:00:11.524Z DEBUG split:consensus: virtualizer window [286,585] of 585
2026-06-11T08:00:11.667Z INFO  csv-viewer: extraction emitted 10 fields
2026-06-11T08:00:12.482Z DEBUG loader: scroll progress 0.049
2026-06-11T08:00:13.247Z INFO  xlsx-viewer:worker: consensus reached on 7 voters
2026-06-11T08:00:14.093Z INFO  extract: extraction emitted 2 fields
2026-06-11T08:00:14.870Z INFO  schema: rendered page 109/585
2026-06-11T08:00:15.582Z INFO  xlsx-viewer:worker: detected category=text for deck.pptx
2026-06-11T08:00:15.754Z DEBUG cache: cache hit for contract.docx
2026-06-11T08:00:16.103Z DEBUG schema: worker boundary clone 1399KB
2026-06-11T08:00:16.871Z INFO  schema: extraction emitted 5 fields
2026-06-11T08:00:18.069Z INFO  extract: extraction emitted 3 fields
2026-06-11T08:00:19.126Z INFO  file-viewer: request r9724 accepted
2026-06-11T08:00:19.291Z WARN  metrics: slow render 2118ms for page 546
2026-06-11T08:00:20.508Z INFO  cache: request r6664 accepted
2026-06-11T08:00:20.841Z DEBUG schema: worker boundary clone 519KB
2026-06-11T08:00:21.113Z INFO  cache: sheet 12 flattened (28576 rows)
2026-06-11T08:00:21.843Z DEBUG classify: cache hit for contract.docx
2026-06-11T08:00:22.438Z DEBUG csv-viewer: worker boundary clone 4199KB
2026-06-11T08:00:23.544Z INFO  auth: job job-768 completed in 396ms
2026-06-11T08:00:24.758Z ERROR csv-viewer: timeout fetching notes.md after 245ms
2026-06-11T08:00:25.866Z INFO  schema: uploaded report.pdf (1884KB)
2026-06-11T08:00:26.283Z DEBUG csv-viewer: scroll progress 0.416
2026-06-11T08:00:26.661Z DEBUG csv-viewer: cache hit for deck.pptx
2026-06-11T08:00:26.688Z INFO  pdf-viewer: rendered page 126/585
2026-06-11T08:00:27.187Z DEBUG storage: virtualizer window [193,585] of 585
2026-06-11T08:00:27.912Z DEBUG router: decoded bitmap 206 in 1877ms
2026-06-11T08:00:28.504Z ERROR pdf-viewer: failed to parse scan.tiff: unexpected token at byte 562
2026-06-11T08:00:28.995Z INFO  csv-viewer: consensus reached on 2 voters
2026-06-11T08:00:29.950Z DEBUG loader: virtualizer window [535,563] of 585
2026-06-11T08:00:31.189Z DEBUG classify: decoded bitmap 441 in 449ms
2026-06-11T08:00:32.133Z ERROR xlsx-viewer:worker: failed to parse report.pdf: unexpected token at byte 560
2026-06-11T08:00:33.331Z INFO  router: job job-794 completed in 2164ms
2026-06-11T08:00:34.367Z INFO  router: consensus reached on 3 voters
2026-06-11T08:00:35.301Z INFO  split:consensus: consensus reached on 10 voters
2026-06-11T08:00:36.530Z INFO  extract: job job-110 completed in 1414ms
2026-06-11T08:00:36.816Z WARN  metrics: slow render 2132ms for page 157
2026-06-11T08:00:37.886Z WARN  loader: memory pressure: 2910KB resident
2026-06-11T08:00:39.334Z DEBUG storage: cache hit for notes.md
2026-06-11T08:00:40.524Z INFO  cache: job job-285 completed in 674ms
2026-06-11T08:00:40.727Z INFO  cache: detected category=pptx for financials.xlsx
2026-06-11T08:00:41.375Z INFO  split:consensus: extraction emitted 10 fields
2026-06-11T08:00:41.812Z WARN  xlsx-viewer:worker: bitmap LRU at capacity (8), evicting page@492
2026-06-11T08:00:43.180Z DEBUG metrics: code-split chunk pdf-viewer loaded in 1439ms
2026-06-11T08:00:43.756Z DEBUG split:consensus: worker boundary clone 1701KB
2026-06-11T08:00:44.158Z INFO  xlsx-viewer:worker: consensus reached on 2 voters
2026-06-11T08:00:44.543Z INFO  loader: detected category=pptx for sales.csv
2026-06-11T08:00:45.609Z INFO  schema: uploaded notes.md (3445KB)
2026-06-11T08:00:45.914Z DEBUG auth: decoded bitmap 583 in 934ms
2026-06-11T08:00:46.650Z DEBUG extract: scroll progress 0.177
2026-06-11T08:00:46.735Z DEBUG classify: decoded bitmap 476 in 1395ms
2026-06-11T08:00:46.823Z ERROR router: timeout fetching deck.pptx after 1198ms
2026-06-11T08:00:47.829Z INFO  schema: detected category=text for scan.tiff
2026-06-11T08:00:48.944Z INFO  csv-viewer: sheet 3 flattened (76926 rows)
2026-06-11T08:00:49.589Z INFO  pdf-viewer: rendered page 396/585
2026-06-11T08:00:50.230Z INFO  schema: extraction emitted 5 fields
2026-06-11T08:00:51.683Z WARN  router: memory pressure: 1839KB resident
2026-06-11T08:00:52.711Z ERROR file-viewer: worker job-811 crashed: OOM
2026-06-11T08:00:53.616Z DEBUG cache: virtualizer window [380,572] of 585
2026-06-11T08:00:54.480Z INFO  extract: sheet 7 flattened (46215 rows)
2026-06-11T08:00:54.720Z INFO  loader: detected category=image for scan.tiff
2026-06-11T08:00:55.953Z DEBUG extract: code-split chunk docx-viewer loaded in 219ms
2026-06-11T08:00:56.325Z DEBUG cache: code-split chunk docx-viewer loaded in 1981ms
2026-06-11T08:00:56.613Z DEBUG schema: cache hit for scan.tiff
2026-06-11T08:00:57.475Z INFO  file-viewer: uploaded deck.pptx (4295KB)
2026-06-11T08:00:58.897Z INFO  router: job job-865 completed in 521ms
2026-06-11T08:00:59.176Z WARN  metrics: retrying deck.pptx (attempt 3)
2026-06-11T08:00:59.588Z INFO  metrics: rendered page 278/585
2026-06-11T08:00:59.887Z INFO  split:consensus: rendered page 318/585
2026-06-11T08:01:01.072Z WARN  xlsx-viewer:worker: memory pressure: 1227KB resident
2026-06-11T08:01:01.932Z DEBUG schema: worker boundary clone 3032KB
2026-06-11T08:01:03.203Z INFO  cache: request r4447 accepted
2026-06-11T08:01:04.102Z INFO  split:consensus: rendered page 78/585
2026-06-11T08:01:04.528Z INFO  extract: extraction emitted 5 fields
2026-06-11T08:01:05.419Z INFO  loader: sheet 9 flattened (12563 rows)
2026-06-11T08:01:06.348Z WARN  file-viewer: retrying scan.tiff (attempt 11)
2026-06-11T08:01:06.403Z WARN  auth: memory pressure: 4316KB resident
2026-06-11T08:01:07.195Z INFO  file-viewer: uploaded report.pdf (2807KB)
2026-06-11T08:01:07.784Z DEBUG split:consensus: decoded bitmap 327 in 2026ms
2026-06-11T08:01:09.031Z DEBUG xlsx-viewer:worker: code-split chunk docx-viewer loaded in 1795ms
2026-06-11T08:01:09.296Z INFO  csv-viewer: detected category=xlsx for notes.md
2026-06-11T08:01:10.449Z DEBUG csv-viewer: scroll progress 0.349
2026-06-11T08:01:11.513Z DEBUG split:consensus: code-split chunk schema-builder loaded in 1864ms
2026-06-11T08:01:12.932Z INFO  cache: job job-802 completed in 2342ms
2026-06-11T08:01:13.282Z INFO  classify: rendered page 11/585
2026-06-11T08:01:14.402Z ERROR extract: timeout fetching sales.csv after 1470ms
2026-06-11T08:01:15.475Z INFO  loader: request r5966 accepted
2026-06-11T08:01:16.352Z INFO  extract: extraction emitted 2 fields
2026-06-11T08:01:17.666Z INFO  metrics: sheet 1 flattened (35552 rows)
2026-06-11T08:01:18.630Z DEBUG storage: scroll progress 0.133
2026-06-11T08:01:19.715Z INFO  extract: sheet 7 flattened (19778 rows)
2026-06-11T08:01:20.860Z ERROR classify: render aborted for page 129 (cancelled)
2026-06-11T08:01:21.075Z INFO  storage: job job-728 completed in 2309ms
2026-06-11T08:01:21.925Z INFO  router: detected category=xlsx for financials.xlsx
2026-06-11T08:01:22.469Z ERROR storage: timeout fetching sales.csv after 607ms
2026-06-11T08:01:23.960Z ERROR split:consensus: timeout fetching notes.md after 2154ms
2026-06-11T08:01:25.014Z DEBUG csv-viewer: scroll progress 0.965
2026-06-11T08:01:25.427Z INFO  pdf-viewer: sheet 7 flattened (39903 rows)
2026-06-11T08:01:26.124Z DEBUG loader: scroll progress 0.654
2026-06-11T08:01:26.311Z DEBUG file-viewer: decoded bitmap 468 in 1421ms
2026-06-11T08:01:27.580Z INFO  pdf-viewer: consensus reached on 2 voters
2026-06-11T08:01:27.878Z WARN  xlsx-viewer:worker: slow render 1942ms for page 376
2026-06-11T08:01:28.111Z ERROR classify: worker job-680 crashed: OOM
2026-06-11T08:01:29.551Z WARN  auth: bitmap LRU at capacity (8), evicting page@458
2026-06-11T08:01:31.004Z ERROR schema: worker job-358 crashed: OOM
2026-06-11T08:01:31.433Z INFO  extract: detected category=pptx for financials.xlsx
2026-06-11T08:01:32.878Z INFO  pdf-viewer: request r2433 accepted
2026-06-11T08:01:34.244Z WARN  xlsx-viewer:worker: retrying financials.xlsx (attempt 6)
2026-06-11T08:01:34.444Z INFO  auth: consensus reached on 6 voters
2026-06-11T08:01:35.011Z ERROR cache: render aborted for page 150 (cancelled)
2026-06-11T08:01:35.609Z ERROR cache: render aborted for page 459 (cancelled)
2026-06-11T08:01:36.795Z INFO  schema: uploaded financials.xlsx (3830KB)
2026-06-11T08:01:37.154Z INFO  metrics: sheet 6 flattened (61193 rows)
2026-06-11T08:01:37.507Z INFO  storage: rendered page 90/585
2026-06-11T08:01:38.386Z DEBUG csv-viewer: scroll progress 0.661
2026-06-11T08:01:38.768Z INFO  loader: detected category=xlsx for financials.xlsx
2026-06-11T08:01:39.336Z WARN  split:consensus: slow render 2364ms for page 140
2026-06-11T08:01:40.109Z INFO  metrics: sheet 11 flattened (9426 rows)
2026-06-11T08:01:41.025Z INFO  csv-viewer: uploaded notes.md (1994KB)
2026-06-11T08:01:41.119Z DEBUG cache: cache hit for contract.docx
2026-06-11T08:01:41.864Z INFO  file-viewer: request r8486 accepted
2026-06-11T08:01:42.515Z DEBUG storage: decoded bitmap 365 in 1638ms
2026-06-11T08:01:42.951Z INFO  auth: request r2580 accepted
2026-06-11T08:01:43.867Z DEBUG xlsx-viewer:worker: worker boundary clone 3903KB
2026-06-11T08:01:45.015Z ERROR extract: failed to parse sales.csv: unexpected token at byte 573
2026-06-11T08:01:46.303Z DEBUG cache: cache hit for financials.xlsx
2026-06-11T08:01:46.674Z DEBUG loader: code-split chunk pptx-viewer loaded in 1066ms
2026-06-11T08:01:47.812Z ERROR classify: render aborted for page 172 (cancelled)
2026-06-11T08:01:49.045Z WARN  cache: slow render 125ms for page 352
2026-06-11T08:01:49.568Z WARN  split:consensus: retrying sales.csv (attempt 3)
2026-06-11T08:01:49.970Z WARN  extract: retrying report.pdf (attempt 2)
2026-06-11T08:01:50.464Z INFO  file-viewer: sheet 10 flattened (44641 rows)
2026-06-11T08:01:51.040Z DEBUG split:consensus: virtualizer window [483,560] of 585
2026-06-11T08:01:51.893Z WARN  file-viewer: bitmap LRU at capacity (8), evicting page@130
2026-06-11T08:01:52.439Z DEBUG classify: cache hit for scan.tiff
2026-06-11T08:01:53.669Z INFO  storage: request r3165 accepted
2026-06-11T08:01:53.716Z INFO  loader: job job-208 completed in 1414ms
2026-06-11T08:01:54.871Z INFO  metrics: uploaded report.pdf (1233KB)
2026-06-11T08:01:56.029Z ERROR extract: worker job-275 crashed: OOM
2026-06-11T08:01:56.910Z WARN  xlsx-viewer:worker: retrying deck.pptx (attempt 10)
2026-06-11T08:01:57.927Z INFO  xlsx-viewer:worker: extraction emitted 9 fields
2026-06-11T08:01:58.513Z INFO  classify: sheet 8 flattened (28570 rows)
2026-06-11T08:01:59.137Z ERROR pdf-viewer: timeout fetching contract.docx after 952ms
2026-06-11T08:01:59.701Z INFO  schema: extraction emitted 6 fields
2026-06-11T08:02:00.915Z INFO  pdf-viewer: job job-317 completed in 1316ms
2026-06-11T08:02:02.298Z WARN  split:consensus: retrying notes.md (attempt 12)
2026-06-11T08:02:02.832Z INFO  file-viewer: request r6853 accepted
2026-06-11T08:02:03.280Z WARN  loader: bitmap LRU at capacity (8), evicting page@523
2026-06-11T08:02:04.108Z WARN  auth: bitmap LRU at capacity (8), evicting page@285
2026-06-11T08:02:05.302Z WARN  pdf-viewer: retrying notes.md (attempt 12)
2026-06-11T08:02:05.653Z INFO  loader: uploaded report.pdf (649KB)
2026-06-11T08:02:06.634Z DEBUG classify: scroll progress 0.523
2026-06-11T08:02:06.898Z DEBUG storage: worker boundary clone 4378KB
2026-06-11T08:02:08.049Z DEBUG storage: code-split chunk schema-builder loaded in 1589ms
2026-06-11T08:02:08.862Z INFO  schema: uploaded deck.pptx (1854KB)
2026-06-11T08:02:09.623Z DEBUG schema: decoded bitmap 393 in 2360ms
2026-06-11T08:02:09.692Z INFO  split:consensus: rendered page 344/585
2026-06-11T08:02:11.083Z DEBUG csv-viewer: scroll progress 0.329
2026-06-11T08:02:11.903Z INFO  pdf-viewer: request r5021 accepted
2026-06-11T08:02:12.277Z DEBUG extract: scroll progress 0.632
2026-06-11T08:02:12.366Z INFO  cache: request r1794 accepted
2026-06-11T08:02:13.172Z ERROR cache: failed to parse notes.md: unexpected token at byte 580
2026-06-11T08:02:14.003Z INFO  loader: job job-500 completed in 388ms
2026-06-11T08:02:14.840Z INFO  router: job job-382 completed in 2142ms
2026-06-11T08:02:14.916Z ERROR auth: render aborted for page 229 (cancelled)
2026-06-11T08:02:15.263Z ERROR cache: timeout fetching report.pdf after 982ms
2026-06-11T08:02:16.705Z ERROR pdf-viewer: timeout fetching report.pdf after 2130ms
2026-06-11T08:02:17.343Z DEBUG pdf-viewer: virtualizer window [265,578] of 585
2026-06-11T08:02:18.767Z INFO  extract: request r5892 accepted
2026-06-11T08:02:19.901Z DEBUG cache: scroll progress 0.535
2026-06-11T08:02:21.103Z INFO  split:consensus: consensus reached on 7 voters
2026-06-11T08:02:21.187Z DEBUG router: cache hit for financials.xlsx
2026-06-11T08:02:21.642Z WARN  split:consensus: slow render 1172ms for page 192
2026-06-11T08:02:22.962Z INFO  metrics: job job-113 completed in 1433ms
2026-06-11T08:02:23.207Z DEBUG loader: worker boundary clone 2956KB
2026-06-11T08:02:24.304Z DEBUG file-viewer: worker boundary clone 3161KB
2026-06-11T08:02:24.977Z WARN  loader: bitmap LRU at capacity (8), evicting page@51
2026-06-11T08:02:25.236Z DEBUG csv-viewer: code-split chunk schema-builder loaded in 1447ms
2026-06-11T08:02:25.678Z INFO  storage: request r1807 accepted
2026-06-11T08:02:26.799Z INFO  split:consensus: consensus reached on 8 voters
2026-06-11T08:02:27.210Z DEBUG auth: virtualizer window [24,579] of 585
2026-06-11T08:02:27.832Z DEBUG router: decoded bitmap 383 in 1996ms
2026-06-11T08:02:28.498Z INFO  pdf-viewer: extraction emitted 12 fields
2026-06-11T08:02:28.732Z INFO  classify: sheet 12 flattened (12996 rows)
2026-06-11T08:02:29.235Z INFO  classify: request r8321 accepted
2026-06-11T08:02:29.581Z INFO  pdf-viewer: detected category=image for notes.md
2026-06-11T08:02:30.860Z WARN  extract: memory pressure: 1878KB resident
2026-06-11T08:02:31.731Z WARN  pdf-viewer: slow render 1709ms for page 426
2026-06-11T08:02:33.225Z WARN  auth: slow render 1317ms for page 189
2026-06-11T08:02:34.071Z ERROR storage: timeout fetching financials.xlsx after 1598ms
2026-06-11T08:02:34.640Z ERROR router: timeout fetching deck.pptx after 1050ms
2026-06-11T08:02:36.139Z WARN  storage: retrying notes.md (attempt 10)
2026-06-11T08:02:37.188Z INFO  pdf-viewer: consensus reached on 4 voters
2026-06-11T08:02:38.219Z DEBUG loader: scroll progress 0.527
2026-06-11T08:02:38.709Z INFO  schema: rendered page 361/585
2026-06-11T08:02:39.785Z DEBUG storage: virtualizer window [282,564] of 585
2026-06-11T08:02:41.232Z ERROR extract: failed to parse financials.xlsx: unexpected token at byte 567
2026-06-11T08:02:42.082Z DEBUG xlsx-viewer:worker: cache hit for scan.tiff
2026-06-11T08:02:42.333Z INFO  schema: request r3723 accepted
2026-06-11T08:02:43.052Z DEBUG router: scroll progress 0.646
2026-06-11T08:02:43.140Z INFO  cache: detected category=pdf for financials.xlsx
2026-06-11T08:02:43.655Z ERROR auth: failed to parse financials.xlsx: unexpected token at byte 585
2026-06-11T08:02:43.903Z INFO  pdf-viewer: uploaded sales.csv (1282KB)
2026-06-11T08:02:44.670Z WARN  split:consensus: retrying financials.xlsx (attempt 8)
2026-06-11T08:02:45.964Z DEBUG auth: virtualizer window [333,570] of 585
2026-06-11T08:02:47.204Z DEBUG cache: scroll progress 0.306
2026-06-11T08:02:48.181Z DEBUG pdf-viewer: decoded bitmap 226 in 273ms
2026-06-11T08:02:48.978Z DEBUG csv-viewer: scroll progress 0.234
2026-06-11T08:02:50.081Z ERROR loader: worker job-472 crashed: OOM
2026-06-11T08:02:51.393Z DEBUG extract: scroll progress 0.143
2026-06-11T08:02:51.677Z INFO  storage: detected category=pdf for notes.md
2026-06-11T08:02:52.473Z ERROR cache: render aborted for page 316 (cancelled)
2026-06-11T08:02:52.733Z INFO  cache: request r6075 accepted
2026-06-11T08:02:53.813Z WARN  xlsx-viewer:worker: slow render 1406ms for page 39
2026-06-11T08:02:55.100Z DEBUG cache: cache hit for notes.md
2026-06-11T08:02:56.149Z ERROR csv-viewer: failed to parse sales.csv: unexpected token at byte 565
2026-06-11T08:02:56.559Z INFO  pdf-viewer: extraction emitted 3 fields
2026-06-11T08:02:56.901Z WARN  cache: retrying report.pdf (attempt 3)
2026-06-11T08:02:56.968Z ERROR cache: worker job-372 crashed: OOM
2026-06-11T08:02:57.212Z INFO  csv-viewer: job job-320 completed in 1077ms
2026-06-11T08:02:58.028Z WARN  xlsx-viewer:worker: retrying sales.csv (attempt 11)
2026-06-11T08:02:59.267Z WARN  schema: slow render 2222ms for page 517
2026-06-11T08:02:59.828Z DEBUG split:consensus: worker boundary clone 2919KB
2026-06-11T08:03:00.617Z INFO  storage: sheet 2 flattened (27974 rows)
2026-06-11T08:03:01.002Z INFO  xlsx-viewer:worker: detected category=pdf for financials.xlsx
2026-06-11T08:03:02.018Z INFO  split:consensus: job job-435 completed in 720ms
2026-06-11T08:03:02.994Z DEBUG csv-viewer: scroll progress 0.822
2026-06-11T08:03:04.088Z ERROR csv-viewer: render aborted for page 339 (cancelled)
2026-06-11T08:03:05.270Z WARN  extract: retrying notes.md (attempt 11)
2026-06-11T08:03:05.898Z INFO  schema: sheet 12 flattened (55903 rows)
2026-06-11T08:03:07.176Z ERROR pdf-viewer: timeout fetching contract.docx after 1194ms
2026-06-11T08:03:07.800Z DEBUG cache: worker boundary clone 1257KB
2026-06-11T08:03:08.458Z INFO  extract: rendered page 519/585
2026-06-11T08:03:09.378Z ERROR classify: timeout fetching notes.md after 2020ms
2026-06-11T08:03:10.332Z INFO  router: extraction emitted 2 fields
2026-06-11T08:03:11.138Z INFO  csv-viewer: job job-551 completed in 2155ms
2026-06-11T08:03:12.084Z ERROR xlsx-viewer:worker: worker job-688 crashed: OOM
2026-06-11T08:03:13.443Z INFO  csv-viewer: extraction emitted 11 fields
2026-06-11T08:03:13.577Z INFO  loader: detected category=pdf for contract.docx
2026-06-11T08:03:13.842Z DEBUG cache: virtualizer window [82,564] of 585
2026-06-11T08:03:13.896Z INFO  xlsx-viewer:worker: extraction emitted 4 fields
2026-06-11T08:03:14.361Z DEBUG loader: cache hit for financials.xlsx
2026-06-11T08:03:15.416Z WARN  xlsx-viewer:worker: memory pressure: 2437KB resident
2026-06-11T08:03:16.648Z DEBUG loader: worker boundary clone 4196KB
2026-06-11T08:03:17.649Z WARN  pdf-viewer: retrying sales.csv (attempt 8)
2026-06-11T08:03:18.790Z INFO  csv-viewer: sheet 8 flattened (55699 rows)
2026-06-11T08:03:19.825Z ERROR router: render aborted for page 456 (cancelled)
2026-06-11T08:03:20.948Z INFO  loader: job job-489 completed in 1929ms
2026-06-11T08:03:21.159Z ERROR metrics: render aborted for page 367 (cancelled)
2026-06-11T08:03:21.669Z DEBUG auth: scroll progress 0.776
2026-06-11T08:03:22.189Z INFO  router: detected category=text for financials.xlsx
2026-06-11T08:03:23.402Z DEBUG pdf-viewer: virtualizer window [368,560] of 585
2026-06-11T08:03:24.241Z INFO  split:consensus: request r6950 accepted
2026-06-11T08:03:25.044Z INFO  extract: job job-956 completed in 1022ms
2026-06-11T08:03:26.113Z DEBUG loader: cache hit for deck.pptx
2026-06-11T08:03:27.438Z DEBUG classify: code-split chunk pptx-viewer loaded in 2246ms
2026-06-11T08:03:27.856Z INFO  loader: uploaded notes.md (959KB)
2026-06-11T08:03:28.382Z DEBUG cache: cache hit for notes.md
2026-06-11T08:03:28.883Z INFO  csv-viewer: consensus reached on 2 voters
2026-06-11T08:03:29.135Z WARN  xlsx-viewer:worker: bitmap LRU at capacity (8), evicting page@277
2026-06-11T08:03:30.599Z INFO  csv-viewer: sheet 10 flattened (5699 rows)
2026-06-11T08:03:31.970Z INFO  extract: detected category=pptx for financials.xlsx
2026-06-11T08:03:32.571Z INFO  router: consensus reached on 3 voters
2026-06-11T08:03:33.196Z INFO  extract: extraction emitted 12 fields
2026-06-11T08:03:33.809Z WARN  xlsx-viewer:worker: bitmap LRU at capacity (8), evicting page@259
2026-06-11T08:03:34.431Z DEBUG extract: cache hit for sales.csv
2026-06-11T08:03:35.843Z INFO  storage: job job-289 completed in 1666ms
2026-06-11T08:03:36.396Z DEBUG xlsx-viewer:worker: decoded bitmap 451 in 2232ms
2026-06-11T08:03:37.857Z WARN  file-viewer: slow render 839ms for page 562
2026-06-11T08:03:38.601Z DEBUG loader: virtualizer window [39,567] of 585
2026-06-11T08:03:39.986Z DEBUG loader: code-split chunk image-viewer loaded in 1438ms
2026-06-11T08:03:40.963Z INFO  metrics: detected category=xlsx for contract.docx
2026-06-11T08:03:41.799Z INFO  csv-viewer: sheet 11 flattened (10493 rows)
2026-06-11T08:03:42.067Z DEBUG router: decoded bitmap 79 in 1832ms
2026-06-11T08:03:42.245Z DEBUG cache: cache hit for report.pdf
2026-06-11T08:03:42.304Z DEBUG router: virtualizer window [187,570] of 585
2026-06-11T08:03:42.829Z DEBUG storage: virtualizer window [512,570] of 585
2026-06-11T08:03:42.930Z INFO  split:consensus: job job-921 completed in 353ms
2026-06-11T08:03:43.428Z INFO  auth: sheet 6 flattened (68459 rows)
2026-06-11T08:03:43.995Z DEBUG classify: decoded bitmap 572 in 1262ms
2026-06-11T08:03:44.943Z DEBUG xlsx-viewer:worker: virtualizer window [62,565] of 585
2026-06-11T08:03:45.943Z INFO  metrics: sheet 12 flattened (34421 rows)
2026-06-11T08:03:47.178Z ERROR split:consensus: timeout fetching deck.pptx after 1084ms
2026-06-11T08:03:47.462Z DEBUG xlsx-viewer:worker: virtualizer window [42,582] of 585
2026-06-11T08:03:48.045Z ERROR xlsx-viewer:worker: failed to parse financials.xlsx: unexpected token at byte 563
2026-06-11T08:03:49.025Z DEBUG storage: virtualizer window [135,584] of 585
2026-06-11T08:03:49.216Z ERROR split:consensus: worker job-143 crashed: OOM
2026-06-11T08:03:49.825Z WARN  auth: retrying scan.tiff (attempt 5)
2026-06-11T08:03:50.246Z INFO  loader: sheet 12 flattened (47326 rows)
2026-06-11T08:03:51.009Z WARN  storage: retrying contract.docx (attempt 11)
2026-06-11T08:03:51.033Z INFO  auth: request r3744 accepted
2026-06-11T08:03:51.069Z INFO  auth: consensus reached on 4 voters
2026-06-11T08:03:51.695Z DEBUG storage: decoded bitmap 406 in 2180ms
2026-06-11T08:03:52.215Z INFO  xlsx-viewer:worker: uploaded notes.md (1771KB)
2026-06-11T08:03:53.463Z DEBUG xlsx-viewer:worker: virtualizer window [331,560] of 585
2026-06-11T08:03:53.797Z DEBUG storage: code-split chunk pptx-viewer loaded in 535ms
2026-06-11T08:03:54.270Z DEBUG router: code-split chunk xlsx-viewer loaded in 2159ms
2026-06-11T08:03:55.518Z WARN  schema: memory pressure: 3717KB resident
2026-06-11T08:03:56.720Z INFO  loader: rendered page 441/585
2026-06-11T08:03:57.667Z INFO  classify: uploaded scan.tiff (914KB)
2026-06-11T08:03:58.215Z INFO  csv-viewer: sheet 3 flattened (14311 rows)
2026-06-11T08:03:59.428Z INFO  router: sheet 6 flattened (16482 rows)
2026-06-11T08:04:00.473Z INFO  xlsx-viewer:worker: sheet 6 flattened (49167 rows)
2026-06-11T08:04:00.948Z DEBUG router: scroll progress 0.186
2026-06-11T08:04:02.344Z DEBUG pdf-viewer: decoded bitmap 43 in 2072ms
2026-06-11T08:04:03.786Z INFO  metrics: request r9156 accepted
2026-06-11T08:04:04.424Z INFO  cache: job job-357 completed in 2111ms
2026-06-11T08:04:04.991Z ERROR metrics: timeout fetching notes.md after 802ms
2026-06-11T08:04:06.295Z INFO  cache: extraction emitted 10 fields
2026-06-11T08:04:06.982Z DEBUG auth: scroll progress 0.758
2026-06-11T08:04:07.657Z INFO  storage: consensus reached on 12 voters
2026-06-11T08:04:08.849Z DEBUG csv-viewer: scroll progress 0.92
2026-06-11T08:04:09.286Z INFO  storage: request r7106 accepted
2026-06-11T08:04:10.551Z DEBUG loader: scroll progress 0.656
2026-06-11T08:04:11.553Z WARN  split:consensus: slow render 1571ms for page 157
2026-06-11T08:04:11.680Z INFO  metrics: rendered page 499/585
2026-06-11T08:04:12.301Z DEBUG csv-viewer: scroll progress 0.504
2026-06-11T08:04:12.685Z ERROR extract: failed to parse contract.docx: unexpected token at byte 584
2026-06-11T08:04:13.464Z DEBUG loader: scroll progress 0.776
2026-06-11T08:04:13.849Z DEBUG xlsx-viewer:worker: scroll progress 0.949
2026-06-11T08:04:15.010Z INFO  schema: job job-136 completed in 1984ms
2026-06-11T08:04:15.917Z DEBUG xlsx-viewer:worker: code-split chunk pptx-viewer loaded in 2371ms
2026-06-11T08:04:17.040Z INFO  schema: extraction emitted 12 fields
2026-06-11T08:04:17.689Z INFO  pdf-viewer: request r4976 accepted
2026-06-11T08:04:18.123Z ERROR extract: failed to parse scan.tiff: unexpected token at byte 561
2026-06-11T08:04:18.334Z ERROR pdf-viewer: render aborted for page 373 (cancelled)
2026-06-11T08:04:19.362Z INFO  schema: sheet 4 flattened (5219 rows)
2026-06-11T08:04:20.825Z WARN  cache: memory pressure: 3723KB resident
2026-06-11T08:04:21.981Z DEBUG csv-viewer: virtualizer window [198,576] of 585
2026-06-11T08:04:22.420Z DEBUG file-viewer: cache hit for notes.md
2026-06-11T08:04:22.615Z INFO  schema: sheet 12 flattened (75817 rows)
2026-06-11T08:04:23.811Z INFO  split:consensus: job job-986 completed in 1113ms
2026-06-11T08:04:25.231Z INFO  xlsx-viewer:worker: detected category=text for deck.pptx
2026-06-11T08:04:25.681Z ERROR xlsx-viewer:worker: worker job-409 crashed: OOM
2026-06-11T08:04:26.854Z DEBUG metrics: code-split chunk pdf-viewer loaded in 1776ms
2026-06-11T08:04:27.475Z WARN  schema: slow render 801ms for page 87
2026-06-11T08:04:28.046Z WARN  schema: bitmap LRU at capacity (8), evicting page@198
2026-06-11T08:04:28.812Z INFO  csv-viewer: sheet 5 flattened (66044 rows)
2026-06-11T08:04:28.850Z DEBUG metrics: scroll progress 0.316
2026-06-11T08:04:29.000Z DEBUG xlsx-viewer:worker: code-split chunk image-viewer loaded in 958ms
2026-06-11T08:04:29.476Z INFO  split:consensus: request r4811 accepted
2026-06-11T08:04:30.453Z INFO  auth: detected category=xlsx for report.pdf
2026-06-11T08:04:31.089Z DEBUG router: decoded bitmap 452 in 1343ms
2026-06-11T08:04:31.513Z WARN  pdf-viewer: memory pressure: 4401KB resident
2026-06-11T08:04:32.519Z INFO  metrics: rendered page 440/585
2026-06-11T08:04:33.527Z INFO  storage: rendered page 54/585
2026-06-11T08:04:33.662Z INFO  csv-viewer: consensus reached on 11 voters
2026-06-11T08:04:34.622Z WARN  cache: memory pressure: 530KB resident
2026-06-11T08:04:34.984Z DEBUG csv-viewer: worker boundary clone 1857KB
2026-06-11T08:04:35.203Z WARN  schema: bitmap LRU at capacity (8), evicting page@546
2026-06-11T08:04:35.341Z INFO  metrics: job job-797 completed in 602ms
2026-06-11T08:04:35.599Z ERROR loader: failed to parse notes.md: unexpected token at byte 582
2026-06-11T08:04:36.689Z INFO  auth: extraction emitted 8 fields
2026-06-11T08:04:36.892Z ERROR xlsx-viewer:worker: render aborted for page 105 (cancelled)
2026-06-11T08:04:37.240Z DEBUG metrics: code-split chunk schema-builder loaded in 1893ms
2026-06-11T08:04:37.808Z INFO  csv-viewer: rendered page 384/585
2026-06-11T08:04:38.012Z ERROR metrics: timeout fetching deck.pptx after 823ms
2026-06-11T08:04:38.721Z DEBUG schema: worker boundary clone 4296KB
2026-06-11T08:04:39.221Z INFO  loader: job job-739 completed in 1021ms
2026-06-11T08:04:39.982Z DEBUG xlsx-viewer:worker: worker boundary clone 3199KB
2026-06-11T08:04:41.381Z INFO  cache: rendered page 351/585
2026-06-11T08:04:41.783Z INFO  storage: sheet 12 flattened (74621 rows)
2026-06-11T08:04:41.984Z INFO  pdf-viewer: consensus reached on 12 voters
2026-06-11T08:04:42.719Z INFO  metrics: rendered page 436/585
2026-06-11T08:04:43.104Z DEBUG schema: code-split chunk pptx-viewer loaded in 142ms
2026-06-11T08:04:44.429Z DEBUG auth: virtualizer window [354,571] of 585
2026-06-11T08:04:45.622Z INFO  metrics: consensus reached on 4 voters
2026-06-11T08:04:46.883Z DEBUG classify: decoded bitmap 187 in 226ms
2026-06-11T08:04:47.721Z DEBUG auth: code-split chunk pdf-viewer loaded in 1662ms
2026-06-11T08:04:48.947Z ERROR storage: timeout fetching financials.xlsx after 1377ms
2026-06-11T08:04:49.274Z INFO  auth: sheet 2 flattened (42776 rows)
2026-06-11T08:04:50.732Z DEBUG extract: scroll progress 0.189
2026-06-11T08:04:51.271Z INFO  classify: rendered page 423/585
2026-06-11T08:04:51.444Z WARN  auth: bitmap LRU at capacity (8), evicting page@310
2026-06-11T08:04:51.523Z ERROR classify: worker job-137 crashed: OOM
2026-06-11T08:04:51.611Z INFO  loader: uploaded deck.pptx (2968KB)
2026-06-11T08:04:52.382Z DEBUG storage: code-split chunk pdf-viewer loaded in 1806ms
2026-06-11T08:04:53.196Z DEBUG metrics: decoded bitmap 105 in 2160ms
2026-06-11T08:04:54.011Z INFO  split:consensus: extraction emitted 2 fields
2026-06-11T08:04:54.944Z DEBUG pdf-viewer: worker boundary clone 4419KB
2026-06-11T08:04:55.048Z DEBUG classify: scroll progress 0.981
2026-06-11T08:04:55.557Z DEBUG router: virtualizer window [133,564] of 585
2026-06-11T08:04:56.312Z ERROR cache: failed to parse sales.csv: unexpected token at byte 566
2026-06-11T08:04:56.589Z DEBUG split:consensus: code-split chunk image-viewer loaded in 577ms
2026-06-11T08:04:57.265Z INFO  router: rendered page 259/585
2026-06-11T08:04:58.320Z ERROR csv-viewer: failed to parse report.pdf: unexpected token at byte 581
2026-06-11T08:04:58.458Z ERROR cache: failed to parse sales.csv: unexpected token at byte 561
2026-06-11T08:04:58.660Z DEBUG file-viewer: scroll progress 0.576
2026-06-11T08:04:59.355Z WARN  xlsx-viewer:worker: memory pressure: 3098KB resident
2026-06-11T08:05:00.190Z DEBUG loader: decoded bitmap 371 in 1536ms
2026-06-11T08:05:01.572Z ERROR storage: timeout fetching report.pdf after 1214ms
2026-06-11T08:05:02.779Z INFO  xlsx-viewer:worker: request r1971 accepted
2026-06-11T08:05:03.555Z INFO  file-viewer: detected category=image for scan.tiff
2026-06-11T08:05:04.031Z DEBUG pdf-viewer: decoded bitmap 458 in 1662ms
2026-06-11T08:05:04.104Z DEBUG schema: scroll progress 0.628
2026-06-11T08:05:04.460Z ERROR xlsx-viewer:worker: failed to parse sales.csv: unexpected token at byte 581
2026-06-11T08:05:05.080Z WARN  schema: memory pressure: 3144KB resident
2026-06-11T08:05:05.639Z INFO  classify: uploaded notes.md (4460KB)
2026-06-11T08:05:06.767Z DEBUG cache: virtualizer window [287,562] of 585
2026-06-11T08:05:07.634Z WARN  metrics: slow render 795ms for page 502
2026-06-11T08:05:08.774Z INFO  pdf-viewer: request r5387 accepted
2026-06-11T08:05:08.904Z DEBUG schema: scroll progress 0.682
2026-06-11T08:05:09.084Z WARN  router: memory pressure: 1415KB resident
2026-06-11T08:05:09.464Z WARN  split:consensus: retrying contract.docx (attempt 2)
2026-06-11T08:05:10.076Z INFO  storage: sheet 11 flattened (66391 rows)
2026-06-11T08:05:11.074Z INFO  storage: sheet 4 flattened (56127 rows)
2026-06-11T08:05:11.713Z DEBUG loader: scroll progress 0.244
2026-06-11T08:05:12.179Z DEBUG file-viewer: code-split chunk xlsx-viewer loaded in 957ms
2026-06-11T08:05:12.541Z DEBUG pdf-viewer: scroll progress 0.705
2026-06-11T08:05:14.017Z INFO  classify: extraction emitted 5 fields
2026-06-11T08:05:15.444Z DEBUG xlsx-viewer:worker: scroll progress 0.875
2026-06-11T08:05:15.807Z WARN  pdf-viewer: bitmap LRU at capacity (8), evicting page@306
2026-06-11T08:05:16.758Z INFO  file-viewer: uploaded contract.docx (3165KB)
2026-06-11T08:05:17.406Z INFO  csv-viewer: request r2202 accepted
2026-06-11T08:05:18.393Z INFO  metrics: rendered page 331/585
2026-06-11T08:05:18.734Z DEBUG classify: scroll progress 0.854
2026-06-11T08:05:18.988Z INFO  file-viewer: request r3547 accepted
2026-06-11T08:05:20.118Z WARN  xlsx-viewer:worker: retrying report.pdf (attempt 6)
2026-06-11T08:05:20.894Z DEBUG file-viewer: cache hit for contract.docx
2026-06-11T08:05:21.932Z ERROR classify: failed to parse scan.tiff: unexpected token at byte 568
2026-06-11T08:05:23.365Z ERROR metrics: failed to parse financials.xlsx: unexpected token at byte 565
2026-06-11T08:05:23.673Z INFO  csv-viewer: extraction emitted 8 fields
2026-06-11T08:05:25.102Z INFO  extract: detected category=image for scan.tiff
2026-06-11T08:05:26.166Z INFO  extract: uploaded sales.csv (1464KB)
2026-06-11T08:05:26.710Z ERROR loader: timeout fetching report.pdf after 1432ms
2026-06-11T08:05:27.705Z INFO  csv-viewer: extraction emitted 3 fields
2026-06-11T08:05:27.876Z ERROR extract: render aborted for page 10 (cancelled)
2026-06-11T08:05:28.833Z INFO  extract: job job-700 completed in 1961ms
2026-06-11T08:05:28.941Z INFO  cache: rendered page 405/585
2026-06-11T08:05:29.128Z INFO  split:consensus: detected category=pptx for contract.docx
2026-06-11T08:05:29.205Z WARN  pdf-viewer: bitmap LRU at capacity (8), evicting page@218
2026-06-11T08:05:29.944Z INFO  auth: request r2698 accepted
2026-06-11T08:05:29.973Z INFO  csv-viewer: extraction emitted 4 fields
2026-06-11T08:05:31.354Z WARN  schema: bitmap LRU at capacity (8), evicting page@238
2026-06-11T08:05:32.610Z DEBUG classify: cache hit for report.pdf
2026-06-11T08:05:33.174Z INFO  classify: uploaded financials.xlsx (1884KB)
2026-06-11T08:05:33.816Z INFO  xlsx-viewer:worker: uploaded report.pdf (989KB)
2026-06-11T08:05:34.103Z INFO  storage: rendered page 394/585
2026-06-11T08:05:34.551Z WARN  pdf-viewer: memory pressure: 2812KB resident
2026-06-11T08:05:35.050Z DEBUG storage: cache hit for report.pdf
2026-06-11T08:05:35.112Z INFO  csv-viewer: uploaded contract.docx (1829KB)
2026-06-11T08:05:35.178Z INFO  xlsx-viewer:worker: extraction emitted 3 fields
2026-06-11T08:05:36.190Z DEBUG pdf-viewer: scroll progress 0.973
2026-06-11T08:05:37.087Z INFO  storage: job job-779 completed in 139ms
2026-06-11T08:05:37.471Z INFO  xlsx-viewer:worker: sheet 5 flattened (86872 rows)
2026-06-11T08:05:38.766Z INFO  router: uploaded notes.md (1054KB)
2026-06-11T08:05:38.994Z WARN  classify: memory pressure: 3446KB resident
2026-06-11T08:05:39.351Z INFO  file-viewer: extraction emitted 11 fields
2026-06-11T08:05:39.632Z WARN  csv-viewer: retrying deck.pptx (attempt 12)
2026-06-11T08:05:39.900Z INFO  schema: request r1523 accepted
2026-06-11T08:05:40.150Z INFO  classify: job job-940 completed in 520ms
2026-06-11T08:05:40.311Z INFO  split:consensus: uploaded contract.docx (3592KB)
2026-06-11T08:05:40.448Z DEBUG file-viewer: decoded bitmap 538 in 1958ms
2026-06-11T08:05:41.011Z DEBUG auth: virtualizer window [189,569] of 585
2026-06-11T08:05:41.966Z DEBUG loader: worker boundary clone 1007KB
2026-06-11T08:05:42.590Z INFO  classify: uploaded contract.docx (234KB)
2026-06-11T08:05:43.641Z INFO  loader: consensus reached on 8 voters
2026-06-11T08:05:44.033Z WARN  storage: retrying contract.docx (attempt 12)
2026-06-11T08:05:44.501Z INFO  csv-viewer: consensus reached on 4 voters
2026-06-11T08:05:45.447Z DEBUG classify: virtualizer window [245,585] of 585
2026-06-11T08:05:46.828Z WARN  extract: memory pressure: 3109KB resident
2026-06-11T08:05:46.916Z INFO  xlsx-viewer:worker: consensus reached on 6 voters
2026-06-11T08:05:47.918Z INFO  auth: uploaded sales.csv (3250KB)
2026-06-11T08:05:49.388Z INFO  auth: extraction emitted 2 fields
2026-06-11T08:05:50.229Z INFO  cache: sheet 12 flattened (75177 rows)
2026-06-11T08:05:51.385Z WARN  cache: slow render 279ms for page 437
2026-06-11T08:05:52.571Z ERROR schema: timeout fetching financials.xlsx after 617ms
2026-06-11T08:05:52.971Z INFO  split:consensus: uploaded deck.pptx (1185KB)
2026-06-11T08:05:53.457Z INFO  cache: job job-635 completed in 1293ms
2026-06-11T08:05:53.712Z INFO  storage: extraction emitted 5 fields
2026-06-11T08:05:53.856Z INFO  extract: request r1686 accepted
2026-06-11T08:05:54.985Z DEBUG auth: worker boundary clone 2181KB
2026-06-11T08:05:55.980Z ERROR file-viewer: timeout fetching notes.md after 2044ms
2026-06-11T08:05:57.169Z DEBUG extract: code-split chunk schema-builder loaded in 1601ms
2026-06-11T08:05:58.034Z DEBUG classify: scroll progress 0.353
2026-06-11T08:05:59.410Z DEBUG auth: scroll progress 0.941
2026-06-11T08:06:00.819Z ERROR extract: timeout fetching sales.csv after 1337ms
2026-06-11T08:06:01.030Z INFO  schema: sheet 4 flattened (82234 rows)
2026-06-11T08:06:02.061Z INFO  auth: uploaded report.pdf (4028KB)
2026-06-11T08:06:02.466Z WARN  storage: bitmap LRU at capacity (8), evicting page@98
2026-06-11T08:06:03.011Z WARN  schema: slow render 2225ms for page 545
2026-06-11T08:06:04.449Z INFO  extract: consensus reached on 9 voters
2026-06-11T08:06:05.614Z DEBUG file-viewer: cache hit for sales.csv
2026-06-11T08:06:06.421Z DEBUG pdf-viewer: code-split chunk schema-builder loaded in 2076ms
2026-06-11T08:06:06.837Z WARN  router: retrying contract.docx (attempt 10)
2026-06-11T08:06:07.073Z INFO  router: request r3469 accepted
2026-06-11T08:06:08.187Z INFO  classify: detected category=image for notes.md
2026-06-11T08:06:08.923Z ERROR xlsx-viewer:worker: timeout fetching deck.pptx after 945ms
2026-06-11T08:06:08.984Z DEBUG auth: code-split chunk docx-viewer loaded in 1284ms
2026-06-11T08:06:09.023Z DEBUG metrics: code-split chunk pdf-viewer loaded in 2173ms
2026-06-11T08:06:09.449Z ERROR file-viewer: timeout fetching financials.xlsx after 191ms
2026-06-11T08:06:10.398Z DEBUG file-viewer: code-split chunk image-viewer loaded in 252ms
2026-06-11T08:06:10.435Z DEBUG file-viewer: decoded bitmap 376 in 295ms
2026-06-11T08:06:10.998Z INFO  file-viewer: sheet 4 flattened (13001 rows)
2026-06-11T08:06:11.179Z DEBUG xlsx-viewer:worker: worker boundary clone 4223KB
2026-06-11T08:06:12.578Z DEBUG xlsx-viewer:worker: code-split chunk pdf-viewer loaded in 2384ms
2026-06-11T08:06:13.316Z INFO  extract: detected category=image for deck.pptx
2026-06-11T08:06:13.806Z INFO  extract: uploaded financials.xlsx (902KB)
2026-06-11T08:06:15.142Z INFO  schema: request r5670 accepted
2026-06-11T08:06:16.144Z INFO  loader: extraction emitted 2 fields
2026-06-11T08:06:16.697Z INFO  schema: sheet 7 flattened (85515 rows)
2026-06-11T08:06:17.080Z INFO  schema: request r4100 accepted
2026-06-11T08:06:17.382Z DEBUG csv-viewer: cache hit for notes.md
2026-06-11T08:06:18.379Z WARN  csv-viewer: retrying contract.docx (attempt 9)
2026-06-11T08:06:19.076Z INFO  router: job job-591 completed in 633ms
2026-06-11T08:06:19.665Z DEBUG file-viewer: decoded bitmap 248 in 1341ms
2026-06-11T08:06:20.174Z INFO  file-viewer: consensus reached on 7 voters
2026-06-11T08:06:20.885Z INFO  file-viewer: request r4382 accepted
2026-06-11T08:06:22.356Z DEBUG pdf-viewer: cache hit for report.pdf
2026-06-11T08:06:23.007Z INFO  schema: uploaded deck.pptx (2137KB)
2026-06-11T08:06:24.330Z ERROR router: failed to parse report.pdf: unexpected token at byte 573
2026-06-11T08:06:25.163Z ERROR loader: worker job-549 crashed: OOM
2026-06-11T08:06:26.289Z ERROR schema: failed to parse financials.xlsx: unexpected token at byte 569
2026-06-11T08:06:27.748Z WARN  classify: bitmap LRU at capacity (8), evicting page@72
2026-06-11T08:06:28.585Z ERROR metrics: failed to parse contract.docx: unexpected token at byte 568
2026-06-11T08:06:29.910Z DEBUG file-viewer: scroll progress 0.216
2026-06-11T08:06:31.329Z ERROR extract: timeout fetching financials.xlsx after 2211ms
2026-06-11T08:06:31.825Z DEBUG pdf-viewer: cache hit for financials.xlsx
2026-06-11T08:06:32.859Z INFO  metrics: extraction emitted 3 fields
2026-06-11T08:06:33.758Z ERROR schema: render aborted for page 68 (cancelled)
2026-06-11T08:06:34.811Z WARN  pdf-viewer: retrying deck.pptx (attempt 2)
2026-06-11T08:06:35.902Z ERROR storage: render aborted for page 317 (cancelled)
2026-06-11T08:06:36.087Z INFO  cache: sheet 1 flattened (80553 rows)
2026-06-11T08:06:36.199Z INFO  loader: job job-770 completed in 828ms
2026-06-11T08:06:37.420Z INFO  extract: detected category=text for notes.md
2026-06-11T08:06:38.208Z DEBUG extract: virtualizer window [244,566] of 585
2026-06-11T08:06:38.888Z INFO  storage: rendered page 245/585
2026-06-11T08:06:39.587Z DEBUG pdf-viewer: scroll progress 0.976
2026-06-11T08:06:40.044Z INFO  auth: sheet 12 flattened (56608 rows)
2026-06-11T08:06:40.438Z INFO  split:consensus: job job-781 completed in 57ms
2026-06-11T08:06:41.703Z WARN  pdf-viewer: slow render 2098ms for page 394
2026-06-11T08:06:42.047Z INFO  split:consensus: request r3009 accepted
2026-06-11T08:06:42.675Z WARN  csv-viewer: bitmap LRU at capacity (8), evicting page@338
2026-06-11T08:06:42.859Z DEBUG pdf-viewer: virtualizer window [178,569] of 585
2026-06-11T08:06:42.906Z INFO  extract: consensus reached on 10 voters
2026-06-11T08:06:43.050Z INFO  loader: detected category=image for financials.xlsx
2026-06-11T08:06:44.193Z INFO  file-viewer: uploaded contract.docx (1575KB)
2026-06-11T08:06:45.430Z DEBUG cache: scroll progress 0.496
2026-06-11T08:06:46.010Z DEBUG auth: scroll progress 0.974
2026-06-11T08:06:46.340Z DEBUG classify: scroll progress 0.472
2026-06-11T08:06:47.649Z DEBUG loader: worker boundary clone 372KB
2026-06-11T08:06:49.041Z INFO  loader: job job-186 completed in 387ms
2026-06-11T08:06:50.335Z INFO  extract: detected category=text for deck.pptx
2026-06-11T08:06:50.755Z WARN  loader: retrying financials.xlsx (attempt 5)
2026-06-11T08:06:50.933Z INFO  storage: job job-715 completed in 1182ms
2026-06-11T08:06:51.478Z INFO  cache: consensus reached on 11 voters
2026-06-11T08:06:52.228Z INFO  auth: sheet 7 flattened (83463 rows)
2026-06-11T08:06:53.352Z ERROR xlsx-viewer:worker: failed to parse financials.xlsx: unexpected token at byte 570
2026-06-11T08:06:53.481Z INFO  cache: request r5718 accepted
2026-06-11T08:06:54.565Z WARN  file-viewer: memory pressure: 1823KB resident
2026-06-11T08:06:55.474Z WARN  cache: slow render 337ms for page 91
2026-06-11T08:06:56.641Z INFO  xlsx-viewer:worker: rendered page 92/585
2026-06-11T08:06:56.941Z INFO  storage: request r2991 accepted
2026-06-11T08:06:57.013Z ERROR cache: timeout fetching report.pdf after 1023ms
2026-06-11T08:06:58.337Z INFO  file-viewer: sheet 6 flattened (87988 rows)
2026-06-11T08:06:58.655Z INFO  metrics: extraction emitted 2 fields
2026-06-11T08:06:59.250Z ERROR split:consensus: timeout fetching sales.csv after 93ms
2026-06-11T08:07:00.030Z ERROR csv-viewer: failed to parse deck.pptx: unexpected token at byte 576
2026-06-11T08:07:00.733Z INFO  auth: extraction emitted 2 fields
2026-06-11T08:07:01.727Z INFO  cache: extraction emitted 10 fields
2026-06-11T08:07:02.685Z WARN  classify: memory pressure: 2761KB resident
2026-06-11T08:07:03.780Z DEBUG extract: code-split chunk pdf-viewer loaded in 222ms
2026-06-11T08:07:03.979Z WARN  pdf-viewer: bitmap LRU at capacity (8), evicting page@89
2026-06-11T08:07:05.362Z INFO  cache: rendered page 219/585
2026-06-11T08:07:06.053Z INFO  csv-viewer: job job-406 completed in 1160ms
2026-06-11T08:07:06.315Z DEBUG metrics: scroll progress 0.58
2026-06-11T08:07:06.846Z INFO  classify: detected category=xlsx for financials.xlsx
2026-06-11T08:07:07.445Z DEBUG metrics: decoded bitmap 327 in 864ms
2026-06-11T08:07:08.795Z ERROR loader: timeout fetching report.pdf after 200ms
2026-06-11T08:07:09.506Z INFO  split:consensus: extraction emitted 12 fields
2026-06-11T08:07:10.531Z WARN  router: memory pressure: 1897KB resident
2026-06-11T08:07:11.880Z WARN  extract: slow render 1884ms for page 305
2026-06-11T08:07:12.990Z INFO  loader: consensus reached on 3 voters
2026-06-11T08:07:13.239Z WARN  storage: memory pressure: 2941KB resident
2026-06-11T08:07:14.635Z INFO  schema: extraction emitted 3 fields
2026-06-11T08:07:15.132Z INFO  storage: sheet 2 flattened (13766 rows)
2026-06-11T08:07:15.231Z INFO  classify: uploaded contract.docx (3033KB)
2026-06-11T08:07:15.965Z DEBUG classify: cache hit for report.pdf
2026-06-11T08:07:16.505Z INFO  pdf-viewer: sheet 1 flattened (11561 rows)
2026-06-11T08:07:17.779Z INFO  classify: uploaded report.pdf (3306KB)
2026-06-11T08:07:19.042Z ERROR extract: render aborted for page 450 (cancelled)
2026-06-11T08:07:20.453Z INFO  extract: consensus reached on 10 voters
2026-06-11T08:07:20.912Z DEBUG router: worker boundary clone 2347KB
2026-06-11T08:07:21.460Z WARN  router: bitmap LRU at capacity (8), evicting page@47
2026-06-11T08:07:21.707Z INFO  pdf-viewer: uploaded sales.csv (2482KB)
2026-06-11T08:07:22.816Z ERROR metrics: timeout fetching financials.xlsx after 934ms
2026-06-11T08:07:23.156Z INFO  metrics: job job-970 completed in 2229ms
2026-06-11T08:07:24.373Z INFO  xlsx-viewer:worker: extraction emitted 12 fields
2026-06-11T08:07:24.608Z DEBUG classify: scroll progress 0.435
2026-06-11T08:07:25.802Z ERROR auth: worker job-713 crashed: OOM
2026-06-11T08:07:26.499Z WARN  classify: slow render 14ms for page 518
2026-06-11T08:07:26.765Z ERROR auth: failed to parse scan.tiff: unexpected token at byte 562
2026-06-11T08:07:27.870Z INFO  auth: job job-887 completed in 1104ms
2026-06-11T08:07:28.767Z WARN  metrics: bitmap LRU at capacity (8), evicting page@78
2026-06-11T08:07:29.439Z DEBUG csv-viewer: virtualizer window [103,567] of 585
2026-06-11T08:07:30.736Z ERROR metrics: failed to parse deck.pptx: unexpected token at byte 570
2026-06-11T08:07:31.048Z WARN  cache: memory pressure: 1131KB resident
2026-06-11T08:07:31.200Z INFO  metrics: extraction emitted 12 fields
2026-06-11T08:07:31.338Z INFO  router: extraction emitted 9 fields
2026-06-11T08:07:31.621Z DEBUG router: virtualizer window [350,572] of 585
2026-06-11T08:07:32.690Z DEBUG split:consensus: worker boundary clone 3792KB
2026-06-11T08:07:34.049Z DEBUG schema: code-split chunk schema-builder loaded in 1594ms
2026-06-11T08:07:35.470Z WARN  classify: retrying scan.tiff (attempt 12)
2026-06-11T08:07:36.824Z DEBUG split:consensus: code-split chunk pptx-viewer loaded in 1624ms
2026-06-11T08:07:38.258Z WARN  extract: retrying notes.md (attempt 5)
2026-06-11T08:07:39.500Z DEBUG pdf-viewer: worker boundary clone 1671KB
2026-06-11T08:07:40.643Z WARN  metrics: retrying sales.csv (attempt 6)
2026-06-11T08:07:41.299Z INFO  xlsx-viewer:worker: job job-924 completed in 1511ms
2026-06-11T08:07:42.755Z DEBUG pdf-viewer: worker boundary clone 2908KB
2026-06-11T08:07:43.786Z WARN  file-viewer: bitmap LRU at capacity (8), evicting page@428
2026-06-11T08:07:45.004Z INFO  xlsx-viewer:worker: extraction emitted 8 fields
2026-06-11T08:07:45.961Z DEBUG split:consensus: decoded bitmap 105 in 93ms
2026-06-11T08:07:46.239Z DEBUG cache: worker boundary clone 501KB
2026-06-11T08:07:47.506Z DEBUG cache: worker boundary clone 1983KB
2026-06-11T08:07:48.461Z INFO  storage: detected category=pptx for deck.pptx
2026-06-11T08:07:48.849Z ERROR storage: worker job-888 crashed: OOM
2026-06-11T08:07:49.298Z DEBUG storage: decoded bitmap 385 in 1261ms
2026-06-11T08:07:49.717Z DEBUG classify: decoded bitmap 91 in 1169ms
2026-06-11T08:07:50.433Z INFO  csv-viewer: extraction emitted 7 fields
2026-06-11T08:07:50.763Z INFO  xlsx-viewer:worker: request r7062 accepted
2026-06-11T08:07:51.881Z INFO  classify: job job-445 completed in 921ms
2026-06-11T08:07:53.168Z INFO  split:consensus: request r7674 accepted
2026-06-11T08:07:53.248Z INFO  router: consensus reached on 9 voters
2026-06-11T08:07:53.610Z DEBUG metrics: scroll progress 0.523
2026-06-11T08:07:54.012Z WARN  cache: memory pressure: 928KB resident
2026-06-11T08:07:55.050Z WARN  cache: memory pressure: 2287KB resident
2026-06-11T08:07:55.871Z DEBUG csv-viewer: scroll progress 0.961
2026-06-11T08:07:57.214Z INFO  pdf-viewer: job job-599 completed in 1092ms
2026-06-11T08:07:58.300Z DEBUG extract: virtualizer window [420,577] of 585
2026-06-11T08:07:59.106Z INFO  loader: rendered page 65/585
2026-06-11T08:08:00.582Z WARN  file-viewer: slow render 1850ms for page 552
2026-06-11T08:08:00.661Z INFO  loader: rendered page 475/585
2026-06-11T08:08:01.001Z ERROR metrics: failed to parse scan.tiff: unexpected token at byte 563
2026-06-11T08:08:02.120Z ERROR router: failed to parse financials.xlsx: unexpected token at byte 576
2026-06-11T08:08:03.418Z ERROR extract: worker job-669 crashed: OOM
2026-06-11T08:08:04.487Z INFO  router: rendered page 156/585
2026-06-11T08:08:05.863Z WARN  router: slow render 557ms for page 411
2026-06-11T08:08:05.928Z INFO  classify: detected category=pdf for deck.pptx
2026-06-11T08:08:06.762Z DEBUG cache: decoded bitmap 219 in 2118ms
2026-06-11T08:08:06.884Z ERROR auth: failed to parse deck.pptx: unexpected token at byte 571
2026-06-11T08:08:08.192Z INFO  loader: extraction emitted 12 fields
2026-06-11T08:08:08.800Z WARN  metrics: bitmap LRU at capacity (8), evicting page@297
2026-06-11T08:08:09.516Z ERROR pdf-viewer: failed to parse report.pdf: unexpected token at byte 582
2026-06-11T08:08:10.418Z INFO  pdf-viewer: rendered page 291/585
2026-06-11T08:08:10.809Z INFO  auth: sheet 2 flattened (16429 rows)
2026-06-11T08:08:10.987Z INFO  split:consensus: uploaded financials.xlsx (2114KB)
2026-06-11T08:08:11.986Z INFO  cache: detected category=pptx for notes.md
2026-06-11T08:08:12.051Z INFO  pdf-viewer: uploaded notes.md (1449KB)
2026-06-11T08:08:12.687Z WARN  pdf-viewer: slow render 403ms for page 356
2026-06-11T08:08:14.039Z WARN  file-viewer: bitmap LRU at capacity (8), evicting page@510
2026-06-11T08:08:14.636Z INFO  split:consensus: extraction emitted 11 fields
2026-06-11T08:08:14.841Z DEBUG cache: code-split chunk image-viewer loaded in 154ms
2026-06-11T08:08:16.045Z WARN  cache: retrying deck.pptx (attempt 4)
2026-06-11T08:08:16.623Z DEBUG file-viewer: worker boundary clone 505KB
2026-06-11T08:08:17.009Z DEBUG classify: decoded bitmap 133 in 2338ms
2026-06-11T08:08:18.247Z INFO  file-viewer: sheet 4 flattened (38798 rows)
2026-06-11T08:08:19.260Z WARN  xlsx-viewer:worker: slow render 2207ms for page 242
2026-06-11T08:08:19.523Z DEBUG storage: decoded bitmap 402 in 1736ms
2026-06-11T08:08:20.149Z DEBUG metrics: scroll progress 0.49
2026-06-11T08:08:20.927Z WARN  extract: bitmap LRU at capacity (8), evicting page@228
2026-06-11T08:08:22.166Z DEBUG schema: code-split chunk xlsx-viewer loaded in 1718ms
2026-06-11T08:08:23.176Z INFO  extract: consensus reached on 2 voters
2026-06-11T08:08:23.643Z INFO  cache: detected category=text for deck.pptx
2026-06-11T08:08:25.052Z INFO  file-viewer: rendered page 366/585
2026-06-11T08:08:25.742Z WARN  split:consensus: bitmap LRU at capacity (8), evicting page@212
2026-06-11T08:08:25.837Z WARN  classify: bitmap LRU at capacity (8), evicting page@103
2026-06-11T08:08:26.590Z INFO  cache: uploaded sales.csv (1428KB)
2026-06-11T08:08:27.439Z DEBUG router: decoded bitmap 309 in 294ms
2026-06-11T08:08:28.585Z INFO  csv-viewer: rendered page 15/585
2026-06-11T08:08:28.990Z DEBUG router: scroll progress 0.7
2026-06-11T08:08:29.499Z INFO  xlsx-viewer:worker: detected category=pptx for sales.csv
2026-06-11T08:08:29.589Z INFO  file-viewer: sheet 9 flattened (29720 rows)
2026-06-11T08:08:30.294Z INFO  router: rendered page 574/585
2026-06-11T08:08:31.500Z DEBUG file-viewer: worker boundary clone 1499KB
2026-06-11T08:08:32.919Z INFO  storage: request r5555 accepted
2026-06-11T08:08:33.744Z DEBUG cache: cache hit for sales.csv
2026-06-11T08:08:34.391Z DEBUG loader: virtualizer window [246,584] of 585
2026-06-11T08:08:35.515Z WARN  file-viewer: slow render 1503ms for page 84
2026-06-11T08:08:35.594Z INFO  loader: detected category=pdf for report.pdf
2026-06-11T08:08:35.640Z ERROR router: worker job-844 crashed: OOM
2026-06-11T08:08:36.762Z INFO  schema: rendered page 433/585
2026-06-11T08:08:37.334Z INFO  pdf-viewer: request r9258 accepted
2026-06-11T08:08:37.568Z DEBUG pdf-viewer: worker boundary clone 4232KB
2026-06-11T08:08:38.329Z INFO  router: detected category=xlsx for notes.md
2026-06-11T08:08:38.542Z ERROR split:consensus: failed to parse financials.xlsx: unexpected token at byte 560
2026-06-11T08:08:39.251Z INFO  pdf-viewer: request r7462 accepted
2026-06-11T08:08:40.747Z INFO  pdf-viewer: consensus reached on 6 voters
2026-06-11T08:08:41.054Z INFO  xlsx-viewer:worker: job job-137 completed in 370ms
2026-06-11T08:08:41.514Z WARN  csv-viewer: retrying sales.csv (attempt 10)
2026-06-11T08:08:42.589Z INFO  file-viewer: sheet 1 flattened (55882 rows)
2026-06-11T08:08:42.825Z ERROR metrics: failed to parse scan.tiff: unexpected token at byte 582
2026-06-11T08:08:44.161Z ERROR schema: worker job-358 crashed: OOM
2026-06-11T08:08:45.314Z INFO  cache: detected category=text for report.pdf
2026-06-11T08:08:46.162Z WARN  xlsx-viewer:worker: slow render 847ms for page 442
2026-06-11T08:08:46.337Z DEBUG pdf-viewer: code-split chunk image-viewer loaded in 16ms
2026-06-11T08:08:47.604Z DEBUG csv-viewer: cache hit for scan.tiff
2026-06-11T08:08:47.869Z DEBUG csv-viewer: code-split chunk xlsx-viewer loaded in 413ms
2026-06-11T08:08:49.285Z INFO  pdf-viewer: consensus reached on 6 voters
2026-06-11T08:08:49.990Z INFO  split:consensus: sheet 4 flattened (36051 rows)
2026-06-11T08:08:50.593Z INFO  router: rendered page 369/585
2026-06-11T08:08:50.884Z WARN  router: retrying sales.csv (attempt 7)
2026-06-11T08:08:51.164Z INFO  xlsx-viewer:worker: job job-727 completed in 2233ms
2026-06-11T08:08:52.580Z INFO  split:consensus: rendered page 398/585
2026-06-11T08:08:53.084Z DEBUG pdf-viewer: code-split chunk schema-builder loaded in 1212ms
2026-06-11T08:08:53.340Z DEBUG pdf-viewer: code-split chunk xlsx-viewer loaded in 467ms
2026-06-11T08:08:53.854Z INFO  auth: detected category=pptx for notes.md
2026-06-11T08:08:54.035Z INFO  classify: rendered page 14/585
2026-06-11T08:08:54.404Z INFO  router: sheet 11 flattened (88109 rows)
2026-06-11T08:08:55.353Z DEBUG router: scroll progress 0.363
2026-06-11T08:08:55.451Z DEBUG auth: worker boundary clone 1822KB
2026-06-11T08:08:56.203Z WARN  storage: retrying financials.xlsx (attempt 9)
2026-06-11T08:08:57.348Z INFO  file-viewer: rendered page 158/585
2026-06-11T08:08:58.547Z WARN  metrics: retrying financials.xlsx (attempt 4)
2026-06-11T08:08:59.671Z DEBUG file-viewer: decoded bitmap 167 in 2206ms
2026-06-11T08:09:00.293Z DEBUG csv-viewer: code-split chunk schema-builder loaded in 169ms
2026-06-11T08:09:01.463Z INFO  storage: job job-124 completed in 1653ms
2026-06-11T08:09:02.202Z DEBUG file-viewer: code-split chunk pdf-viewer loaded in 281ms
2026-06-11T08:09:02.455Z INFO  auth: request r8224 accepted
2026-06-11T08:09:02.647Z DEBUG classify: virtualizer window [119,578] of 585
2026-06-11T08:09:03.629Z INFO  split:consensus: job job-676 completed in 556ms
2026-06-11T08:09:04.876Z INFO  csv-viewer: sheet 4 flattened (66991 rows)
2026-06-11T08:09:05.016Z DEBUG auth: code-split chunk xlsx-viewer loaded in 1555ms
2026-06-11T08:09:05.570Z INFO  xlsx-viewer:worker: sheet 10 flattened (63002 rows)
2026-06-11T08:09:06.087Z DEBUG file-viewer: decoded bitmap 510 in 816ms
2026-06-11T08:09:06.719Z DEBUG split:consensus: worker boundary clone 1033KB
2026-06-11T08:09:07.186Z DEBUG cache: scroll progress 0.028
2026-06-11T08:09:07.601Z INFO  schema: request r9585 accepted
2026-06-11T08:09:07.706Z DEBUG storage: decoded bitmap 138 in 1636ms
2026-06-11T08:09:08.933Z INFO  metrics: job job-229 completed in 2273ms
2026-06-11T08:09:09.362Z INFO  storage: detected category=text for financials.xlsx
2026-06-11T08:09:10.275Z DEBUG loader: decoded bitmap 122 in 101ms
2026-06-11T08:09:10.502Z INFO  file-viewer: job job-327 completed in 2134ms
2026-06-11T08:09:11.864Z INFO  split:consensus: extraction emitted 5 fields
2026-06-11T08:09:12.801Z ERROR storage: failed to parse deck.pptx: unexpected token at byte 568
2026-06-11T08:09:14.292Z ERROR pdf-viewer: worker job-221 crashed: OOM
2026-06-11T08:09:14.752Z INFO  loader: detected category=text for sales.csv
2026-06-11T08:09:15.110Z DEBUG storage: decoded bitmap 250 in 576ms
2026-06-11T08:09:16.413Z DEBUG csv-viewer: scroll progress 0.064
2026-06-11T08:09:17.868Z INFO  extract: sheet 10 flattened (66142 rows)
2026-06-11T08:09:19.025Z DEBUG storage: worker boundary clone 3514KB
2026-06-11T08:09:19.926Z WARN  file-viewer: slow render 1059ms for page 208
2026-06-11T08:09:21.058Z INFO  schema: job job-610 completed in 14ms
2026-06-11T08:09:22.210Z INFO  metrics: request r5968 accepted
2026-06-11T08:09:22.545Z DEBUG xlsx-viewer:worker: decoded bitmap 461 in 558ms
2026-06-11T08:09:23.089Z ERROR schema: failed to parse financials.xlsx: unexpected token at byte 564
2026-06-11T08:09:24.495Z INFO  extract: sheet 5 flattened (36518 rows)
2026-06-11T08:09:24.977Z WARN  xlsx-viewer:worker: memory pressure: 3357KB resident
2026-06-11T08:09:25.141Z DEBUG pdf-viewer: worker boundary clone 3971KB
2026-06-11T08:09:25.434Z INFO  file-viewer: rendered page 129/585
2026-06-11T08:09:26.326Z DEBUG split:consensus: worker boundary clone 1718KB
2026-06-11T08:09:27.591Z DEBUG cache: code-split chunk image-viewer loaded in 1117ms
2026-06-11T08:09:28.026Z WARN  extract: slow render 453ms for page 274
2026-06-11T08:09:29.086Z DEBUG auth: decoded bitmap 57 in 1917ms
2026-06-11T08:09:30.004Z WARN  storage: bitmap LRU at capacity (8), evicting page@541
2026-06-11T08:09:30.074Z WARN  extract: memory pressure: 317KB resident
2026-06-11T08:09:30.553Z WARN  classify: slow render 1933ms for page 205
2026-06-11T08:09:31.436Z INFO  router: consensus reached on 5 voters
2026-06-11T08:09:32.772Z DEBUG loader: worker boundary clone 598KB
2026-06-11T08:09:32.947Z ERROR auth: render aborted for page 552 (cancelled)
2026-06-11T08:09:33.446Z INFO  xlsx-viewer:worker: job job-840 completed in 1807ms
2026-06-11T08:09:33.595Z INFO  csv-viewer: request r5532 accepted
2026-06-11T08:09:34.451Z DEBUG xlsx-viewer:worker: decoded bitmap 50 in 330ms
2026-06-11T08:09:35.466Z DEBUG loader: decoded bitmap 90 in 128ms
2026-06-11T08:09:36.136Z INFO  pdf-viewer: request r3091 accepted
2026-06-11T08:09:37.090Z WARN  classify: bitmap LRU at capacity (8), evicting page@417
2026-06-11T08:09:37.926Z INFO  extract: extraction emitted 6 fields
2026-06-11T08:09:38.146Z INFO  router: consensus reached on 3 voters
2026-06-11T08:09:38.745Z DEBUG storage: cache hit for financials.xlsx
2026-06-11T08:09:39.806Z DEBUG auth: cache hit for report.pdf
2026-06-11T08:09:41.128Z DEBUG file-viewer: decoded bitmap 94 in 2222ms
2026-06-11T08:09:41.544Z INFO  classify: consensus reached on 11 voters
2026-06-11T08:09:42.228Z INFO  xlsx-viewer:worker: job job-581 completed in 837ms
2026-06-11T08:09:42.929Z ERROR cache: render aborted for page 152 (cancelled)
2026-06-11T08:09:43.725Z DEBUG xlsx-viewer:worker: cache hit for scan.tiff
2026-06-11T08:09:44.574Z INFO  pdf-viewer: rendered page 91/585
2026-06-11T08:09:46.052Z DEBUG cache: scroll progress 0.644
2026-06-11T08:09:46.620Z INFO  schema: request r2789 accepted
2026-06-11T08:09:46.816Z DEBUG pdf-viewer: decoded bitmap 458 in 1316ms
2026-06-11T08:09:48.015Z DEBUG loader: worker boundary clone 4234KB
2026-06-11T08:09:48.152Z INFO  metrics: detected category=text for report.pdf
2026-06-11T08:09:49.550Z ERROR loader: worker job-411 crashed: OOM
2026-06-11T08:09:50.300Z DEBUG router: scroll progress 0.666
2026-06-11T08:09:51.339Z INFO  csv-viewer: detected category=pptx for scan.tiff
2026-06-11T08:09:51.418Z ERROR loader: timeout fetching deck.pptx after 1426ms
2026-06-11T08:09:52.237Z DEBUG auth: decoded bitmap 507 in 961ms
2026-06-11T08:09:53.489Z ERROR pdf-viewer: failed to parse deck.pptx: unexpected token at byte 572
2026-06-11T08:09:53.818Z DEBUG router: cache hit for sales.csv
2026-06-11T08:09:54.329Z WARN  auth: retrying sales.csv (attempt 9)
2026-06-11T08:09:54.552Z DEBUG storage: code-split chunk image-viewer loaded in 872ms
2026-06-11T08:09:55.035Z ERROR metrics: render aborted for page 410 (cancelled)
2026-06-11T08:09:55.467Z INFO  file-viewer: detected category=image for scan.tiff
2026-06-11T08:09:55.753Z INFO  classify: consensus reached on 2 voters
2026-06-11T08:09:57.053Z WARN  cache: retrying notes.md (attempt 9)
2026-06-11T08:09:58.058Z DEBUG schema: worker boundary clone 2631KB
2026-06-11T08:09:58.256Z DEBUG csv-viewer: decoded bitmap 303 in 2285ms
2026-06-11T08:09:59.152Z WARN  file-viewer: memory pressure: 2851KB resident
2026-06-11T08:09:59.815Z ERROR loader: timeout fetching deck.pptx after 1201ms
2026-06-11T08:10:01.084Z INFO  xlsx-viewer:worker: detected category=xlsx for scan.tiff
2026-06-11T08:10:01.621Z INFO  loader: job job-209 completed in 1999ms
2026-06-11T08:10:03.061Z INFO  router: extraction emitted 10 fields
2026-06-11T08:10:03.171Z WARN  auth: slow render 1240ms for page 19
2026-06-11T08:10:04.189Z DEBUG storage: scroll progress 0.171
2026-06-11T08:10:04.719Z WARN  split:consensus: slow render 453ms for page 220
2026-06-11T08:10:05.968Z INFO  extract: consensus reached on 3 voters
2026-06-11T08:10:07.056Z DEBUG file-viewer: worker boundary clone 1117KB
2026-06-11T08:10:07.093Z DEBUG pdf-viewer: decoded bitmap 523 in 1404ms
2026-06-11T08:10:07.486Z DEBUG xlsx-viewer:worker: decoded bitmap 119 in 771ms
2026-06-11T08:10:08.362Z DEBUG cache: cache hit for notes.md
2026-06-11T08:10:09.721Z DEBUG extract: scroll progress 0.205
2026-06-11T08:10:11.009Z ERROR schema: failed to parse scan.tiff: unexpected token at byte 567
2026-06-11T08:10:12.301Z DEBUG schema: cache hit for notes.md
2026-06-11T08:10:12.394Z WARN  extract: retrying notes.md (attempt 12)
2026-06-11T08:10:12.862Z INFO  auth: extraction emitted 7 fields
2026-06-11T08:10:13.054Z DEBUG extract: scroll progress 0.297
2026-06-11T08:10:14.061Z INFO  extract: sheet 7 flattened (38981 rows)
2026-06-11T08:10:14.150Z INFO  metrics: detected category=pptx for scan.tiff
2026-06-11T08:10:14.488Z DEBUG loader: scroll progress 0.095
2026-06-11T08:10:15.669Z INFO  xlsx-viewer:worker: extraction emitted 12 fields
2026-06-11T08:10:17.035Z WARN  split:consensus: memory pressure: 590KB resident
2026-06-11T08:10:17.741Z INFO  extract: request r4449 accepted
2026-06-11T08:10:18.008Z INFO  storage: job job-434 completed in 1734ms
2026-06-11T08:10:19.405Z INFO  csv-viewer: job job-626 completed in 1263ms
2026-06-11T08:10:20.592Z DEBUG auth: decoded bitmap 529 in 298ms
2026-06-11T08:10:21.003Z INFO  file-viewer: extraction emitted 8 fields
2026-06-11T08:10:21.989Z DEBUG extract: worker boundary clone 1443KB
2026-06-11T08:10:22.848Z INFO  storage: job job-900 completed in 1983ms
2026-06-11T08:10:24.238Z INFO  auth: extraction emitted 2 fields
2026-06-11T08:10:24.833Z ERROR storage: timeout fetching notes.md after 543ms
2026-06-11T08:10:25.427Z INFO  file-viewer: request r3552 accepted
2026-06-11T08:10:26.077Z DEBUG schema: cache hit for scan.tiff
2026-06-11T08:10:27.542Z ERROR auth: failed to parse financials.xlsx: unexpected token at byte 583
2026-06-11T08:10:27.808Z DEBUG csv-viewer: decoded bitmap 278 in 154ms
2026-06-11T08:10:27.861Z DEBUG router: cache hit for report.pdf
2026-06-11T08:10:29.353Z INFO  cache: extraction emitted 10 fields
2026-06-11T08:10:30.166Z DEBUG router: virtualizer window [67,572] of 585
2026-06-11T08:10:30.402Z WARN  metrics: memory pressure: 4303KB resident
2026-06-11T08:10:31.329Z INFO  extract: request r2839 accepted
2026-06-11T08:10:32.293Z INFO  classify: consensus reached on 9 voters
2026-06-11T08:10:33.143Z INFO  pdf-viewer: uploaded deck.pptx (2159KB)
2026-06-11T08:10:33.164Z INFO  cache: job job-499 completed in 1443ms
2026-06-11T08:10:34.551Z ERROR storage: worker job-115 crashed: OOM
2026-06-11T08:10:35.611Z INFO  xlsx-viewer:worker: request r6185 accepted
2026-06-11T08:10:36.148Z WARN  schema: slow render 2225ms for page 206
2026-06-11T08:10:37.056Z INFO  cache: request r8731 accepted
2026-06-11T08:10:38.120Z DEBUG extract: scroll progress 0.365
2026-06-11T08:10:38.922Z DEBUG xlsx-viewer:worker: decoded bitmap 279 in 79ms
2026-06-11T08:10:39.009Z INFO  cache: detected category=image for notes.md
2026-06-11T08:10:40.072Z DEBUG extract: scroll progress 0.621
2026-06-11T08:10:40.715Z INFO  loader: extraction emitted 4 fields
2026-06-11T08:10:42.063Z INFO  csv-viewer: job job-721 completed in 1010ms
2026-06-11T08:10:42.917Z INFO  extract: rendered page 164/585
2026-06-11T08:10:44.309Z DEBUG auth: virtualizer window [200,574] of 585
2026-06-11T08:10:45.425Z INFO  cache: job job-159 completed in 1284ms
2026-06-11T08:10:46.098Z DEBUG classify: decoded bitmap 4 in 12ms
2026-06-11T08:10:46.350Z INFO  metrics: detected category=xlsx for report.pdf
2026-06-11T08:10:46.875Z WARN  auth: retrying scan.tiff (attempt 9)
2026-06-11T08:10:47.841Z INFO  auth: uploaded report.pdf (3824KB)
2026-06-11T08:10:48.243Z INFO  file-viewer: uploaded deck.pptx (1827KB)
2026-06-11T08:10:49.127Z INFO  cache: detected category=pptx for deck.pptx
2026-06-11T08:10:49.447Z INFO  schema: extraction emitted 6 fields
2026-06-11T08:10:49.672Z DEBUG csv-viewer: cache hit for sales.csv
2026-06-11T08:10:51.122Z DEBUG storage: decoded bitmap 516 in 1984ms
2026-06-11T08:10:51.995Z ERROR storage: failed to parse contract.docx: unexpected token at byte 569
2026-06-11T08:10:52.653Z DEBUG xlsx-viewer:worker: virtualizer window [21,564] of 585
2026-06-11T08:10:54.038Z DEBUG auth: cache hit for deck.pptx
2026-06-11T08:10:55.493Z INFO  auth: rendered page 408/585
2026-06-11T08:10:55.536Z INFO  cache: extraction emitted 9 fields
2026-06-11T08:10:56.027Z INFO  storage: uploaded deck.pptx (2414KB)
2026-06-11T08:10:56.836Z INFO  router: job job-866 completed in 675ms
2026-06-11T08:10:58.125Z ERROR classify: worker job-310 crashed: OOM
2026-06-11T08:10:59.287Z INFO  loader: sheet 10 flattened (67519 rows)
2026-06-11T08:10:59.366Z ERROR schema: worker job-349 crashed: OOM
2026-06-11T08:10:59.395Z DEBUG pdf-viewer: decoded bitmap 318 in 1113ms
2026-06-11T08:10:59.876Z DEBUG pdf-viewer: code-split chunk pptx-viewer loaded in 511ms
2026-06-11T08:11:00.287Z DEBUG schema: decoded bitmap 194 in 999ms
2026-06-11T08:11:00.554Z INFO  csv-viewer: rendered page 449/585
2026-06-11T08:11:01.253Z WARN  classify: retrying scan.tiff (attempt 12)
2026-06-11T08:11:02.442Z INFO  xlsx-viewer:worker: request r4515 accepted
2026-06-11T08:11:03.146Z ERROR cache: failed to parse notes.md: unexpected token at byte 561
2026-06-11T08:11:03.473Z INFO  loader: job job-700 completed in 1509ms
2026-06-11T08:11:03.615Z INFO  storage: detected category=pptx for scan.tiff
2026-06-11T08:11:04.398Z INFO  split:consensus: sheet 2 flattened (76337 rows)
2026-06-11T08:11:04.731Z INFO  xlsx-viewer:worker: rendered page 349/585
2026-06-11T08:11:05.296Z INFO  xlsx-viewer:worker: extraction emitted 12 fields
2026-06-11T08:11:06.514Z INFO  extract: uploaded report.pdf (625KB)
2026-06-11T08:11:07.112Z WARN  classify: memory pressure: 490KB resident
2026-06-11T08:11:07.257Z WARN  csv-viewer: bitmap LRU at capacity (8), evicting page@442
2026-06-11T08:11:08.467Z INFO  schema: extraction emitted 5 fields
2026-06-11T08:11:09.303Z DEBUG csv-viewer: scroll progress 0.7
2026-06-11T08:11:09.396Z WARN  schema: bitmap LRU at capacity (8), evicting page@328
2026-06-11T08:11:10.852Z WARN  pdf-viewer: bitmap LRU at capacity (8), evicting page@510
2026-06-11T08:11:11.857Z INFO  file-viewer: request r1637 accepted
2026-06-11T08:11:12.647Z ERROR loader: render aborted for page 251 (cancelled)
2026-06-11T08:11:12.897Z DEBUG cache: virtualizer window [287,563] of 585
2026-06-11T08:11:13.584Z ERROR classify: render aborted for page 140 (cancelled)
2026-06-11T08:11:14.348Z INFO  schema: extraction emitted 12 fields
2026-06-11T08:11:15.732Z INFO  extract: rendered page 546/585
2026-06-11T08:11:15.814Z DEBUG csv-viewer: code-split chunk xlsx-viewer loaded in 1649ms
2026-06-11T08:11:17.273Z INFO  cache: detected category=pdf for sales.csv
2026-06-11T08:11:17.823Z INFO  file-viewer: extraction emitted 11 fields
2026-06-11T08:11:18.093Z INFO  schema: uploaded sales.csv (4270KB)
2026-06-11T08:11:18.152Z INFO  cache: detected category=text for deck.pptx
2026-06-11T08:11:18.368Z WARN  router: memory pressure: 2599KB resident
2026-06-11T08:11:19.313Z INFO  router: consensus reached on 2 voters
2026-06-11T08:11:20.046Z DEBUG cache: code-split chunk pptx-viewer loaded in 1604ms
2026-06-11T08:11:20.860Z ERROR schema: worker job-540 crashed: OOM
2026-06-11T08:11:21.304Z INFO  schema: rendered page 142/585
2026-06-11T08:11:21.897Z WARN  extract: memory pressure: 3587KB resident
2026-06-11T08:11:22.194Z WARN  router: memory pressure: 961KB resident
2026-06-11T08:11:23.152Z INFO  file-viewer: request r4629 accepted
2026-06-11T08:11:24.578Z DEBUG file-viewer: cache hit for deck.pptx
2026-06-11T08:11:25.284Z WARN  split:consensus: memory pressure: 2822KB resident
2026-06-11T08:11:25.361Z INFO  loader: uploaded notes.md (633KB)
2026-06-11T08:11:25.398Z INFO  schema: uploaded scan.tiff (2266KB)
2026-06-11T08:11:26.370Z INFO  storage: job job-497 completed in 718ms
2026-06-11T08:11:26.788Z INFO  loader: consensus reached on 7 voters
2026-06-11T08:11:26.888Z INFO  metrics: consensus reached on 10 voters
2026-06-11T08:11:27.920Z WARN  schema: slow render 1700ms for page 119
2026-06-11T08:11:28.784Z WARN  metrics: memory pressure: 1338KB resident
2026-06-11T08:11:29.459Z WARN  extract: slow render 1871ms for page 253
2026-06-11T08:11:29.557Z ERROR classify: worker job-912 crashed: OOM
2026-06-11T08:11:30.674Z DEBUG file-viewer: virtualizer window [301,560] of 585
2026-06-11T08:11:31.351Z DEBUG csv-viewer: scroll progress 0.987
2026-06-11T08:11:31.708Z INFO  file-viewer: extraction emitted 5 fields
2026-06-11T08:11:32.490Z WARN  schema: bitmap LRU at capacity (8), evicting page@81
2026-06-11T08:11:32.567Z INFO  split:consensus: job job-936 completed in 1959ms
2026-06-11T08:11:33.208Z INFO  split:consensus: detected category=image for deck.pptx
2026-06-11T08:11:33.972Z ERROR schema: timeout fetching financials.xlsx after 1184ms
2026-06-11T08:11:34.042Z WARN  router: retrying notes.md (attempt 9)
2026-06-11T08:11:34.469Z DEBUG auth: decoded bitmap 288 in 1730ms
2026-06-11T08:11:34.780Z INFO  classify: sheet 3 flattened (33780 rows)
2026-06-11T08:11:36.248Z ERROR cache: render aborted for page 509 (cancelled)
2026-06-11T08:11:37.612Z DEBUG split:consensus: virtualizer window [267,583] of 585
2026-06-11T08:11:38.408Z INFO  extract: uploaded report.pdf (1453KB)
2026-06-11T08:11:39.876Z INFO  auth: uploaded sales.csv (4141KB)
2026-06-11T08:11:40.567Z INFO  schema: job job-963 completed in 305ms
2026-06-11T08:11:41.611Z DEBUG cache: code-split chunk pdf-viewer loaded in 972ms
2026-06-11T08:11:42.969Z ERROR pdf-viewer: timeout fetching contract.docx after 1697ms
2026-06-11T08:11:43.904Z INFO  classify: uploaded scan.tiff (2776KB)
2026-06-11T08:11:44.246Z DEBUG pdf-viewer: scroll progress 0.672
2026-06-11T08:11:45.273Z INFO  classify: uploaded scan.tiff (163KB)
2026-06-11T08:11:45.516Z DEBUG storage: cache hit for deck.pptx
2026-06-11T08:11:46.424Z ERROR router: failed to parse contract.docx: unexpected token at byte 583
2026-06-11T08:11:47.505Z WARN  auth: slow render 2258ms for page 553
2026-06-11T08:11:47.970Z ERROR csv-viewer: worker job-293 crashed: OOM
2026-06-11T08:11:48.549Z WARN  split:consensus: memory pressure: 2517KB resident
2026-06-11T08:11:49.368Z INFO  xlsx-viewer:worker: rendered page 551/585
2026-06-11T08:11:50.698Z INFO  xlsx-viewer:worker: detected category=xlsx for sales.csv
2026-06-11T08:11:51.451Z INFO  loader: rendered page 88/585
2026-06-11T08:11:51.547Z INFO  auth: extraction emitted 6 fields
2026-06-11T08:11:52.129Z INFO  extract: rendered page 146/585
2026-06-11T08:11:52.157Z INFO  auth: consensus reached on 7 voters
2026-06-11T08:11:53.081Z DEBUG csv-viewer: worker boundary clone 2812KB
2026-06-11T08:11:53.380Z INFO  storage: sheet 10 flattened (87684 rows)
2026-06-11T08:11:53.615Z INFO  auth: consensus reached on 6 voters
2026-06-11T08:11:54.819Z INFO  router: uploaded scan.tiff (2635KB)
2026-06-11T08:11:55.624Z WARN  xlsx-viewer:worker: bitmap LRU at capacity (8), evicting page@229
2026-06-11T08:11:55.958Z DEBUG metrics: scroll progress 0.853
2026-06-11T08:11:56.648Z ERROR extract: failed to parse sales.csv: unexpected token at byte 584
2026-06-11T08:11:57.973Z ERROR router: timeout fetching report.pdf after 2070ms
2026-06-11T08:11:59.044Z ERROR csv-viewer: worker job-669 crashed: OOM
2026-06-11T08:11:59.911Z DEBUG cache: scroll progress 0.429
2026-06-11T08:12:00.132Z INFO  split:consensus: uploaded sales.csv (2497KB)
2026-06-11T08:12:01.095Z WARN  router: retrying report.pdf (attempt 5)
2026-06-11T08:12:01.915Z WARN  xlsx-viewer:worker: retrying financials.xlsx (attempt 4)
2026-06-11T08:12:03.260Z WARN  extract: memory pressure: 2215KB resident
2026-06-11T08:12:03.726Z INFO  auth: uploaded report.pdf (2198KB)
2026-06-11T08:12:04.145Z INFO  file-viewer: request r9327 accepted
2026-06-11T08:12:04.277Z WARN  cache: slow render 1909ms for page 6
2026-06-11T08:12:04.864Z ERROR xlsx-viewer:worker: worker job-294 crashed: OOM
2026-06-11T08:12:05.997Z WARN  csv-viewer: slow render 507ms for page 18
2026-06-11T08:12:07.434Z DEBUG pdf-viewer: worker boundary clone 1348KB
2026-06-11T08:12:08.140Z DEBUG auth: code-split chunk pdf-viewer loaded in 2055ms
2026-06-11T08:12:08.292Z WARN  file-viewer: retrying scan.tiff (attempt 8)
2026-06-11T08:12:08.756Z INFO  xlsx-viewer:worker: extraction emitted 10 fields
2026-06-11T08:12:09.723Z DEBUG file-viewer: scroll progress 0.44
2026-06-11T08:12:10.690Z INFO  auth: uploaded deck.pptx (3911KB)
2026-06-11T08:12:11.281Z INFO  classify: request r7274 accepted
2026-06-11T08:12:12.480Z INFO  storage: sheet 8 flattened (9728 rows)
2026-06-11T08:12:13.228Z ERROR pdf-viewer: failed to parse notes.md: unexpected token at byte 572
2026-06-11T08:12:13.670Z ERROR router: worker job-409 crashed: OOM
2026-06-11T08:12:13.827Z ERROR metrics: render aborted for page 176 (cancelled)
2026-06-11T08:12:14.029Z WARN  csv-viewer: retrying notes.md (attempt 9)
2026-06-11T08:12:15.033Z INFO  csv-viewer: uploaded financials.xlsx (2306KB)
2026-06-11T08:12:15.824Z WARN  router: slow render 1027ms for page 484
2026-06-11T08:12:16.771Z INFO  csv-viewer: job job-112 completed in 13ms
2026-06-11T08:12:17.041Z DEBUG metrics: decoded bitmap 88 in 1479ms
2026-06-11T08:12:18.532Z WARN  loader: bitmap LRU at capacity (8), evicting page@429
2026-06-11T08:12:20.029Z DEBUG router: scroll progress 0.363
2026-06-11T08:12:21.022Z DEBUG auth: virtualizer window [387,561] of 585
2026-06-11T08:12:22.521Z DEBUG router: worker boundary clone 3307KB
2026-06-11T08:12:23.901Z INFO  classify: job job-957 completed in 1721ms
2026-06-11T08:12:25.007Z DEBUG extract: worker boundary clone 4340KB
2026-06-11T08:12:25.967Z DEBUG schema: code-split chunk pptx-viewer loaded in 831ms
2026-06-11T08:12:27.223Z ERROR metrics: worker job-175 crashed: OOM
2026-06-11T08:12:27.732Z ERROR auth: failed to parse scan.tiff: unexpected token at byte 576
2026-06-11T08:12:28.760Z DEBUG classify: code-split chunk pptx-viewer loaded in 1402ms
2026-06-11T08:12:30.128Z DEBUG pdf-viewer: decoded bitmap 134 in 1429ms
2026-06-11T08:12:30.283Z INFO  split:consensus: consensus reached on 9 voters
2026-06-11T08:12:31.152Z ERROR file-viewer: timeout fetching report.pdf after 1465ms
2026-06-11T08:12:32.105Z DEBUG metrics: scroll progress 0.514
2026-06-11T08:12:32.212Z WARN  split:consensus: memory pressure: 3502KB resident
2026-06-11T08:12:32.785Z DEBUG loader: code-split chunk xlsx-viewer loaded in 1832ms
2026-06-11T08:12:33.815Z DEBUG csv-viewer: cache hit for notes.md
2026-06-11T08:12:33.928Z ERROR xlsx-viewer:worker: render aborted for page 354 (cancelled)
2026-06-11T08:12:34.026Z INFO  storage: uploaded report.pdf (3135KB)
2026-06-11T08:12:34.720Z INFO  auth: detected category=pdf for scan.tiff
2026-06-11T08:12:36.177Z INFO  csv-viewer: rendered page 390/585
2026-06-11T08:12:37.336Z DEBUG loader: decoded bitmap 362 in 76ms
2026-06-11T08:12:37.552Z INFO  extract: request r4940 accepted
2026-06-11T08:12:38.900Z INFO  loader: detected category=pdf for deck.pptx
2026-06-11T08:12:40.001Z DEBUG cache: worker boundary clone 3366KB
2026-06-11T08:12:41.137Z DEBUG cache: worker boundary clone 2815KB
2026-06-11T08:12:42.165Z DEBUG extract: worker boundary clone 3462KB
2026-06-11T08:12:42.251Z ERROR csv-viewer: timeout fetching scan.tiff after 1302ms
2026-06-11T08:12:42.882Z DEBUG csv-viewer: scroll progress 0.863
2026-06-11T08:12:44.096Z DEBUG schema: code-split chunk xlsx-viewer loaded in 1353ms
2026-06-11T08:12:45.436Z DEBUG router: scroll progress 0.34
2026-06-11T08:12:46.565Z INFO  storage: rendered page 236/585
2026-06-11T08:12:47.149Z DEBUG cache: virtualizer window [297,582] of 585
2026-06-11T08:12:47.414Z INFO  schema: extraction emitted 4 fields
2026-06-11T08:12:47.946Z WARN  file-viewer: retrying report.pdf (attempt 4)
2026-06-11T08:12:49.021Z ERROR loader: failed to parse scan.tiff: unexpected token at byte 565
2026-06-11T08:12:49.762Z DEBUG schema: decoded bitmap 12 in 1686ms
2026-06-11T08:12:50.430Z ERROR extract: timeout fetching sales.csv after 1578ms
2026-06-11T08:12:50.887Z INFO  cache: request r5890 accepted
2026-06-11T08:12:51.918Z DEBUG split:consensus: scroll progress 0.721
2026-06-11T08:12:53.125Z DEBUG storage: worker boundary clone 2636KB
2026-06-11T08:12:53.587Z ERROR router: render aborted for page 546 (cancelled)
2026-06-11T08:12:54.107Z ERROR cache: render aborted for page 559 (cancelled)
2026-06-11T08:12:54.204Z INFO  classify: detected category=image for contract.docx
2026-06-11T08:12:55.401Z ERROR storage: timeout fetching notes.md after 1703ms
2026-06-11T08:12:56.210Z INFO  metrics: request r4573 accepted
2026-06-11T08:12:56.856Z INFO  xlsx-viewer:worker: consensus reached on 4 voters
2026-06-11T08:12:57.682Z DEBUG file-viewer: cache hit for financials.xlsx
2026-06-11T08:12:58.679Z DEBUG xlsx-viewer:worker: cache hit for report.pdf
2026-06-11T08:12:59.914Z ERROR xlsx-viewer:worker: timeout fetching contract.docx after 858ms
2026-06-11T08:13:01.177Z WARN  csv-viewer: bitmap LRU at capacity (8), evicting page@191
2026-06-11T08:13:01.240Z DEBUG loader: decoded bitmap 9 in 1272ms
2026-06-11T08:13:01.929Z WARN  classify: bitmap LRU at capacity (8), evicting page@487
2026-06-11T08:13:02.723Z INFO  file-viewer: consensus reached on 12 voters
2026-06-11T08:13:03.972Z DEBUG storage: decoded bitmap 246 in 1878ms
2026-06-11T08:13:04.386Z INFO  file-viewer: consensus reached on 3 voters
2026-06-11T08:13:05.057Z ERROR xlsx-viewer:worker: worker job-798 crashed: OOM
2026-06-11T08:13:06.495Z WARN  metrics: bitmap LRU at capacity (8), evicting page@102
2026-06-11T08:13:07.789Z WARN  pdf-viewer: bitmap LRU at capacity (8), evicting page@433
2026-06-11T08:13:08.518Z INFO  storage: consensus reached on 11 voters
2026-06-11T08:13:09.103Z INFO  loader: request r3328 accepted
2026-06-11T08:13:10.460Z DEBUG classify: virtualizer window [327,562] of 585
2026-06-11T08:13:10.611Z WARN  metrics: bitmap LRU at capacity (8), evicting page@327
2026-06-11T08:13:10.734Z INFO  xlsx-viewer:worker: sheet 8 flattened (82963 rows)
2026-06-11T08:13:11.362Z INFO  cache: job job-183 completed in 1697ms
2026-06-11T08:13:12.101Z WARN  storage: memory pressure: 2160KB resident
2026-06-11T08:13:13.254Z WARN  schema: bitmap LRU at capacity (8), evicting page@171
2026-06-11T08:13:14.585Z ERROR router: worker job-813 crashed: OOM
2026-06-11T08:13:14.724Z INFO  extract: detected category=xlsx for report.pdf
2026-06-11T08:13:15.108Z INFO  pdf-viewer: detected category=pdf for sales.csv
2026-06-11T08:13:15.456Z DEBUG split:consensus: code-split chunk pptx-viewer loaded in 2274ms
2026-06-11T08:13:15.507Z DEBUG schema: code-split chunk pptx-viewer loaded in 835ms
2026-06-11T08:13:16.809Z DEBUG router: code-split chunk pptx-viewer loaded in 1287ms
2026-06-11T08:13:17.090Z WARN  csv-viewer: memory pressure: 3987KB resident
2026-06-11T08:13:17.386Z INFO  metrics: detected category=xlsx for deck.pptx
2026-06-11T08:13:17.588Z DEBUG router: code-split chunk pdf-viewer loaded in 1943ms
2026-06-11T08:13:18.313Z DEBUG storage: virtualizer window [254,572] of 585
2026-06-11T08:13:19.750Z WARN  classify: memory pressure: 3626KB resident
2026-06-11T08:13:20.404Z INFO  router: request r1211 accepted
2026-06-11T08:13:20.947Z INFO  classify: detected category=xlsx for sales.csv
2026-06-11T08:13:20.974Z INFO  loader: rendered page 53/585
2026-06-11T08:13:22.336Z WARN  split:consensus: slow render 615ms for page 127
2026-06-11T08:13:23.820Z DEBUG auth: decoded bitmap 99 in 366ms
2026-06-11T08:13:24.561Z ERROR metrics: worker job-304 crashed: OOM
2026-06-11T08:13:24.583Z DEBUG extract: cache hit for sales.csv
2026-06-11T08:13:25.898Z INFO  split:consensus: job job-925 completed in 1123ms
2026-06-11T08:13:26.055Z WARN  cache: slow render 1405ms for page 256
2026-06-11T08:13:26.182Z INFO  storage: job job-632 completed in 488ms
2026-06-11T08:13:26.277Z WARN  file-viewer: slow render 77ms for page 443
2026-06-11T08:13:26.318Z INFO  split:consensus: sheet 2 flattened (45762 rows)
2026-06-11T08:13:26.825Z INFO  router: consensus reached on 7 voters
2026-06-11T08:13:27.023Z WARN  split:consensus: memory pressure: 966KB resident
2026-06-11T08:13:27.551Z INFO  cache: request r7349 accepted
2026-06-11T08:13:27.836Z WARN  auth: slow render 1007ms for page 508
2026-06-11T08:13:28.137Z DEBUG file-viewer: cache hit for contract.docx
2026-06-11T08:13:28.766Z WARN  split:consensus: retrying sales.csv (attempt 8)
2026-06-11T08:13:29.073Z INFO  cache: uploaded deck.pptx (1919KB)
2026-06-11T08:13:30.042Z DEBUG storage: cache hit for financials.xlsx
2026-06-11T08:13:31.305Z INFO  storage: rendered page 79/585
2026-06-11T08:13:32.472Z DEBUG schema: code-split chunk docx-viewer loaded in 2116ms
2026-06-11T08:13:32.797Z INFO  auth: uploaded notes.md (2420KB)
2026-06-11T08:13:33.497Z DEBUG xlsx-viewer:worker: cache hit for report.pdf
2026-06-11T08:13:34.479Z INFO  file-viewer: job job-788 completed in 1725ms
2026-06-11T08:13:35.897Z DEBUG storage: code-split chunk pdf-viewer loaded in 1731ms
2026-06-11T08:13:36.839Z INFO  loader: job job-926 completed in 628ms
2026-06-11T08:13:37.531Z INFO  router: consensus reached on 11 voters
2026-06-11T08:13:38.969Z DEBUG extract: scroll progress 0.635
2026-06-11T08:13:39.971Z INFO  classify: job job-593 completed in 692ms
2026-06-11T08:13:40.214Z DEBUG storage: code-split chunk pptx-viewer loaded in 1140ms
2026-06-11T08:13:41.303Z DEBUG csv-viewer: scroll progress 0.947
2026-06-11T08:13:42.644Z DEBUG metrics: worker boundary clone 2958KB
2026-06-11T08:13:42.993Z INFO  metrics: detected category=image for deck.pptx
2026-06-11T08:13:44.410Z DEBUG extract: scroll progress 0.574
2026-06-11T08:13:45.503Z DEBUG auth: scroll progress 0.515
2026-06-11T08:13:45.976Z WARN  classify: memory pressure: 3408KB resident
2026-06-11T08:13:46.992Z INFO  router: extraction emitted 9 fields
2026-06-11T08:13:47.076Z DEBUG classify: scroll progress 0.472
2026-06-11T08:13:47.452Z ERROR classify: worker job-935 crashed: OOM
2026-06-11T08:13:48.235Z DEBUG split:consensus: decoded bitmap 34 in 168ms
2026-06-11T08:13:48.547Z INFO  auth: rendered page 78/585
2026-06-11T08:13:49.967Z INFO  xlsx-viewer:worker: uploaded contract.docx (1377KB)
2026-06-11T08:13:50.826Z DEBUG router: code-split chunk pdf-viewer loaded in 834ms
2026-06-11T08:13:51.728Z DEBUG csv-viewer: cache hit for notes.md
2026-06-11T08:13:51.848Z DEBUG csv-viewer: virtualizer window [93,564] of 585
2026-06-11T08:13:52.899Z INFO  extract: job job-475 completed in 667ms
2026-06-11T08:13:53.524Z INFO  storage: job job-176 completed in 1538ms
2026-06-11T08:13:54.202Z INFO  split:consensus: rendered page 480/585
2026-06-11T08:13:54.513Z INFO  classify: consensus reached on 7 voters
2026-06-11T08:13:55.024Z DEBUG split:consensus: worker boundary clone 4022KB
2026-06-11T08:13:55.266Z DEBUG storage: decoded bitmap 502 in 1253ms
2026-06-11T08:13:55.408Z DEBUG xlsx-viewer:worker: virtualizer window [283,579] of 585
2026-06-11T08:13:55.933Z ERROR storage: render aborted for page 210 (cancelled)
2026-06-11T08:13:57.196Z INFO  split:consensus: uploaded financials.xlsx (3426KB)
2026-06-11T08:13:57.818Z INFO  storage: job job-516 completed in 260ms
2026-06-11T08:13:57.926Z INFO  loader: extraction emitted 9 fields
2026-06-11T08:13:58.483Z INFO  file-viewer: sheet 11 flattened (12181 rows)
2026-06-11T08:13:58.647Z INFO  split:consensus: sheet 2 flattened (80424 rows)
2026-06-11T08:13:59.321Z WARN  metrics: retrying notes.md (attempt 12)
2026-06-11T08:13:59.960Z ERROR xlsx-viewer:worker: timeout fetching scan.tiff after 1461ms
2026-06-11T08:14:01.400Z WARN  classify: retrying scan.tiff (attempt 6)
2026-06-11T08:14:02.141Z DEBUG router: worker boundary clone 497KB
2026-06-11T08:14:02.807Z ERROR storage: worker job-963 crashed: OOM
2026-06-11T08:14:03.895Z ERROR auth: timeout fetching sales.csv after 188ms
2026-06-11T08:14:05.383Z WARN  loader: bitmap LRU at capacity (8), evicting page@543
2026-06-11T08:14:05.572Z DEBUG classify: cache hit for contract.docx
2026-06-11T08:14:06.298Z WARN  cache: slow render 1295ms for page 113
2026-06-11T08:14:06.482Z INFO  split:consensus: consensus reached on 11 voters
2026-06-11T08:14:07.131Z WARN  cache: slow render 461ms for page 308
2026-06-11T08:14:07.991Z DEBUG auth: scroll progress 0.37
2026-06-11T08:14:08.226Z WARN  metrics: bitmap LRU at capacity (8), evicting page@296
2026-06-11T08:14:09.630Z WARN  schema: retrying financials.xlsx (attempt 8)
2026-06-11T08:14:10.357Z INFO  schema: extraction emitted 11 fields
2026-06-11T08:14:11.314Z INFO  csv-viewer: request r1407 accepted
2026-06-11T08:14:11.761Z ERROR file-viewer: worker job-198 crashed: OOM
2026-06-11T08:14:11.992Z INFO  file-viewer: request r3688 accepted
2026-06-11T08:14:13.341Z DEBUG pdf-viewer: cache hit for sales.csv
2026-06-11T08:14:13.931Z ERROR storage: failed to parse contract.docx: unexpected token at byte 582
2026-06-11T08:14:14.950Z DEBUG extract: scroll progress 0.072
2026-06-11T08:14:15.140Z DEBUG extract: code-split chunk pdf-viewer loaded in 1502ms
2026-06-11T08:14:16.622Z DEBUG file-viewer: worker boundary clone 1528KB
2026-06-11T08:14:16.885Z WARN  split:consensus: retrying report.pdf (attempt 3)
2026-06-11T08:14:17.312Z INFO  classify: rendered page 42/585
2026-06-11T08:14:17.984Z ERROR xlsx-viewer:worker: worker job-543 crashed: OOM
2026-06-11T08:14:18.532Z INFO  schema: rendered page 472/585
2026-06-11T08:14:19.135Z ERROR pdf-viewer: failed to parse financials.xlsx: unexpected token at byte 576
2026-06-11T08:14:19.819Z DEBUG router: code-split chunk schema-builder loaded in 1754ms
2026-06-11T08:14:20.890Z INFO  schema: detected category=xlsx for notes.md
2026-06-11T08:14:21.643Z ERROR schema: failed to parse financials.xlsx: unexpected token at byte 565
2026-06-11T08:14:22.989Z INFO  extract: request r1598 accepted
2026-06-11T08:14:23.954Z DEBUG split:consensus: decoded bitmap 42 in 1276ms
2026-06-11T08:14:24.116Z DEBUG csv-viewer: worker boundary clone 1093KB
2026-06-11T08:14:25.596Z INFO  classify: job job-526 completed in 1230ms
2026-06-11T08:14:26.794Z ERROR metrics: render aborted for page 223 (cancelled)
2026-06-11T08:14:27.791Z DEBUG loader: virtualizer window [462,575] of 585
2026-06-11T08:14:28.549Z INFO  xlsx-viewer:worker: detected category=pdf for deck.pptx
2026-06-11T08:14:28.787Z DEBUG split:consensus: cache hit for notes.md
2026-06-11T08:14:29.288Z ERROR cache: timeout fetching scan.tiff after 593ms
2026-06-11T08:14:30.622Z INFO  loader: detected category=xlsx for contract.docx
2026-06-11T08:14:31.688Z INFO  auth: consensus reached on 5 voters
2026-06-11T08:14:32.571Z INFO  metrics: job job-516 completed in 1423ms
2026-06-11T08:14:32.875Z ERROR schema: render aborted for page 181 (cancelled)
2026-06-11T08:14:33.552Z INFO  auth: detected category=pdf for deck.pptx
2026-06-11T08:14:34.935Z ERROR csv-viewer: render aborted for page 272 (cancelled)
2026-06-11T08:14:36.172Z INFO  auth: sheet 12 flattened (10020 rows)
2026-06-11T08:14:37.304Z DEBUG storage: cache hit for deck.pptx
2026-06-11T08:14:38.472Z DEBUG classify: virtualizer window [355,580] of 585
2026-06-11T08:14:38.908Z WARN  split:consensus: bitmap LRU at capacity (8), evicting page@429
2026-06-11T08:14:39.821Z WARN  storage: retrying financials.xlsx (attempt 8)
2026-06-11T08:14:41.163Z INFO  file-viewer: extraction emitted 7 fields
2026-06-11T08:14:41.730Z DEBUG metrics: virtualizer window [172,585] of 585
2026-06-11T08:14:43.025Z DEBUG router: cache hit for financials.xlsx
2026-06-11T08:14:43.915Z INFO  loader: uploaded scan.tiff (1896KB)
2026-06-11T08:14:43.998Z INFO  split:consensus: job job-487 completed in 2153ms
2026-06-11T08:14:45.261Z DEBUG csv-viewer: code-split chunk docx-viewer loaded in 838ms
2026-06-11T08:14:46.469Z DEBUG classify: scroll progress 0.446
2026-06-11T08:14:47.738Z DEBUG auth: scroll progress 0.346
2026-06-11T08:14:48.680Z ERROR metrics: worker job-826 crashed: OOM
2026-06-11T08:14:49.418Z INFO  router: sheet 4 flattened (78376 rows)
2026-06-11T08:14:49.708Z INFO  schema: rendered page 350/585
2026-06-11T08:14:51.143Z DEBUG split:consensus: cache hit for sales.csv
2026-06-11T08:14:51.485Z ERROR classify: timeout fetching sales.csv after 1007ms
2026-06-11T08:14:51.851Z DEBUG loader: code-split chunk pptx-viewer loaded in 783ms
2026-06-11T08:14:53.187Z INFO  extract: detected category=pptx for sales.csv
2026-06-11T08:14:54.539Z INFO  extract: detected category=text for scan.tiff
2026-06-11T08:14:54.781Z INFO  cache: uploaded deck.pptx (430KB)
2026-06-11T08:14:54.918Z INFO  metrics: request r3775 accepted
2026-06-11T08:14:55.145Z DEBUG extract: cache hit for financials.xlsx
2026-06-11T08:14:55.905Z DEBUG file-viewer: worker boundary clone 1881KB
2026-06-11T08:14:57.048Z ERROR cache: timeout fetching contract.docx after 1815ms
2026-06-11T08:14:57.092Z DEBUG split:consensus: worker boundary clone 2385KB
2026-06-11T08:14:57.512Z ERROR loader: worker job-255 crashed: OOM
2026-06-11T08:14:58.119Z INFO  split:consensus: consensus reached on 2 voters
2026-06-11T08:14:58.955Z INFO  extract: rendered page 505/585
2026-06-11T08:15:00.218Z WARN  router: bitmap LRU at capacity (8), evicting page@397
2026-06-11T08:15:00.685Z INFO  extract: rendered page 111/585
2026-06-11T08:15:01.327Z INFO  router: detected category=pdf for financials.xlsx
2026-06-11T08:15:02.139Z INFO  storage: detected category=image for scan.tiff
2026-06-11T08:15:02.917Z INFO  loader: uploaded financials.xlsx (3236KB)
2026-06-11T08:15:03.010Z INFO  xlsx-viewer:worker: rendered page 208/585
2026-06-11T08:15:04.475Z DEBUG file-viewer: worker boundary clone 938KB
2026-06-11T08:15:04.875Z INFO  metrics: extraction emitted 9 fields
2026-06-11T08:15:04.981Z INFO  file-viewer: uploaded notes.md (1455KB)
2026-06-11T08:15:05.882Z INFO  classify: request r1774 accepted
2026-06-11T08:15:07.240Z WARN  xlsx-viewer:worker: slow render 1046ms for page 65
2026-06-11T08:15:08.261Z INFO  storage: job job-168 completed in 415ms
2026-06-11T08:15:08.622Z DEBUG extract: virtualizer window [185,567] of 585
2026-06-11T08:15:09.989Z DEBUG router: worker boundary clone 2978KB
2026-06-11T08:15:10.493Z WARN  extract: bitmap LRU at capacity (8), evicting page@424
2026-06-11T08:15:11.615Z ERROR metrics: render aborted for page 226 (cancelled)
2026-06-11T08:15:12.177Z ERROR metrics: render aborted for page 186 (cancelled)
2026-06-11T08:15:12.657Z DEBUG xlsx-viewer:worker: worker boundary clone 560KB
2026-06-11T08:15:14.115Z DEBUG router: worker boundary clone 1871KB
2026-06-11T08:15:14.911Z INFO  cache: extraction emitted 9 fields
2026-06-11T08:15:16.148Z INFO  loader: detected category=pptx for sales.csv
2026-06-11T08:15:17.583Z DEBUG metrics: virtualizer window [15,562] of 585
2026-06-11T08:15:18.647Z INFO  schema: job job-164 completed in 1075ms
2026-06-11T08:15:18.673Z DEBUG metrics: virtualizer window [547,579] of 585
2026-06-11T08:15:18.922Z WARN  csv-viewer: bitmap LRU at capacity (8), evicting page@495
2026-06-11T08:15:20.068Z INFO  xlsx-viewer:worker: job job-544 completed in 1441ms
2026-06-11T08:15:20.631Z INFO  pdf-viewer: consensus reached on 4 voters
2026-06-11T08:15:21.766Z WARN  classify: bitmap LRU at capacity (8), evicting page@386
2026-06-11T08:15:23.064Z ERROR classify: worker job-533 crashed: OOM
2026-06-11T08:15:24.399Z INFO  auth: extraction emitted 3 fields
2026-06-11T08:15:25.596Z DEBUG file-viewer: virtualizer window [328,566] of 585
2026-06-11T08:15:26.221Z WARN  pdf-viewer: memory pressure: 1954KB resident
2026-06-11T08:15:27.158Z WARN  csv-viewer: retrying scan.tiff (attempt 12)
2026-06-11T08:15:27.588Z INFO  csv-viewer: rendered page 119/585
2026-06-11T08:15:27.862Z INFO  split:consensus: job job-293 completed in 329ms
2026-06-11T08:15:28.632Z DEBUG split:consensus: code-split chunk xlsx-viewer loaded in 2088ms
2026-06-11T08:15:29.932Z ERROR split:consensus: worker job-218 crashed: OOM
2026-06-11T08:15:30.265Z INFO  cache: request r2711 accepted
2026-06-11T08:15:30.635Z INFO  split:consensus: uploaded notes.md (2874KB)
2026-06-11T08:15:30.805Z INFO  router: rendered page 236/585
2026-06-11T08:15:31.060Z ERROR auth: render aborted for page 271 (cancelled)
2026-06-11T08:15:31.255Z DEBUG storage: cache hit for deck.pptx
2026-06-11T08:15:32.399Z DEBUG extract: cache hit for financials.xlsx
2026-06-11T08:15:33.103Z DEBUG auth: code-split chunk pptx-viewer loaded in 95ms
2026-06-11T08:15:34.527Z DEBUG cache: cache hit for deck.pptx
2026-06-11T08:15:34.982Z INFO  pdf-viewer: rendered page 471/585
2026-06-11T08:15:35.232Z INFO  cache: detected category=pdf for notes.md
2026-06-11T08:15:36.423Z DEBUG router: code-split chunk pptx-viewer loaded in 749ms
2026-06-11T08:15:37.121Z INFO  loader: consensus reached on 2 voters
2026-06-11T08:15:37.269Z INFO  csv-viewer: rendered page 571/585
2026-06-11T08:15:38.713Z DEBUG metrics: cache hit for scan.tiff
2026-06-11T08:15:39.172Z INFO  loader: extraction emitted 3 fields
2026-06-11T08:15:39.628Z INFO  split:consensus: extraction emitted 2 fields
2026-06-11T08:15:40.548Z DEBUG router: code-split chunk image-viewer loaded in 601ms
2026-06-11T08:15:41.547Z INFO  csv-viewer: uploaded scan.tiff (3976KB)
2026-06-11T08:15:42.953Z DEBUG classify: worker boundary clone 811KB
2026-06-11T08:15:43.919Z INFO  storage: detected category=text for deck.pptx
2026-06-11T08:15:45.038Z INFO  cache: extraction emitted 10 fields
2026-06-11T08:15:46.441Z DEBUG metrics: scroll progress 0.589
2026-06-11T08:15:46.803Z ERROR split:consensus: timeout fetching sales.csv after 2165ms
2026-06-11T08:15:47.069Z INFO  loader: uploaded scan.tiff (2837KB)
2026-06-11T08:15:48.000Z INFO  extract: detected category=image for sales.csv
2026-06-11T08:15:48.085Z INFO  cache: uploaded contract.docx (1641KB)
2026-06-11T08:15:48.176Z INFO  auth: uploaded scan.tiff (3112KB)
2026-06-11T08:15:49.650Z INFO  split:consensus: request r7980 accepted
2026-06-11T08:15:50.692Z INFO  extract: consensus reached on 8 voters
2026-06-11T08:15:51.763Z WARN  file-viewer: retrying contract.docx (attempt 3)
2026-06-11T08:15:52.900Z INFO  metrics: request r6353 accepted
2026-06-11T08:15:54.287Z ERROR csv-viewer: render aborted for page 494 (cancelled)
2026-06-11T08:15:54.948Z DEBUG loader: cache hit for report.pdf
2026-06-11T08:15:56.091Z DEBUG split:consensus: cache hit for deck.pptx
2026-06-11T08:15:56.179Z INFO  storage: extraction emitted 5 fields
2026-06-11T08:15:57.262Z ERROR storage: worker job-903 crashed: OOM
2026-06-11T08:15:57.825Z DEBUG extract: virtualizer window [120,570] of 585
2026-06-11T08:15:57.926Z DEBUG cache: code-split chunk docx-viewer loaded in 758ms
2026-06-11T08:15:58.238Z INFO  auth: job job-488 completed in 2270ms
2026-06-11T08:15:59.670Z INFO  loader: uploaded contract.docx (3963KB)
2026-06-11T08:16:00.985Z INFO  metrics: rendered page 154/585
2026-06-11T08:16:02.265Z INFO  split:consensus: uploaded scan.tiff (50KB)
2026-06-11T08:16:02.458Z INFO  split:consensus: rendered page 533/585
2026-06-11T08:16:03.034Z WARN  cache: memory pressure: 2110KB resident
2026-06-11T08:16:04.532Z INFO  auth: sheet 3 flattened (7396 rows)
2026-06-11T08:16:05.365Z INFO  router: extraction emitted 7 fields
2026-06-11T08:16:06.745Z INFO  auth: request r4902 accepted
2026-06-11T08:16:07.840Z ERROR split:consensus: render aborted for page 429 (cancelled)
2026-06-11T08:16:08.383Z DEBUG file-viewer: decoded bitmap 276 in 2312ms
2026-06-11T08:16:09.807Z DEBUG pdf-viewer: scroll progress 0.888
2026-06-11T08:16:09.833Z DEBUG cache: decoded bitmap 288 in 1366ms
2026-06-11T08:16:10.031Z WARN  auth: memory pressure: 151KB resident
2026-06-11T08:16:11.232Z DEBUG cache: scroll progress 0.431
2026-06-11T08:16:11.439Z DEBUG pdf-viewer: cache hit for deck.pptx
2026-06-11T08:16:12.520Z WARN  router: bitmap LRU at capacity (8), evicting page@253
2026-06-11T08:16:13.164Z INFO  classify: sheet 9 flattened (60815 rows)
2026-06-11T08:16:13.240Z INFO  split:consensus: request r3211 accepted
2026-06-11T08:16:13.436Z INFO  cache: rendered page 277/585
2026-06-11T08:16:13.578Z INFO  xlsx-viewer:worker: uploaded contract.docx (4184KB)
2026-06-11T08:16:14.469Z INFO  schema: consensus reached on 10 voters
2026-06-11T08:16:14.542Z INFO  split:consensus: request r8153 accepted
2026-06-11T08:16:15.297Z INFO  csv-viewer: job job-958 completed in 2209ms
2026-06-11T08:16:15.515Z INFO  pdf-viewer: consensus reached on 8 voters
2026-06-11T08:16:16.184Z INFO  pdf-viewer: extraction emitted 3 fields
2026-06-11T08:16:16.722Z WARN  xlsx-viewer:worker: retrying notes.md (attempt 10)
2026-06-11T08:16:17.017Z INFO  metrics: consensus reached on 12 voters
2026-06-11T08:16:17.932Z DEBUG metrics: decoded bitmap 5 in 2175ms
2026-06-11T08:16:19.313Z INFO  extract: uploaded contract.docx (1303KB)
2026-06-11T08:16:20.223Z DEBUG loader: cache hit for report.pdf
2026-06-11T08:16:20.997Z DEBUG csv-viewer: scroll progress 0.501
2026-06-11T08:16:22.306Z INFO  storage: consensus reached on 3 voters
2026-06-11T08:16:23.170Z WARN  classify: slow render 784ms for page 224
2026-06-11T08:16:23.710Z DEBUG metrics: virtualizer window [207,583] of 585
2026-06-11T08:16:24.468Z WARN  metrics: retrying contract.docx (attempt 2)
2026-06-11T08:16:24.717Z INFO  classify: request r5592 accepted
2026-06-11T08:16:26.000Z INFO  storage: sheet 9 flattened (38208 rows)
2026-06-11T08:16:27.119Z WARN  auth: retrying sales.csv (attempt 2)
2026-06-11T08:16:28.342Z DEBUG schema: cache hit for scan.tiff
2026-06-11T08:16:29.539Z INFO  extract: rendered page 335/585
2026-06-11T08:16:30.151Z INFO  auth: sheet 1 flattened (40360 rows)
2026-06-11T08:16:31.210Z WARN  schema: bitmap LRU at capacity (8), evicting page@574
2026-06-11T08:16:31.722Z DEBUG pdf-viewer: virtualizer window [114,568] of 585
2026-06-11T08:16:32.785Z ERROR auth: render aborted for page 214 (cancelled)
2026-06-11T08:16:33.902Z INFO  cache: sheet 5 flattened (78869 rows)
2026-06-11T08:16:34.006Z INFO  storage: sheet 2 flattened (71839 rows)
2026-06-11T08:16:35.498Z ERROR file-viewer: timeout fetching contract.docx after 2125ms
2026-06-11T08:16:36.079Z INFO  xlsx-viewer:worker: uploaded financials.xlsx (1827KB)
2026-06-11T08:16:37.087Z INFO  csv-viewer: uploaded report.pdf (95KB)
2026-06-11T08:16:37.875Z DEBUG cache: virtualizer window [126,581] of 585
2026-06-11T08:16:38.654Z DEBUG csv-viewer: cache hit for sales.csv
2026-06-11T08:16:38.687Z WARN  router: retrying financials.xlsx (attempt 12)
2026-06-11T08:16:38.965Z INFO  xlsx-viewer:worker: request r7525 accepted
2026-06-11T08:16:40.097Z DEBUG split:consensus: decoded bitmap 462 in 2016ms
2026-06-11T08:16:40.263Z DEBUG router: cache hit for sales.csv
2026-06-11T08:16:41.669Z DEBUG storage: virtualizer window [386,566] of 585
2026-06-11T08:16:42.331Z INFO  xlsx-viewer:worker: consensus reached on 6 voters
2026-06-11T08:16:43.808Z DEBUG extract: scroll progress 0.778
2026-06-11T08:16:44.318Z ERROR storage: worker job-791 crashed: OOM
2026-06-11T08:16:44.914Z DEBUG file-viewer: decoded bitmap 407 in 193ms
2026-06-11T08:16:45.186Z DEBUG loader: code-split chunk schema-builder loaded in 2288ms
2026-06-11T08:16:46.250Z INFO  extract: job job-735 completed in 999ms
2026-06-11T08:16:46.730Z DEBUG split:consensus: decoded bitmap 530 in 149ms
2026-06-11T08:16:47.373Z DEBUG split:consensus: decoded bitmap 191 in 81ms
2026-06-11T08:16:48.483Z WARN  router: bitmap LRU at capacity (8), evicting page@300
2026-06-11T08:16:49.311Z INFO  split:consensus: job job-581 completed in 1223ms
2026-06-11T08:16:49.653Z DEBUG cache: code-split chunk docx-viewer loaded in 750ms
2026-06-11T08:16:49.847Z DEBUG classify: scroll progress 0.992
2026-06-11T08:16:50.546Z DEBUG extract: code-split chunk image-viewer loaded in 1683ms
2026-06-11T08:16:50.789Z INFO  loader: request r8414 accepted
2026-06-11T08:16:51.556Z INFO  router: extraction emitted 5 fields
2026-06-11T08:16:52.511Z WARN  split:consensus: bitmap LRU at capacity (8), evicting page@459
2026-06-11T08:16:53.899Z DEBUG xlsx-viewer:worker: code-split chunk image-viewer loaded in 1585ms
2026-06-11T08:16:54.418Z INFO  cache: extraction emitted 3 fields
2026-06-11T08:16:54.554Z DEBUG loader: worker boundary clone 4353KB
2026-06-11T08:16:55.242Z INFO  metrics: rendered page 295/585
2026-06-11T08:16:56.323Z ERROR csv-viewer: timeout fetching scan.tiff after 1075ms
2026-06-11T08:16:56.406Z INFO  extract: rendered page 96/585
2026-06-11T08:16:56.467Z INFO  extract: consensus reached on 2 voters
2026-06-11T08:16:57.623Z INFO  file-viewer: uploaded deck.pptx (628KB)
2026-06-11T08:16:58.941Z ERROR extract: worker job-659 crashed: OOM
2026-06-11T08:17:00.389Z WARN  xlsx-viewer:worker: slow render 1695ms for page 392
2026-06-11T08:17:01.523Z INFO  csv-viewer: detected category=text for contract.docx
2026-06-11T08:17:02.499Z INFO  pdf-viewer: request r2665 accepted
2026-06-11T08:17:02.866Z WARN  schema: bitmap LRU at capacity (8), evicting page@269
2026-06-11T08:17:02.950Z WARN  extract: retrying financials.xlsx (attempt 5)
2026-06-11T08:17:03.422Z INFO  file-viewer: request r3854 accepted
2026-06-11T08:17:03.853Z DEBUG csv-viewer: worker boundary clone 1838KB
2026-06-11T08:17:05.206Z WARN  cache: memory pressure: 3146KB resident
2026-06-11T08:17:06.297Z INFO  pdf-viewer: rendered page 221/585
2026-06-11T08:17:07.284Z DEBUG xlsx-viewer:worker: code-split chunk xlsx-viewer loaded in 597ms
2026-06-11T08:17:08.344Z INFO  storage: consensus reached on 4 voters
2026-06-11T08:17:08.682Z WARN  pdf-viewer: bitmap LRU at capacity (8), evicting page@166
2026-06-11T08:17:08.719Z ERROR classify: failed to parse financials.xlsx: unexpected token at byte 573
2026-06-11T08:17:09.621Z INFO  xlsx-viewer:worker: consensus reached on 7 voters
2026-06-11T08:17:10.185Z INFO  xlsx-viewer:worker: sheet 9 flattened (39446 rows)
2026-06-11T08:17:11.034Z INFO  csv-viewer: extraction emitted 2 fields
2026-06-11T08:17:11.547Z DEBUG split:consensus: decoded bitmap 79 in 1668ms
2026-06-11T08:17:11.724Z INFO  schema: rendered page 157/585
2026-06-11T08:17:11.892Z INFO  csv-viewer: extraction emitted 9 fields
2026-06-11T08:17:12.028Z INFO  router: rendered page 149/585
2026-06-11T08:17:12.642Z ERROR storage: worker job-701 crashed: OOM
2026-06-11T08:17:13.987Z INFO  classify: request r9120 accepted
2026-06-11T08:17:15.204Z WARN  csv-viewer: bitmap LRU at capacity (8), evicting page@351
2026-06-11T08:17:15.622Z INFO  split:consensus: uploaded financials.xlsx (2850KB)
2026-06-11T08:17:16.710Z ERROR csv-viewer: failed to parse scan.tiff: unexpected token at byte 575
2026-06-11T08:17:17.206Z WARN  csv-viewer: memory pressure: 3118KB resident
2026-06-11T08:17:18.276Z WARN  storage: memory pressure: 1140KB resident
2026-06-11T08:17:19.552Z DEBUG split:consensus: scroll progress 0.329
2026-06-11T08:17:20.321Z WARN  pdf-viewer: slow render 2309ms for page 280
2026-06-11T08:17:20.976Z INFO  classify: extraction emitted 12 fields
2026-06-11T08:17:21.248Z WARN  cache: bitmap LRU at capacity (8), evicting page@296
2026-06-11T08:17:21.516Z ERROR pdf-viewer: render aborted for page 195 (cancelled)
2026-06-11T08:17:22.840Z INFO  auth: extraction emitted 12 fields
2026-06-11T08:17:23.011Z WARN  loader: memory pressure: 1453KB resident
2026-06-11T08:17:23.492Z DEBUG auth: virtualizer window [351,566] of 585
2026-06-11T08:17:23.601Z INFO  extract: rendered page 225/585
2026-06-11T08:17:24.933Z DEBUG classify: scroll progress 0.257
2026-06-11T08:17:25.432Z ERROR loader: worker job-944 crashed: OOM
2026-06-11T08:17:26.603Z INFO  loader: uploaded sales.csv (605KB)
2026-06-11T08:17:26.797Z DEBUG loader: scroll progress 0.559
2026-06-11T08:17:27.152Z INFO  xlsx-viewer:worker: uploaded notes.md (4341KB)
2026-06-11T08:17:28.455Z ERROR metrics: failed to parse notes.md: unexpected token at byte 562
2026-06-11T08:17:29.231Z INFO  cache: extraction emitted 4 fields
2026-06-11T08:17:30.270Z ERROR file-viewer: timeout fetching notes.md after 1705ms
2026-06-11T08:17:31.315Z ERROR storage: worker job-975 crashed: OOM
2026-06-11T08:17:32.145Z DEBUG cache: scroll progress 0.054
2026-06-11T08:17:32.367Z DEBUG csv-viewer: scroll progress 0.488
2026-06-11T08:17:33.298Z DEBUG classify: cache hit for scan.tiff
2026-06-11T08:17:34.269Z DEBUG extract: virtualizer window [391,564] of 585
2026-06-11T08:17:35.700Z INFO  auth: rendered page 28/585
2026-06-11T08:17:36.708Z ERROR pdf-viewer: worker job-798 crashed: OOM
2026-06-11T08:17:37.586Z WARN  xlsx-viewer:worker: slow render 706ms for page 503
2026-06-11T08:17:38.079Z ERROR loader: render aborted for page 179 (cancelled)
2026-06-11T08:17:38.808Z DEBUG auth: decoded bitmap 193 in 544ms
2026-06-11T08:17:38.853Z INFO  xlsx-viewer:worker: uploaded contract.docx (27KB)
2026-06-11T08:17:39.136Z WARN  file-viewer: bitmap LRU at capacity (8), evicting page@206
2026-06-11T08:17:39.316Z DEBUG cache: cache hit for contract.docx
2026-06-11T08:17:39.607Z DEBUG storage: virtualizer window [69,583] of 585
2026-06-11T08:17:40.766Z WARN  classify: bitmap LRU at capacity (8), evicting page@535
2026-06-11T08:17:40.854Z DEBUG storage: cache hit for sales.csv
2026-06-11T08:17:41.927Z DEBUG cache: worker boundary clone 3267KB
2026-06-11T08:17:42.649Z WARN  auth: memory pressure: 4398KB resident
2026-06-11T08:17:43.651Z DEBUG schema: worker boundary clone 1073KB
2026-06-11T08:17:44.237Z WARN  pdf-viewer: bitmap LRU at capacity (8), evicting page@259
2026-06-11T08:17:45.724Z INFO  router: rendered page 406/585
2026-06-11T08:17:45.854Z INFO  metrics: detected category=text for scan.tiff
2026-06-11T08:17:46.063Z INFO  split:consensus: request r7666 accepted
2026-06-11T08:17:46.634Z DEBUG pdf-viewer: code-split chunk xlsx-viewer loaded in 1583ms
2026-06-11T08:17:47.678Z WARN  extract: memory pressure: 146KB resident
2026-06-11T08:17:48.024Z DEBUG classify: cache hit for deck.pptx
2026-06-11T08:17:48.570Z INFO  classify: uploaded contract.docx (3100KB)
2026-06-11T08:17:49.761Z ERROR classify: worker job-932 crashed: OOM
2026-06-11T08:17:50.269Z INFO  file-viewer: rendered page 74/585
2026-06-11T08:17:50.895Z INFO  schema: job job-683 completed in 908ms
2026-06-11T08:17:51.519Z INFO  xlsx-viewer:worker: job job-359 completed in 1463ms
2026-06-11T08:17:52.171Z DEBUG auth: decoded bitmap 84 in 1112ms
2026-06-11T08:17:52.245Z DEBUG schema: decoded bitmap 23 in 673ms
2026-06-11T08:17:52.295Z WARN  auth: memory pressure: 4020KB resident
2026-06-11T08:17:52.597Z INFO  pdf-viewer: extraction emitted 5 fields
2026-06-11T08:17:54.074Z WARN  loader: slow render 1876ms for page 572
2026-06-11T08:17:55.325Z INFO  storage: extraction emitted 10 fields
2026-06-11T08:17:56.097Z DEBUG csv-viewer: code-split chunk pdf-viewer loaded in 644ms
2026-06-11T08:17:57.270Z WARN  router: retrying report.pdf (attempt 4)
2026-06-11T08:17:58.582Z DEBUG extract: virtualizer window [115,564] of 585
2026-06-11T08:18:00.021Z INFO  router: request r8317 accepted
2026-06-11T08:18:01.236Z ERROR schema: timeout fetching deck.pptx after 1598ms
2026-06-11T08:18:01.453Z ERROR xlsx-viewer:worker: render aborted for page 509 (cancelled)
2026-06-11T08:18:02.193Z INFO  router: uploaded contract.docx (2830KB)
2026-06-11T08:18:02.466Z INFO  storage: request r6548 accepted
2026-06-11T08:18:03.621Z INFO  loader: job job-444 completed in 2303ms
2026-06-11T08:18:05.091Z INFO  file-viewer: job job-293 completed in 1691ms
2026-06-11T08:18:06.068Z DEBUG router: worker boundary clone 2536KB
2026-06-11T08:18:06.719Z WARN  metrics: retrying financials.xlsx (attempt 3)
2026-06-11T08:18:07.647Z INFO  cache: job job-954 completed in 1128ms
2026-06-11T08:18:07.836Z DEBUG storage: cache hit for financials.xlsx
2026-06-11T08:18:07.884Z DEBUG storage: cache hit for sales.csv
2026-06-11T08:18:09.249Z DEBUG metrics: virtualizer window [486,576] of 585
2026-06-11T08:18:09.429Z ERROR split:consensus: render aborted for page 451 (cancelled)
2026-06-11T08:18:10.702Z DEBUG file-viewer: scroll progress 0.724
2026-06-11T08:18:11.095Z DEBUG loader: worker boundary clone 2620KB
2026-06-11T08:18:11.872Z INFO  cache: uploaded notes.md (1089KB)
2026-06-11T08:18:12.753Z INFO  storage: detected category=text for contract.docx
2026-06-11T08:18:13.433Z DEBUG classify: worker boundary clone 20KB
2026-06-11T08:18:13.661Z DEBUG classify: scroll progress 0.743
2026-06-11T08:18:13.833Z INFO  classify: detected category=text for report.pdf
2026-06-11T08:18:14.324Z ERROR schema: timeout fetching notes.md after 2307ms
2026-06-11T08:18:15.159Z WARN  storage: memory pressure: 302KB resident
2026-06-11T08:18:15.503Z ERROR schema: failed to parse contract.docx: unexpected token at byte 574
2026-06-11T08:18:16.438Z ERROR extract: worker job-919 crashed: OOM
2026-06-11T08:18:17.110Z INFO  file-viewer: request r9728 accepted
2026-06-11T08:18:17.655Z WARN  extract: retrying notes.md (attempt 12)
2026-06-11T08:18:17.975Z INFO  cache: extraction emitted 5 fields
2026-06-11T08:18:19.143Z INFO  classify: sheet 5 flattened (74511 rows)
2026-06-11T08:18:20.413Z DEBUG storage: cache hit for report.pdf
2026-06-11T08:18:21.625Z INFO  loader: detected category=image for report.pdf
2026-06-11T08:18:21.674Z WARN  schema: retrying report.pdf (attempt 7)
2026-06-11T08:18:22.499Z WARN  classify: slow render 1913ms for page 341
2026-06-11T08:18:23.779Z INFO  file-viewer: request r1085 accepted
2026-06-11T08:18:24.992Z INFO  xlsx-viewer:worker: uploaded scan.tiff (3909KB)
2026-06-11T08:18:25.849Z DEBUG csv-viewer: cache hit for deck.pptx
2026-06-11T08:18:26.901Z ERROR cache: render aborted for page 149 (cancelled)
2026-06-11T08:18:27.889Z INFO  loader: uploaded contract.docx (2356KB)
2026-06-11T08:18:27.958Z WARN  schema: bitmap LRU at capacity (8), evicting page@157
2026-06-11T08:18:28.248Z ERROR storage: failed to parse contract.docx: unexpected token at byte 582
2026-06-11T08:18:29.157Z DEBUG auth: scroll progress 0.694
2026-06-11T08:18:29.908Z DEBUG classify: code-split chunk pdf-viewer loaded in 1921ms
2026-06-11T08:18:30.115Z INFO  file-viewer: extraction emitted 7 fields
2026-06-11T08:18:30.419Z ERROR xlsx-viewer:worker: worker job-280 crashed: OOM
2026-06-11T08:18:31.252Z DEBUG cache: worker boundary clone 2105KB
2026-06-11T08:18:32.736Z DEBUG metrics: decoded bitmap 508 in 1874ms
2026-06-11T08:18:34.036Z ERROR pdf-viewer: timeout fetching notes.md after 2035ms
2026-06-11T08:18:35.250Z DEBUG storage: decoded bitmap 343 in 1345ms
2026-06-11T08:18:35.667Z INFO  file-viewer: extraction emitted 8 fields
2026-06-11T08:18:36.145Z ERROR metrics: render aborted for page 372 (cancelled)
2026-06-11T08:18:36.552Z WARN  metrics: retrying report.pdf (attempt 9)
2026-06-11T08:18:37.069Z INFO  pdf-viewer: request r5689 accepted
2026-06-11T08:18:37.411Z WARN  schema: retrying financials.xlsx (attempt 6)
2026-06-11T08:18:38.627Z INFO  split:consensus: consensus reached on 3 voters
2026-06-11T08:18:38.784Z WARN  schema: retrying sales.csv (attempt 4)
2026-06-11T08:18:39.065Z DEBUG loader: virtualizer window [84,560] of 585
2026-06-11T08:18:39.329Z DEBUG pdf-viewer: code-split chunk image-viewer loaded in 545ms
2026-06-11T08:18:39.841Z INFO  storage: consensus reached on 2 voters
2026-06-11T08:18:40.450Z INFO  csv-viewer: consensus reached on 3 voters
2026-06-11T08:18:41.436Z INFO  file-viewer: job job-518 completed in 1101ms
2026-06-11T08:18:42.875Z INFO  classify: job job-302 completed in 938ms
2026-06-11T08:18:43.623Z INFO  pdf-viewer: job job-227 completed in 679ms
2026-06-11T08:18:44.937Z INFO  csv-viewer: job job-194 completed in 1962ms
2026-06-11T08:18:45.215Z INFO  classify: sheet 6 flattened (67173 rows)
2026-06-11T08:18:45.883Z INFO  file-viewer: job job-740 completed in 1950ms
2026-06-11T08:18:46.506Z DEBUG loader: decoded bitmap 155 in 1532ms
2026-06-11T08:18:47.577Z INFO  pdf-viewer: extraction emitted 3 fields
2026-06-11T08:18:48.742Z DEBUG auth: cache hit for report.pdf
2026-06-11T08:18:49.031Z INFO  xlsx-viewer:worker: request r4552 accepted
2026-06-11T08:18:49.455Z DEBUG pdf-viewer: decoded bitmap 67 in 1458ms
2026-06-11T08:18:50.050Z INFO  cache: sheet 6 flattened (78937 rows)
2026-06-11T08:18:50.895Z DEBUG schema: cache hit for sales.csv
2026-06-11T08:18:51.008Z INFO  classify: request r1234 accepted
2026-06-11T08:18:51.184Z DEBUG pdf-viewer: cache hit for sales.csv
2026-06-11T08:18:51.793Z DEBUG schema: worker boundary clone 1215KB
2026-06-11T08:18:52.408Z DEBUG router: cache hit for deck.pptx
2026-06-11T08:18:53.560Z INFO  storage: sheet 6 flattened (85360 rows)
2026-06-11T08:18:54.739Z INFO  metrics: job job-362 completed in 343ms
2026-06-11T08:18:55.087Z DEBUG cache: worker boundary clone 4001KB
2026-06-11T08:18:56.284Z INFO  auth: consensus reached on 10 voters
2026-06-11T08:18:56.975Z ERROR metrics: timeout fetching financials.xlsx after 434ms
2026-06-11T08:18:57.334Z INFO  loader: job job-490 completed in 2037ms
2026-06-11T08:18:58.380Z WARN  schema: bitmap LRU at capacity (8), evicting page@275
2026-06-11T08:18:59.386Z INFO  pdf-viewer: consensus reached on 3 voters
2026-06-11T08:18:59.768Z INFO  csv-viewer: request r6463 accepted
2026-06-11T08:19:00.047Z WARN  classify: retrying deck.pptx (attempt 6)
2026-06-11T08:19:00.171Z INFO  auth: uploaded scan.tiff (530KB)
2026-06-11T08:19:00.259Z INFO  cache: uploaded contract.docx (2943KB)
2026-06-11T08:19:01.660Z INFO  cache: consensus reached on 11 voters
2026-06-11T08:19:02.959Z DEBUG pdf-viewer: cache hit for contract.docx
2026-06-11T08:19:03.261Z WARN  pdf-viewer: memory pressure: 3064KB resident
2026-06-11T08:19:04.112Z INFO  loader: rendered page 269/585
2026-06-11T08:19:04.834Z INFO  classify: detected category=text for sales.csv
2026-06-11T08:19:05.373Z INFO  cache: job job-171 completed in 1457ms
2026-06-11T08:19:06.470Z ERROR classify: render aborted for page 18 (cancelled)
2026-06-11T08:19:07.496Z WARN  extract: memory pressure: 1799KB resident
2026-06-11T08:19:08.559Z DEBUG auth: scroll progress 0.383
2026-06-11T08:19:09.526Z ERROR file-viewer: failed to parse financials.xlsx: unexpected token at byte 560
2026-06-11T08:19:09.830Z ERROR storage: failed to parse report.pdf: unexpected token at byte 563
2026-06-11T08:19:10.590Z DEBUG split:consensus: code-split chunk pptx-viewer loaded in 834ms
2026-06-11T08:19:10.997Z ERROR metrics: render aborted for page 530 (cancelled)
2026-06-11T08:19:11.828Z INFO  csv-viewer: sheet 9 flattened (55064 rows)
2026-06-11T08:19:12.149Z ERROR pdf-viewer: worker job-401 crashed: OOM
2026-06-11T08:19:12.709Z INFO  cache: job job-765 completed in 2400ms
2026-06-11T08:19:12.984Z INFO  split:consensus: extraction emitted 11 fields
2026-06-11T08:19:13.712Z INFO  cache: rendered page 7/585
2026-06-11T08:19:14.227Z INFO  classify: uploaded contract.docx (2484KB)
2026-06-11T08:19:15.488Z INFO  loader: job job-728 completed in 929ms
2026-06-11T08:19:16.180Z INFO  metrics: detected category=text for notes.md
2026-06-11T08:19:17.185Z DEBUG file-viewer: code-split chunk pptx-viewer loaded in 1092ms
2026-06-11T08:19:17.635Z WARN  loader: memory pressure: 1412KB resident
2026-06-11T08:19:18.590Z WARN  csv-viewer: bitmap LRU at capacity (8), evicting page@73
2026-06-11T08:19:19.445Z INFO  metrics: request r4341 accepted
2026-06-11T08:19:19.913Z INFO  pdf-viewer: extraction emitted 3 fields
2026-06-11T08:19:20.836Z WARN  pdf-viewer: retrying report.pdf (attempt 9)
2026-06-11T08:19:21.139Z INFO  schema: rendered page 174/585
2026-06-11T08:19:21.607Z INFO  pdf-viewer: uploaded deck.pptx (3396KB)
2026-06-11T08:19:22.897Z INFO  auth: uploaded deck.pptx (3428KB)
2026-06-11T08:19:23.426Z INFO  auth: rendered page 66/585
2026-06-11T08:19:24.610Z ERROR pdf-viewer: timeout fetching sales.csv after 1406ms
2026-06-11T08:19:24.873Z INFO  router: rendered page 24/585
2026-06-11T08:19:24.917Z ERROR metrics: worker job-896 crashed: OOM
2026-06-11T08:19:24.989Z ERROR schema: timeout fetching notes.md after 297ms
2026-06-11T08:19:25.070Z DEBUG router: decoded bitmap 513 in 1170ms
2026-06-11T08:19:25.905Z WARN  xlsx-viewer:worker: slow render 132ms for page 12
2026-06-11T08:19:25.975Z INFO  csv-viewer: request r6840 accepted
2026-06-11T08:19:26.021Z DEBUG xlsx-viewer:worker: code-split chunk schema-builder loaded in 55ms
2026-06-11T08:19:26.324Z DEBUG pdf-viewer: scroll progress 0.699
2026-06-11T08:19:27.372Z INFO  classify: request r2798 accepted
2026-06-11T08:19:27.493Z INFO  xlsx-viewer:worker: uploaded scan.tiff (2317KB)
2026-06-11T08:19:28.051Z INFO  split:consensus: detected category=image for notes.md
2026-06-11T08:19:29.055Z WARN  extract: bitmap LRU at capacity (8), evicting page@91
2026-06-11T08:19:30.213Z INFO  pdf-viewer: extraction emitted 2 fields
2026-06-11T08:19:30.336Z INFO  xlsx-viewer:worker: extraction emitted 12 fields
2026-06-11T08:19:30.770Z ERROR file-viewer: failed to parse financials.xlsx: unexpected token at byte 568
2026-06-11T08:19:32.224Z INFO  auth: detected category=pptx for report.pdf
2026-06-11T08:19:32.956Z DEBUG file-viewer: cache hit for financials.xlsx
2026-06-11T08:19:33.830Z DEBUG classify: cache hit for scan.tiff
2026-06-11T08:19:34.373Z WARN  xlsx-viewer:worker: memory pressure: 4069KB resident
2026-06-11T08:19:35.172Z WARN  metrics: memory pressure: 998KB resident
2026-06-11T08:19:36.422Z WARN  storage: retrying deck.pptx (attempt 6)
2026-06-11T08:19:36.936Z INFO  csv-viewer: request r4805 accepted
2026-06-11T08:19:38.145Z ERROR pdf-viewer: failed to parse deck.pptx: unexpected token at byte 573
2026-06-11T08:19:39.563Z WARN  loader: bitmap LRU at capacity (8), evicting page@479
2026-06-11T08:19:39.988Z DEBUG pdf-viewer: virtualizer window [435,582] of 585
2026-06-11T08:19:40.741Z DEBUG split:consensus: decoded bitmap 218 in 850ms
2026-06-11T08:19:41.395Z DEBUG router: virtualizer window [72,568] of 585
2026-06-11T08:19:42.083Z WARN  csv-viewer: memory pressure: 943KB resident
2026-06-11T08:19:43.382Z INFO  cache: sheet 4 flattened (25846 rows)
2026-06-11T08:19:44.031Z DEBUG xlsx-viewer:worker: code-split chunk image-viewer loaded in 1810ms
2026-06-11T08:19:44.904Z DEBUG classify: code-split chunk xlsx-viewer loaded in 1545ms
2026-06-11T08:19:45.187Z WARN  xlsx-viewer:worker: slow render 1854ms for page 339
2026-06-11T08:19:46.388Z WARN  metrics: retrying financials.xlsx (attempt 5)
2026-06-11T08:19:47.553Z INFO  metrics: uploaded scan.tiff (3607KB)
2026-06-11T08:19:47.755Z ERROR split:consensus: render aborted for page 270 (cancelled)
2026-06-11T08:19:47.999Z DEBUG loader: worker boundary clone 4173KB
2026-06-11T08:19:49.181Z WARN  csv-viewer: bitmap LRU at capacity (8), evicting page@505
2026-06-11T08:19:49.786Z DEBUG xlsx-viewer:worker: worker boundary clone 3028KB
2026-06-11T08:19:49.996Z INFO  xlsx-viewer:worker: rendered page 585/585
2026-06-11T08:19:50.085Z DEBUG xlsx-viewer:worker: decoded bitmap 520 in 1398ms
2026-06-11T08:19:50.457Z ERROR xlsx-viewer:worker: failed to parse sales.csv: unexpected token at byte 575
2026-06-11T08:19:51.341Z DEBUG classify: worker boundary clone 1422KB
2026-06-11T08:19:51.789Z INFO  split:consensus: detected category=xlsx for scan.tiff
2026-06-11T08:19:51.918Z INFO  pdf-viewer: extraction emitted 9 fields
2026-06-11T08:19:53.360Z DEBUG metrics: code-split chunk pdf-viewer loaded in 1204ms
2026-06-11T08:19:54.221Z INFO  classify: extraction emitted 5 fields
2026-06-11T08:19:55.080Z INFO  classify: rendered page 526/585
2026-06-11T08:19:56.456Z INFO  pdf-viewer: extraction emitted 11 fields
2026-06-11T08:19:56.580Z ERROR cache: timeout fetching scan.tiff after 737ms
2026-06-11T08:19:57.517Z DEBUG router: worker boundary clone 1306KB
2026-06-11T08:19:58.934Z ERROR router: timeout fetching report.pdf after 1734ms
2026-06-11T08:20:00.281Z INFO  pdf-viewer: consensus reached on 9 voters
2026-06-11T08:20:01.558Z DEBUG extract: cache hit for report.pdf
2026-06-11T08:20:02.738Z INFO  cache: sheet 11 flattened (81628 rows)
2026-06-11T08:20:03.085Z WARN  router: bitmap LRU at capacity (8), evicting page@563
2026-06-11T08:20:03.610Z INFO  classify: consensus reached on 12 voters
2026-06-11T08:20:04.275Z DEBUG file-viewer: decoded bitmap 26 in 436ms
2026-06-11T08:20:05.750Z DEBUG router: cache hit for contract.docx
2026-06-11T08:20:06.040Z INFO  split:consensus: uploaded scan.tiff (51KB)
2026-06-11T08:20:06.184Z ERROR pdf-viewer: worker job-785 crashed: OOM
2026-06-11T08:20:06.747Z DEBUG router: scroll progress 0.46
2026-06-11T08:20:08.087Z INFO  classify: sheet 5 flattened (39035 rows)
2026-06-11T08:20:09.401Z ERROR metrics: worker job-768 crashed: OOM
2026-06-11T08:20:10.308Z INFO  split:consensus: job job-862 completed in 522ms
2026-06-11T08:20:10.581Z ERROR cache: failed to parse financials.xlsx: unexpected token at byte 565
2026-06-11T08:20:11.901Z INFO  split:consensus: sheet 12 flattened (28764 rows)
2026-06-11T08:20:13.018Z ERROR classify: worker job-348 crashed: OOM
2026-06-11T08:20:14.232Z DEBUG pdf-viewer: code-split chunk docx-viewer loaded in 1335ms
2026-06-11T08:20:15.096Z DEBUG cache: scroll progress 0.646
2026-06-11T08:20:15.412Z DEBUG auth: code-split chunk xlsx-viewer loaded in 1678ms
2026-06-11T08:20:15.676Z DEBUG split:consensus: virtualizer window [353,563] of 585
2026-06-11T08:20:16.421Z INFO  file-viewer: consensus reached on 9 voters
2026-06-11T08:20:17.402Z ERROR router: timeout fetching contract.docx after 1254ms
2026-06-11T08:20:18.467Z ERROR file-viewer: render aborted for page 46 (cancelled)
2026-06-11T08:20:19.038Z ERROR storage: render aborted for page 38 (cancelled)
2026-06-11T08:20:20.343Z DEBUG classify: cache hit for financials.xlsx
2026-06-11T08:20:21.131Z DEBUG storage: decoded bitmap 210 in 1049ms
2026-06-11T08:20:21.696Z ERROR split:consensus: timeout fetching scan.tiff after 138ms
2026-06-11T08:20:22.078Z INFO  split:consensus: job job-968 completed in 335ms
2026-06-11T08:20:22.407Z DEBUG storage: virtualizer window [221,584] of 585
2026-06-11T08:20:23.822Z WARN  classify: retrying financials.xlsx (attempt 6)
2026-06-11T08:20:23.995Z ERROR file-viewer: worker job-554 crashed: OOM
2026-06-11T08:20:24.465Z WARN  file-viewer: slow render 485ms for page 329
2026-06-11T08:20:25.341Z INFO  split:consensus: uploaded report.pdf (2343KB)
2026-06-11T08:20:26.459Z DEBUG file-viewer: virtualizer window [232,571] of 585
2026-06-11T08:20:26.749Z INFO  cache: detected category=xlsx for deck.pptx
2026-06-11T08:20:27.117Z ERROR file-viewer: failed to parse scan.tiff: unexpected token at byte 575
2026-06-11T08:20:27.462Z DEBUG schema: scroll progress 0.952
2026-06-11T08:20:28.954Z WARN  csv-viewer: retrying contract.docx (attempt 8)
2026-06-11T08:20:30.188Z INFO  extract: sheet 2 flattened (59239 rows)
2026-06-11T08:20:30.875Z INFO  router: job job-500 completed in 271ms
2026-06-11T08:20:30.954Z DEBUG xlsx-viewer:worker: decoded bitmap 30 in 506ms
2026-06-11T08:20:31.327Z DEBUG xlsx-viewer:worker: code-split chunk docx-viewer loaded in 1808ms
2026-06-11T08:20:31.893Z INFO  xlsx-viewer:worker: extraction emitted 6 fields
2026-06-11T08:20:32.408Z INFO  csv-viewer: sheet 5 flattened (65731 rows)
2026-06-11T08:20:33.162Z WARN  file-viewer: slow render 2146ms for page 261
2026-06-11T08:20:34.658Z INFO  file-viewer: uploaded scan.tiff (2525KB)
2026-06-11T08:20:34.930Z INFO  pdf-viewer: consensus reached on 3 voters
2026-06-11T08:20:35.535Z DEBUG xlsx-viewer:worker: worker boundary clone 1115KB
2026-06-11T08:20:36.091Z INFO  pdf-viewer: rendered page 445/585
2026-06-11T08:20:37.469Z INFO  xlsx-viewer:worker: job job-584 completed in 2077ms
2026-06-11T08:20:38.209Z WARN  csv-viewer: memory pressure: 4481KB resident
2026-06-11T08:20:38.447Z INFO  router: consensus reached on 8 voters
2026-06-11T08:20:39.852Z INFO  metrics: extraction emitted 4 fields
2026-06-11T08:20:41.097Z INFO  cache: detected category=image for report.pdf
2026-06-11T08:20:42.551Z DEBUG storage: cache hit for notes.md
2026-06-11T08:20:43.428Z WARN  storage: slow render 1295ms for page 509
2026-06-11T08:20:44.196Z INFO  cache: extraction emitted 6 fields
2026-06-11T08:20:44.449Z WARN  storage: slow render 299ms for page 147
2026-06-11T08:20:45.361Z INFO  auth: extraction emitted 4 fields
2026-06-11T08:20:45.447Z INFO  storage: consensus reached on 8 voters
2026-06-11T08:20:45.472Z WARN  extract: bitmap LRU at capacity (8), evicting page@495
2026-06-11T08:20:46.155Z ERROR auth: render aborted for page 145 (cancelled)
2026-06-11T08:20:46.603Z INFO  storage: extraction emitted 9 fields
2026-06-11T08:20:47.063Z INFO  pdf-viewer: sheet 1 flattened (81697 rows)
2026-06-11T08:20:47.374Z WARN  split:consensus: slow render 2202ms for page 186
2026-06-11T08:20:47.898Z INFO  pdf-viewer: extraction emitted 4 fields
2026-06-11T08:20:48.578Z DEBUG auth: cache hit for deck.pptx
2026-06-11T08:20:49.868Z DEBUG router: worker boundary clone 2571KB
2026-06-11T08:20:50.695Z DEBUG loader: worker boundary clone 2822KB
2026-06-11T08:20:51.054Z DEBUG extract: virtualizer window [479,570] of 585
2026-06-11T08:20:52.312Z INFO  pdf-viewer: rendered page 477/585
2026-06-11T08:20:53.201Z DEBUG split:consensus: scroll progress 0.549
2026-06-11T08:20:54.247Z DEBUG classify: worker boundary clone 2679KB
2026-06-11T08:20:54.558Z DEBUG xlsx-viewer:worker: decoded bitmap 83 in 1958ms
2026-06-11T08:20:55.324Z WARN  split:consensus: slow render 2006ms for page 33
2026-06-11T08:20:56.774Z WARN  extract: bitmap LRU at capacity (8), evicting page@90
2026-06-11T08:20:58.098Z INFO  storage: uploaded notes.md (3723KB)
2026-06-11T08:20:58.275Z WARN  cache: bitmap LRU at capacity (8), evicting page@543
2026-06-11T08:20:59.169Z INFO  router: job job-962 completed in 1968ms
2026-06-11T08:20:59.283Z INFO  metrics: detected category=image for report.pdf
2026-06-11T08:20:59.666Z INFO  loader: extraction emitted 9 fields
2026-06-11T08:21:00.072Z DEBUG cache: virtualizer window [496,569] of 585
2026-06-11T08:21:00.761Z WARN  extract: bitmap LRU at capacity (8), evicting page@323
2026-06-11T08:21:01.291Z INFO  xlsx-viewer:worker: extraction emitted 4 fields
2026-06-11T08:21:02.261Z INFO  file-viewer: uploaded scan.tiff (2748KB)
2026-06-11T08:21:03.594Z DEBUG metrics: code-split chunk pptx-viewer loaded in 629ms
2026-06-11T08:21:04.267Z INFO  pdf-viewer: extraction emitted 6 fields
2026-06-11T08:21:05.204Z DEBUG schema: decoded bitmap 237 in 115ms
2026-06-11T08:21:05.627Z WARN  schema: memory pressure: 78KB resident
2026-06-11T08:21:06.912Z INFO  pdf-viewer: consensus reached on 9 voters
2026-06-11T08:21:07.596Z DEBUG router: virtualizer window [192,577] of 585
2026-06-11T08:21:08.808Z INFO  csv-viewer: rendered page 334/585
2026-06-11T08:21:09.338Z INFO  storage: consensus reached on 7 voters
2026-06-11T08:21:09.457Z DEBUG classify: scroll progress 0.357
2026-06-11T08:21:10.640Z DEBUG classify: scroll progress 0.708
2026-06-11T08:21:11.602Z DEBUG pdf-viewer: virtualizer window [279,566] of 585
2026-06-11T08:21:12.263Z WARN  classify: memory pressure: 4170KB resident
2026-06-11T08:21:13.491Z WARN  extract: slow render 1946ms for page 149
2026-06-11T08:21:14.358Z INFO  split:consensus: rendered page 135/585
2026-06-11T08:21:15.222Z INFO  metrics: job job-843 completed in 1377ms
2026-06-11T08:21:16.405Z WARN  pdf-viewer: memory pressure: 1734KB resident
2026-06-11T08:21:16.738Z ERROR pdf-viewer: worker job-441 crashed: OOM
2026-06-11T08:21:18.176Z WARN  classify: memory pressure: 1412KB resident
2026-06-11T08:21:18.434Z DEBUG cache: code-split chunk image-viewer loaded in 166ms
2026-06-11T08:21:19.236Z INFO  metrics: extraction emitted 7 fields
2026-06-11T08:21:20.675Z ERROR extract: failed to parse sales.csv: unexpected token at byte 578
2026-06-11T08:21:21.901Z INFO  storage: extraction emitted 10 fields
2026-06-11T08:21:22.706Z INFO  schema: sheet 1 flattened (51267 rows)
2026-06-11T08:21:23.191Z DEBUG router: worker boundary clone 3424KB
2026-06-11T08:21:24.108Z DEBUG pdf-viewer: scroll progress 0.156
2026-06-11T08:21:24.956Z INFO  extract: detected category=image for financials.xlsx
2026-06-11T08:21:25.668Z INFO  xlsx-viewer:worker: detected category=image for report.pdf
2026-06-11T08:21:26.321Z INFO  loader: sheet 10 flattened (27710 rows)
2026-06-11T08:21:26.886Z DEBUG classify: cache hit for financials.xlsx
2026-06-11T08:21:27.810Z INFO  auth: request r3961 accepted
2026-06-11T08:21:28.565Z INFO  csv-viewer: rendered page 236/585
2026-06-11T08:21:29.205Z ERROR router: failed to parse notes.md: unexpected token at byte 569
2026-06-11T08:21:29.940Z INFO  csv-viewer: sheet 2 flattened (5817 rows)
2026-06-11T08:21:30.848Z WARN  csv-viewer: retrying deck.pptx (attempt 9)
2026-06-11T08:21:31.752Z INFO  schema: uploaded deck.pptx (1875KB)
2026-06-11T08:21:32.868Z WARN  cache: retrying deck.pptx (attempt 11)
2026-06-11T08:21:32.995Z INFO  metrics: rendered page 555/585
2026-06-11T08:21:33.337Z WARN  file-viewer: slow render 1393ms for page 399
2026-06-11T08:21:33.699Z INFO  cache: detected category=image for contract.docx
2026-06-11T08:21:34.019Z DEBUG auth: scroll progress 0.166
2026-06-11T08:21:34.754Z WARN  loader: bitmap LRU at capacity (8), evicting page@252
2026-06-11T08:21:35.892Z INFO  auth: detected category=pdf for report.pdf
2026-06-11T08:21:36.869Z DEBUG classify: code-split chunk pdf-viewer loaded in 1043ms
2026-06-11T08:21:37.177Z ERROR classify: failed to parse contract.docx: unexpected token at byte 562
2026-06-11T08:21:38.637Z DEBUG cache: decoded bitmap 136 in 93ms
2026-06-11T08:21:40.133Z INFO  classify: request r9008 accepted
2026-06-11T08:21:40.354Z WARN  metrics: memory pressure: 3872KB resident
2026-06-11T08:21:41.241Z DEBUG metrics: cache hit for financials.xlsx
2026-06-11T08:21:41.623Z DEBUG file-viewer: code-split chunk schema-builder loaded in 1519ms
2026-06-11T08:21:42.852Z INFO  xlsx-viewer:worker: extraction emitted 6 fields
2026-06-11T08:21:43.973Z ERROR split:consensus: worker job-745 crashed: OOM
2026-06-11T08:21:44.946Z INFO  cache: rendered page 105/585
2026-06-11T08:21:45.839Z INFO  extract: job job-690 completed in 1546ms
2026-06-11T08:21:46.578Z DEBUG storage: scroll progress 0.599
2026-06-11T08:21:47.569Z WARN  pdf-viewer: slow render 1053ms for page 189
2026-06-11T08:21:48.839Z INFO  extract: uploaded notes.md (2217KB)
2026-06-11T08:21:49.615Z DEBUG split:consensus: worker boundary clone 4330KB
2026-06-11T08:21:49.776Z INFO  csv-viewer: request r8005 accepted
2026-06-11T08:21:50.685Z INFO  csv-viewer: rendered page 6/585
2026-06-11T08:21:51.589Z INFO  metrics: request r6630 accepted
2026-06-11T08:21:52.370Z INFO  file-viewer: request r7927 accepted
2026-06-11T08:21:53.221Z ERROR router: render aborted for page 112 (cancelled)
2026-06-11T08:21:54.530Z DEBUG split:consensus: scroll progress 0.522
2026-06-11T08:21:54.901Z INFO  metrics: job job-864 completed in 906ms
2026-06-11T08:21:55.155Z INFO  pdf-viewer: consensus reached on 9 voters
2026-06-11T08:21:56.234Z ERROR router: worker job-614 crashed: OOM
2026-06-11T08:21:57.680Z ERROR cache: failed to parse scan.tiff: unexpected token at byte 575
2026-06-11T08:21:58.091Z DEBUG schema: virtualizer window [236,576] of 585
2026-06-11T08:21:58.952Z INFO  loader: detected category=text for notes.md
2026-06-11T08:21:59.943Z WARN  loader: retrying deck.pptx (attempt 10)
2026-06-11T08:22:00.520Z ERROR csv-viewer: failed to parse notes.md: unexpected token at byte 562
2026-06-11T08:22:01.053Z DEBUG loader: virtualizer window [273,583] of 585
2026-06-11T08:22:02.202Z ERROR cache: render aborted for page 20 (cancelled)
2026-06-11T08:22:03.032Z DEBUG classify: code-split chunk image-viewer loaded in 1973ms
2026-06-11T08:22:03.829Z DEBUG csv-viewer: cache hit for deck.pptx
2026-06-11T08:22:04.862Z INFO  file-viewer: sheet 5 flattened (56012 rows)
2026-06-11T08:22:05.073Z ERROR storage: timeout fetching financials.xlsx after 697ms
2026-06-11T08:22:06.388Z INFO  storage: extraction emitted 3 fields
2026-06-11T08:22:06.971Z INFO  split:consensus: job job-719 completed in 1113ms
2026-06-11T08:22:08.132Z DEBUG loader: scroll progress 0.984
2026-06-11T08:22:09.384Z INFO  router: consensus reached on 3 voters
2026-06-11T08:22:09.952Z DEBUG schema: scroll progress 0.195
2026-06-11T08:22:10.921Z ERROR router: failed to parse financials.xlsx: unexpected token at byte 585
2026-06-11T08:22:11.859Z INFO  csv-viewer: uploaded report.pdf (1486KB)
2026-06-11T08:22:12.010Z WARN  file-viewer: retrying notes.md (attempt 2)
2026-06-11T08:22:13.489Z INFO  schema: detected category=text for scan.tiff
2026-06-11T08:22:13.656Z ERROR router: failed to parse deck.pptx: unexpected token at byte 573
2026-06-11T08:22:14.333Z ERROR storage: worker job-972 crashed: OOM
2026-06-11T08:22:14.763Z INFO  schema: detected category=xlsx for contract.docx
2026-06-11T08:22:16.179Z INFO  schema: sheet 9 flattened (56152 rows)
2026-06-11T08:22:16.272Z INFO  xlsx-viewer:worker: detected category=image for financials.xlsx
2026-06-11T08:22:16.647Z ERROR pdf-viewer: failed to parse scan.tiff: unexpected token at byte 579
2026-06-11T08:22:17.199Z INFO  auth: job job-481 completed in 17ms
2026-06-11T08:22:17.631Z ERROR classify: failed to parse sales.csv: unexpected token at byte 564
2026-06-11T08:22:18.075Z DEBUG split:consensus: decoded bitmap 479 in 777ms
2026-06-11T08:22:18.193Z WARN  storage: retrying contract.docx (attempt 10)
2026-06-11T08:22:18.267Z DEBUG file-viewer: cache hit for deck.pptx
2026-06-11T08:22:19.628Z INFO  cache: consensus reached on 11 voters
2026-06-11T08:22:20.830Z WARN  file-viewer: slow render 466ms for page 304
2026-06-11T08:22:21.291Z DEBUG loader: virtualizer window [136,560] of 585
2026-06-11T08:22:21.950Z ERROR xlsx-viewer:worker: render aborted for page 282 (cancelled)
2026-06-11T08:22:22.043Z INFO  storage: consensus reached on 4 voters
2026-06-11T08:22:23.495Z INFO  auth: sheet 2 flattened (65759 rows)
2026-06-11T08:22:24.398Z INFO  auth: detected category=xlsx for financials.xlsx
2026-06-11T08:22:24.947Z DEBUG loader: cache hit for contract.docx
2026-06-11T08:22:25.090Z INFO  storage: detected category=text for contract.docx
2026-06-11T08:22:25.324Z ERROR pdf-viewer: worker job-610 crashed: OOM
2026-06-11T08:22:26.544Z WARN  classify: memory pressure: 1945KB resident
2026-06-11T08:22:26.797Z INFO  router: job job-189 completed in 1001ms
2026-06-11T08:22:27.804Z INFO  xlsx-viewer:worker: sheet 8 flattened (68546 rows)
2026-06-11T08:22:28.499Z INFO  classify: request r2988 accepted
2026-06-11T08:22:29.397Z WARN  router: retrying sales.csv (attempt 12)
2026-06-11T08:22:30.333Z WARN  storage: slow render 427ms for page 310
2026-06-11T08:22:31.323Z INFO  split:consensus: job job-633 completed in 623ms
2026-06-11T08:22:31.782Z DEBUG classify: cache hit for deck.pptx
2026-06-11T08:22:32.680Z DEBUG router: virtualizer window [548,560] of 585
2026-06-11T08:22:33.597Z DEBUG pdf-viewer: code-split chunk xlsx-viewer loaded in 1498ms
2026-06-11T08:22:33.756Z ERROR loader: worker job-662 crashed: OOM
2026-06-11T08:22:35.116Z ERROR loader: render aborted for page 186 (cancelled)
2026-06-11T08:22:35.773Z ERROR file-viewer: timeout fetching contract.docx after 2388ms
2026-06-11T08:22:37.049Z DEBUG cache: cache hit for financials.xlsx
2026-06-11T08:22:37.562Z ERROR schema: timeout fetching contract.docx after 636ms
2026-06-11T08:22:38.099Z WARN  metrics: memory pressure: 303KB resident
2026-06-11T08:22:39.233Z DEBUG csv-viewer: worker boundary clone 245KB
2026-06-11T08:22:40.048Z INFO  cache: rendered page 470/585
2026-06-11T08:22:40.656Z INFO  router: extraction emitted 5 fields
2026-06-11T08:22:41.403Z DEBUG split:consensus: worker boundary clone 2126KB
2026-06-11T08:22:42.718Z ERROR pdf-viewer: worker job-297 crashed: OOM
2026-06-11T08:22:42.773Z INFO  loader: consensus reached on 7 voters
2026-06-11T08:22:43.914Z DEBUG storage: virtualizer window [18,572] of 585
2026-06-11T08:22:45.052Z INFO  cache: request r3303 accepted
2026-06-11T08:22:46.198Z INFO  file-viewer: uploaded scan.tiff (2073KB)
2026-06-11T08:22:46.570Z WARN  file-viewer: slow render 1376ms for page 120
2026-06-11T08:22:47.385Z DEBUG split:consensus: decoded bitmap 241 in 2091ms
2026-06-11T08:22:47.606Z DEBUG classify: cache hit for contract.docx
2026-06-11T08:22:48.453Z INFO  loader: uploaded financials.xlsx (3733KB)
2026-06-11T08:22:49.039Z ERROR classify: render aborted for page 285 (cancelled)
2026-06-11T08:22:50.496Z INFO  storage: detected category=pdf for report.pdf
2026-06-11T08:22:51.149Z DEBUG pdf-viewer: scroll progress 0.549
2026-06-11T08:22:52.533Z DEBUG router: worker boundary clone 332KB
2026-06-11T08:22:53.644Z INFO  auth: extraction emitted 8 fields
2026-06-11T08:22:54.743Z WARN  metrics: retrying report.pdf (attempt 4)
2026-06-11T08:22:55.322Z ERROR auth: failed to parse financials.xlsx: unexpected token at byte 573
2026-06-11T08:22:56.129Z ERROR file-viewer: worker job-458 crashed: OOM
2026-06-11T08:22:56.781Z WARN  router: slow render 224ms for page 57
2026-06-11T08:22:57.510Z ERROR loader: worker job-613 crashed: OOM
2026-06-11T08:22:57.966Z INFO  storage: rendered page 293/585
2026-06-11T08:22:59.014Z WARN  pdf-viewer: bitmap LRU at capacity (8), evicting page@581
2026-06-11T08:22:59.309Z DEBUG auth: decoded bitmap 260 in 1001ms
2026-06-11T08:22:59.898Z ERROR storage: failed to parse sales.csv: unexpected token at byte 568
2026-06-11T08:23:00.552Z INFO  classify: extraction emitted 7 fields
2026-06-11T08:23:00.797Z DEBUG auth: worker boundary clone 4330KB
2026-06-11T08:23:01.440Z ERROR auth: render aborted for page 316 (cancelled)
2026-06-11T08:23:02.868Z DEBUG cache: code-split chunk pptx-viewer loaded in 2345ms
2026-06-11T08:23:03.454Z INFO  classify: rendered page 282/585
2026-06-11T08:23:04.939Z WARN  auth: bitmap LRU at capacity (8), evicting page@159
2026-06-11T08:23:05.804Z INFO  split:consensus: detected category=image for report.pdf
2026-06-11T08:23:07.096Z ERROR xlsx-viewer:worker: worker job-761 crashed: OOM
2026-06-11T08:23:07.549Z INFO  xlsx-viewer:worker: extraction emitted 12 fields
2026-06-11T08:23:08.636Z DEBUG schema: worker boundary clone 2389KB
2026-06-11T08:23:09.997Z WARN  extract: slow render 905ms for page 149
2026-06-11T08:23:10.230Z WARN  metrics: slow render 213ms for page 162
2026-06-11T08:23:11.391Z DEBUG file-viewer: virtualizer window [402,584] of 585
2026-06-11T08:23:11.739Z ERROR file-viewer: render aborted for page 424 (cancelled)
2026-06-11T08:23:13.191Z INFO  split:consensus: uploaded contract.docx (999KB)
2026-06-11T08:23:13.315Z DEBUG router: worker boundary clone 2467KB
2026-06-11T08:23:14.765Z INFO  file-viewer: consensus reached on 8 voters
2026-06-11T08:23:16.014Z ERROR loader: failed to parse notes.md: unexpected token at byte 568
2026-06-11T08:23:16.091Z INFO  storage: detected category=pptx for contract.docx
2026-06-11T08:23:17.061Z WARN  xlsx-viewer:worker: slow render 264ms for page 133
2026-06-11T08:23:17.916Z WARN  loader: retrying deck.pptx (attempt 10)
2026-06-11T08:23:18.875Z ERROR storage: timeout fetching deck.pptx after 539ms
2026-06-11T08:23:20.371Z ERROR split:consensus: timeout fetching contract.docx after 269ms
2026-06-11T08:23:21.352Z DEBUG auth: scroll progress 0.93
2026-06-11T08:23:22.693Z DEBUG cache: decoded bitmap 237 in 1316ms
2026-06-11T08:23:24.039Z INFO  cache: request r7826 accepted
2026-06-11T08:23:24.098Z INFO  csv-viewer: detected category=pdf for report.pdf
2026-06-11T08:23:24.479Z DEBUG metrics: scroll progress 0.781
2026-06-11T08:23:24.708Z DEBUG classify: virtualizer window [541,567] of 585
2026-06-11T08:23:26.159Z DEBUG storage: worker boundary clone 3321KB
2026-06-11T08:23:27.120Z DEBUG router: worker boundary clone 374KB
2026-06-11T08:23:27.146Z INFO  storage: rendered page 262/585
2026-06-11T08:23:27.372Z INFO  metrics: uploaded contract.docx (910KB)
2026-06-11T08:23:27.733Z DEBUG file-viewer: code-split chunk pdf-viewer loaded in 1058ms
2026-06-11T08:23:28.063Z DEBUG auth: worker boundary clone 1962KB
2026-06-11T08:23:28.657Z WARN  auth: bitmap LRU at capacity (8), evicting page@429
2026-06-11T08:23:28.743Z WARN  pdf-viewer: slow render 755ms for page 507
2026-06-11T08:23:29.021Z DEBUG router: decoded bitmap 450 in 1920ms
2026-06-11T08:23:29.966Z ERROR split:consensus: render aborted for page 489 (cancelled)
2026-06-11T08:23:30.986Z INFO  schema: request r2385 accepted
2026-06-11T08:23:32.161Z INFO  xlsx-viewer:worker: job job-582 completed in 632ms
2026-06-11T08:23:33.266Z WARN  csv-viewer: memory pressure: 3154KB resident
2026-06-11T08:23:33.665Z ERROR schema: timeout fetching contract.docx after 1792ms
2026-06-11T08:23:34.913Z ERROR schema: worker job-479 crashed: OOM
2026-06-11T08:23:35.076Z WARN  file-viewer: bitmap LRU at capacity (8), evicting page@256
2026-06-11T08:23:35.448Z INFO  xlsx-viewer:worker: rendered page 536/585
2026-06-11T08:23:35.833Z INFO  extract: job job-650 completed in 1106ms
2026-06-11T08:23:36.905Z INFO  loader: job job-938 completed in 1405ms
2026-06-11T08:23:37.702Z DEBUG schema: virtualizer window [19,577] of 585
2026-06-11T08:23:39.104Z INFO  pdf-viewer: sheet 12 flattened (20856 rows)
2026-06-11T08:23:40.399Z DEBUG auth: virtualizer window [535,561] of 585
2026-06-11T08:23:41.225Z DEBUG split:consensus: decoded bitmap 475 in 1346ms
2026-06-11T08:23:42.148Z ERROR xlsx-viewer:worker: render aborted for page 147 (cancelled)
2026-06-11T08:23:42.858Z INFO  schema: extraction emitted 12 fields
2026-06-11T08:23:43.170Z ERROR auth: timeout fetching financials.xlsx after 1467ms
2026-06-11T08:23:43.951Z INFO  router: rendered page 64/585
2026-06-11T08:23:45.229Z ERROR cache: timeout fetching report.pdf after 2043ms
2026-06-11T08:23:45.708Z INFO  split:consensus: consensus reached on 5 voters
2026-06-11T08:23:46.036Z DEBUG schema: decoded bitmap 409 in 1471ms
2026-06-11T08:23:46.873Z ERROR split:consensus: worker job-672 crashed: OOM
2026-06-11T08:23:46.977Z WARN  auth: bitmap LRU at capacity (8), evicting page@209
2026-06-11T08:23:47.562Z DEBUG pdf-viewer: virtualizer window [394,570] of 585
2026-06-11T08:23:48.338Z INFO  auth: consensus reached on 6 voters
2026-06-11T08:23:49.743Z INFO  router: extraction emitted 12 fields
2026-06-11T08:23:50.344Z DEBUG cache: cache hit for financials.xlsx
2026-06-11T08:23:50.401Z INFO  csv-viewer: sheet 1 flattened (87980 rows)
2026-06-11T08:23:51.045Z WARN  split:consensus: memory pressure: 858KB resident
2026-06-11T08:23:52.220Z INFO  storage: detected category=pdf for notes.md
2026-06-11T08:23:53.556Z INFO  csv-viewer: consensus reached on 9 voters
2026-06-11T08:23:54.454Z INFO  loader: request r6220 accepted
2026-06-11T08:23:55.349Z INFO  schema: job job-990 completed in 820ms
2026-06-11T08:23:56.561Z INFO  metrics: detected category=xlsx for deck.pptx
2026-06-11T08:23:56.978Z ERROR auth: worker job-963 crashed: OOM
2026-06-11T08:23:58.266Z INFO  auth: consensus reached on 2 voters
2026-06-11T08:23:59.250Z INFO  cache: request r3680 accepted
2026-06-11T08:24:00.533Z INFO  schema: job job-503 completed in 1984ms
2026-06-11T08:24:01.913Z INFO  classify: sheet 7 flattened (37246 rows)
2026-06-11T08:24:03.376Z ERROR classify: worker job-480 crashed: OOM
2026-06-11T08:24:04.746Z DEBUG split:consensus: virtualizer window [469,575] of 585
2026-06-11T08:24:05.516Z INFO  schema: extraction emitted 11 fields
2026-06-11T08:24:06.206Z WARN  classify: slow render 156ms for page 345
2026-06-11T08:24:07.475Z INFO  cache: extraction emitted 10 fields
2026-06-11T08:24:08.586Z ERROR cache: render aborted for page 96 (cancelled)
2026-06-11T08:24:09.559Z DEBUG cache: decoded bitmap 1 in 2235ms
2026-06-11T08:24:10.287Z ERROR xlsx-viewer:worker: timeout fetching contract.docx after 518ms
2026-06-11T08:24:10.852Z INFO  extract: request r7455 accepted
2026-06-11T08:24:11.719Z DEBUG loader: cache hit for contract.docx
2026-06-11T08:24:12.918Z INFO  xlsx-viewer:worker: job job-636 completed in 1957ms
2026-06-11T08:24:14.044Z ERROR split:consensus: failed to parse report.pdf: unexpected token at byte 565
2026-06-11T08:24:14.721Z DEBUG extract: code-split chunk schema-builder loaded in 189ms
2026-06-11T08:24:15.216Z INFO  extract: request r1509 accepted
2026-06-11T08:24:15.561Z INFO  loader: sheet 8 flattened (49872 rows)
2026-06-11T08:24:15.973Z ERROR pdf-viewer: timeout fetching report.pdf after 1063ms
2026-06-11T08:24:17.213Z DEBUG xlsx-viewer:worker: scroll progress 0.331
2026-06-11T08:24:18.100Z INFO  split:consensus: consensus reached on 7 voters
2026-06-11T08:24:18.197Z INFO  csv-viewer: request r4071 accepted
2026-06-11T08:24:18.239Z ERROR pdf-viewer: render aborted for page 220 (cancelled)
2026-06-11T08:24:19.738Z WARN  metrics: memory pressure: 4387KB resident
2026-06-11T08:24:20.966Z INFO  classify: rendered page 65/585
2026-06-11T08:24:22.297Z ERROR auth: worker job-162 crashed: OOM
2026-06-11T08:24:23.092Z DEBUG loader: cache hit for scan.tiff
2026-06-11T08:24:24.197Z INFO  schema: request r4932 accepted
2026-06-11T08:24:25.424Z WARN  metrics: bitmap LRU at capacity (8), evicting page@169
2026-06-11T08:24:25.459Z INFO  loader: sheet 12 flattened (70872 rows)
2026-06-11T08:24:25.823Z WARN  storage: retrying scan.tiff (attempt 8)
2026-06-11T08:24:27.284Z DEBUG loader: worker boundary clone 3738KB
2026-06-11T08:24:28.108Z INFO  file-viewer: sheet 4 flattened (68372 rows)
2026-06-11T08:24:29.427Z INFO  storage: consensus reached on 7 voters
2026-06-11T08:24:29.934Z DEBUG extract: scroll progress 0.863
2026-06-11T08:24:30.272Z DEBUG cache: cache hit for sales.csv
2026-06-11T08:24:30.375Z DEBUG auth: code-split chunk schema-builder loaded in 1835ms
2026-06-11T08:24:31.857Z INFO  metrics: consensus reached on 4 voters
2026-06-11T08:24:32.372Z ERROR classify: render aborted for page 280 (cancelled)
2026-06-11T08:24:33.729Z DEBUG router: virtualizer window [411,570] of 585
2026-06-11T08:24:34.675Z ERROR router: render aborted for page 247 (cancelled)
2026-06-11T08:24:35.049Z WARN  extract: retrying deck.pptx (attempt 2)
2026-06-11T08:24:35.487Z DEBUG csv-viewer: worker boundary clone 1881KB
2026-06-11T08:24:36.471Z DEBUG schema: decoded bitmap 220 in 1379ms
2026-06-11T08:24:37.542Z WARN  xlsx-viewer:worker: retrying financials.xlsx (attempt 7)
2026-06-11T08:24:38.918Z ERROR pdf-viewer: worker job-832 crashed: OOM
2026-06-11T08:24:39.386Z INFO  loader: request r9994 accepted
2026-06-11T08:24:39.629Z WARN  cache: memory pressure: 3378KB resident
2026-06-11T08:24:40.925Z ERROR extract: worker job-896 crashed: OOM
2026-06-11T08:24:41.258Z WARN  storage: slow render 2379ms for page 15
2026-06-11T08:24:41.527Z DEBUG extract: virtualizer window [282,572] of 585
2026-06-11T08:24:42.374Z WARN  file-viewer: bitmap LRU at capacity (8), evicting page@355
2026-06-11T08:24:43.406Z DEBUG csv-viewer: code-split chunk image-viewer loaded in 609ms
2026-06-11T08:24:44.431Z DEBUG cache: worker boundary clone 1548KB
2026-06-11T08:24:45.270Z DEBUG cache: scroll progress 0.891
2026-06-11T08:24:46.421Z WARN  csv-viewer: retrying report.pdf (attempt 3)
2026-06-11T08:24:47.466Z INFO  xlsx-viewer:worker: rendered page 18/585
2026-06-11T08:24:48.104Z INFO  xlsx-viewer:worker: rendered page 84/585
2026-06-11T08:24:49.426Z INFO  split:consensus: rendered page 428/585
2026-06-11T08:24:50.536Z ERROR classify: timeout fetching scan.tiff after 1037ms
2026-06-11T08:24:50.666Z INFO  csv-viewer: rendered page 322/585
2026-06-11T08:24:52.024Z ERROR pdf-viewer: failed to parse contract.docx: unexpected token at byte 569
2026-06-11T08:24:52.924Z ERROR metrics: worker job-223 crashed: OOM
2026-06-11T08:24:54.128Z WARN  cache: memory pressure: 1488KB resident
2026-06-11T08:24:55.294Z ERROR file-viewer: worker job-774 crashed: OOM
2026-06-11T08:24:55.541Z INFO  cache: rendered page 550/585
2026-06-11T08:24:56.538Z WARN  xlsx-viewer:worker: bitmap LRU at capacity (8), evicting page@113
2026-06-11T08:24:57.968Z DEBUG split:consensus: code-split chunk pdf-viewer loaded in 1097ms
2026-06-11T08:24:58.963Z ERROR loader: timeout fetching contract.docx after 1269ms
2026-06-11T08:24:59.355Z WARN  auth: bitmap LRU at capacity (8), evicting page@228
2026-06-11T08:24:59.526Z DEBUG xlsx-viewer:worker: worker boundary clone 1908KB
2026-06-11T08:25:00.034Z INFO  classify: extraction emitted 11 fields
2026-06-11T08:25:00.074Z WARN  classify: bitmap LRU at capacity (8), evicting page@254
2026-06-11T08:25:01.284Z INFO  file-viewer: detected category=xlsx for report.pdf
2026-06-11T08:25:02.396Z ERROR classify: failed to parse deck.pptx: unexpected token at byte 565
2026-06-11T08:25:03.531Z DEBUG split:consensus: code-split chunk schema-builder loaded in 1697ms
2026-06-11T08:25:03.940Z INFO  extract: job job-810 completed in 2140ms
2026-06-11T08:25:04.555Z DEBUG router: virtualizer window [369,581] of 585
2026-06-11T08:25:05.329Z WARN  loader: bitmap LRU at capacity (8), evicting page@234
2026-06-11T08:25:05.419Z INFO  cache: uploaded notes.md (3416KB)
2026-06-11T08:25:05.623Z INFO  extract: request r5619 accepted
2026-06-11T08:25:05.855Z INFO  xlsx-viewer:worker: consensus reached on 6 voters
2026-06-11T08:25:06.473Z INFO  extract: job job-840 completed in 1054ms
2026-06-11T08:25:07.686Z INFO  pdf-viewer: uploaded report.pdf (4157KB)
2026-06-11T08:25:08.998Z INFO  storage: rendered page 62/585
2026-06-11T08:25:09.561Z INFO  pdf-viewer: request r5113 accepted
2026-06-11T08:25:09.802Z INFO  loader: request r3995 accepted
2026-06-11T08:25:10.145Z INFO  storage: sheet 8 flattened (78861 rows)
2026-06-11T08:25:11.497Z WARN  metrics: retrying financials.xlsx (attempt 7)
2026-06-11T08:25:11.594Z INFO  router: request r9373 accepted
2026-06-11T08:25:11.749Z INFO  extract: rendered page 172/585
2026-06-11T08:25:12.267Z INFO  auth: request r3844 accepted
2026-06-11T08:25:13.731Z INFO  split:consensus: consensus reached on 11 voters
2026-06-11T08:25:14.925Z INFO  metrics: job job-714 completed in 1087ms
2026-06-11T08:25:15.569Z ERROR loader: timeout fetching scan.tiff after 136ms
2026-06-11T08:25:16.544Z INFO  auth: sheet 3 flattened (71930 rows)
2026-06-11T08:25:17.846Z INFO  loader: sheet 10 flattened (49231 rows)
2026-06-11T08:25:17.892Z INFO  router: job job-242 completed in 1849ms
2026-06-11T08:25:18.524Z INFO  schema: consensus reached on 7 voters
2026-06-11T08:25:19.653Z INFO  storage: extraction emitted 10 fields
2026-06-11T08:25:20.577Z DEBUG classify: virtualizer window [444,578] of 585
2026-06-11T08:25:21.594Z INFO  metrics: request r9833 accepted
2026-06-11T08:25:21.871Z ERROR auth: render aborted for page 355 (cancelled)
2026-06-11T08:25:22.835Z DEBUG cache: worker boundary clone 580KB
2026-06-11T08:25:23.968Z WARN  storage: bitmap LRU at capacity (8), evicting page@473
2026-06-11T08:25:24.973Z WARN  loader: slow render 145ms for page 571
2026-06-11T08:25:25.674Z INFO  metrics: detected category=image for sales.csv
2026-06-11T08:25:26.884Z INFO  metrics: detected category=image for scan.tiff
2026-06-11T08:25:27.463Z DEBUG split:consensus: virtualizer window [434,565] of 585
2026-06-11T08:25:28.636Z DEBUG extract: scroll progress 0.495
2026-06-11T08:25:29.651Z INFO  split:consensus: sheet 2 flattened (27522 rows)
2026-06-11T08:25:31.093Z WARN  metrics: bitmap LRU at capacity (8), evicting page@250
2026-06-11T08:25:31.599Z INFO  cache: consensus reached on 3 voters
2026-06-11T08:25:32.658Z INFO  router: sheet 12 flattened (52693 rows)
2026-06-11T08:25:33.719Z INFO  xlsx-viewer:worker: extraction emitted 6 fields
2026-06-11T08:25:33.754Z INFO  schema: job job-600 completed in 1728ms
2026-06-11T08:25:34.375Z INFO  metrics: request r5046 accepted
2026-06-11T08:25:35.144Z ERROR xlsx-viewer:worker: worker job-486 crashed: OOM
2026-06-11T08:25:35.388Z DEBUG metrics: worker boundary clone 1578KB
2026-06-11T08:25:36.640Z INFO  pdf-viewer: rendered page 269/585
2026-06-11T08:25:37.018Z DEBUG loader: decoded bitmap 30 in 1277ms
2026-06-11T08:25:37.246Z INFO  auth: sheet 7 flattened (74010 rows)
2026-06-11T08:25:37.556Z INFO  storage: sheet 10 flattened (16325 rows)
2026-06-11T08:25:38.960Z INFO  router: request r4383 accepted
2026-06-11T08:25:39.465Z DEBUG auth: scroll progress 0.431
2026-06-11T08:25:40.013Z INFO  schema: request r3679 accepted
2026-06-11T08:25:41.064Z INFO  storage: consensus reached on 2 voters
2026-06-11T08:25:41.741Z WARN  classify: retrying contract.docx (attempt 8)
2026-06-11T08:25:41.859Z INFO  split:consensus: consensus reached on 5 voters
2026-06-11T08:25:42.038Z INFO  metrics: job job-713 completed in 184ms
2026-06-11T08:25:43.025Z DEBUG csv-viewer: worker boundary clone 1481KB
2026-06-11T08:25:44.017Z INFO  file-viewer: job job-694 completed in 547ms
2026-06-11T08:25:44.550Z INFO  split:consensus: extraction emitted 8 fields
2026-06-11T08:25:45.209Z INFO  split:consensus: detected category=xlsx for financials.xlsx
2026-06-11T08:25:45.399Z INFO  split:consensus: detected category=image for contract.docx
2026-06-11T08:25:45.982Z INFO  csv-viewer: rendered page 319/585
2026-06-11T08:25:47.376Z ERROR split:consensus: timeout fetching financials.xlsx after 1272ms
2026-06-11T08:25:47.950Z INFO  loader: detected category=image for report.pdf
2026-06-11T08:25:48.904Z ERROR metrics: render aborted for page 221 (cancelled)
2026-06-11T08:25:50.285Z DEBUG pdf-viewer: scroll progress 0.632
2026-06-11T08:25:50.571Z DEBUG router: code-split chunk docx-viewer loaded in 2249ms
2026-06-11T08:25:51.016Z INFO  loader: sheet 4 flattened (82528 rows)
2026-06-11T08:25:52.479Z INFO  schema: extraction emitted 8 fields
2026-06-11T08:25:53.334Z INFO  pdf-viewer: uploaded deck.pptx (3721KB)
2026-06-11T08:25:54.682Z INFO  extract: request r2615 accepted
2026-06-11T08:25:54.747Z ERROR cache: failed to parse sales.csv: unexpected token at byte 582
2026-06-11T08:25:55.169Z INFO  auth: job job-262 completed in 1783ms
2026-06-11T08:25:56.345Z DEBUG cache: scroll progress 0.561
2026-06-11T08:25:56.807Z INFO  loader: extraction emitted 3 fields
2026-06-11T08:25:57.576Z WARN  auth: slow render 382ms for page 132
2026-06-11T08:25:58.252Z DEBUG auth: scroll progress 0.246
2026-06-11T08:25:58.728Z WARN  pdf-viewer: bitmap LRU at capacity (8), evicting page@7
2026-06-11T08:25:59.358Z INFO  pdf-viewer: sheet 2 flattened (80915 rows)
2026-06-11T08:25:59.563Z DEBUG extract: code-split chunk docx-viewer loaded in 778ms
2026-06-11T08:26:00.336Z INFO  xlsx-viewer:worker: detected category=pdf for notes.md
2026-06-11T08:26:01.794Z DEBUG file-viewer: scroll progress 0.726
2026-06-11T08:26:02.454Z WARN  router: bitmap LRU at capacity (8), evicting page@395
2026-06-11T08:26:03.199Z DEBUG loader: code-split chunk image-viewer loaded in 2044ms
2026-06-11T08:26:03.812Z DEBUG pdf-viewer: scroll progress 0.895
2026-06-11T08:26:04.878Z INFO  csv-viewer: consensus reached on 7 voters
2026-06-11T08:26:05.621Z DEBUG split:consensus: cache hit for report.pdf
2026-06-11T08:26:06.917Z ERROR router: worker job-152 crashed: OOM
2026-06-11T08:26:08.259Z ERROR split:consensus: timeout fetching deck.pptx after 1010ms
2026-06-11T08:26:09.070Z INFO  pdf-viewer: uploaded deck.pptx (1420KB)
2026-06-11T08:26:09.491Z INFO  split:consensus: detected category=pptx for financials.xlsx
2026-06-11T08:26:10.202Z WARN  storage: slow render 687ms for page 513
2026-06-11T08:26:10.791Z INFO  csv-viewer: detected category=pptx for deck.pptx
2026-06-11T08:26:11.822Z DEBUG metrics: worker boundary clone 568KB
2026-06-11T08:26:13.195Z DEBUG split:consensus: scroll progress 0.064
2026-06-11T08:26:13.562Z INFO  xlsx-viewer:worker: extraction emitted 7 fields
2026-06-11T08:26:14.189Z WARN  metrics: slow render 2357ms for page 540
2026-06-11T08:26:15.525Z DEBUG extract: decoded bitmap 227 in 2280ms
2026-06-11T08:26:16.848Z WARN  classify: slow render 2350ms for page 320
2026-06-11T08:26:17.515Z ERROR router: timeout fetching sales.csv after 1157ms
2026-06-11T08:26:17.705Z DEBUG xlsx-viewer:worker: cache hit for deck.pptx
2026-06-11T08:26:18.971Z DEBUG schema: code-split chunk xlsx-viewer loaded in 173ms
2026-06-11T08:26:19.431Z WARN  split:consensus: memory pressure: 3212KB resident
2026-06-11T08:26:20.323Z INFO  cache: uploaded sales.csv (4037KB)
2026-06-11T08:26:21.697Z DEBUG auth: scroll progress 0.699
2026-06-11T08:26:22.638Z INFO  classify: job job-197 completed in 2369ms
2026-06-11T08:26:22.989Z ERROR cache: failed to parse contract.docx: unexpected token at byte 582
2026-06-11T08:26:23.306Z INFO  split:consensus: extraction emitted 6 fields
2026-06-11T08:26:23.578Z INFO  csv-viewer: request r5911 accepted
2026-06-11T08:26:24.938Z INFO  extract: sheet 2 flattened (26550 rows)
2026-06-11T08:26:26.359Z INFO  metrics: uploaded financials.xlsx (4125KB)
2026-06-11T08:26:27.158Z INFO  loader: job job-993 completed in 1287ms
2026-06-11T08:26:27.678Z INFO  loader: job job-898 completed in 1080ms
2026-06-11T08:26:28.564Z INFO  auth: rendered page 143/585
2026-06-11T08:26:28.892Z INFO  storage: sheet 4 flattened (67266 rows)
2026-06-11T08:26:29.178Z DEBUG split:consensus: virtualizer window [326,572] of 585
2026-06-11T08:26:29.456Z INFO  csv-viewer: job job-478 completed in 60ms
2026-06-11T08:26:29.770Z ERROR storage: worker job-157 crashed: OOM
2026-06-11T08:26:31.260Z WARN  csv-viewer: retrying scan.tiff (attempt 3)
2026-06-11T08:26:32.230Z INFO  split:consensus: sheet 9 flattened (22536 rows)
2026-06-11T08:26:33.082Z ERROR router: render aborted for page 437 (cancelled)
2026-06-11T08:26:34.464Z DEBUG cache: code-split chunk pdf-viewer loaded in 157ms
2026-06-11T08:26:35.401Z INFO  schema: detected category=xlsx for deck.pptx
2026-06-11T08:26:36.612Z ERROR cache: timeout fetching financials.xlsx after 770ms
2026-06-11T08:26:37.650Z WARN  extract: memory pressure: 2494KB resident
2026-06-11T08:26:37.779Z INFO  loader: extraction emitted 11 fields
2026-06-11T08:26:38.496Z DEBUG pdf-viewer: virtualizer window [22,568] of 585
2026-06-11T08:26:38.773Z WARN  csv-viewer: slow render 1600ms for page 433
2026-06-11T08:26:39.367Z WARN  pdf-viewer: memory pressure: 1129KB resident
2026-06-11T08:26:39.874Z INFO  storage: request r5591 accepted
2026-06-11T08:26:40.479Z INFO  classify: consensus reached on 2 voters
2026-06-11T08:26:41.881Z DEBUG loader: virtualizer window [239,563] of 585
2026-06-11T08:26:42.836Z INFO  pdf-viewer: sheet 4 flattened (59457 rows)
2026-06-11T08:26:43.345Z DEBUG split:consensus: scroll progress 0.031
2026-06-11T08:26:44.319Z DEBUG split:consensus: worker boundary clone 1586KB
2026-06-11T08:26:44.963Z INFO  extract: job job-116 completed in 1730ms
2026-06-11T08:26:45.752Z ERROR extract: timeout fetching deck.pptx after 1213ms
2026-06-11T08:26:45.840Z INFO  router: uploaded notes.md (4008KB)
2026-06-11T08:26:46.864Z DEBUG extract: virtualizer window [320,568] of 585
2026-06-11T08:26:48.283Z DEBUG file-viewer: cache hit for deck.pptx
2026-06-11T08:26:49.719Z DEBUG schema: cache hit for notes.md
2026-06-11T08:26:49.775Z DEBUG pdf-viewer: worker boundary clone 2568KB
2026-06-11T08:26:50.127Z WARN  storage: memory pressure: 2734KB resident
2026-06-11T08:26:50.631Z DEBUG pdf-viewer: cache hit for notes.md
2026-06-11T08:26:50.972Z DEBUG schema: decoded bitmap 105 in 1084ms
2026-06-11T08:26:52.307Z WARN  split:consensus: memory pressure: 325KB resident
2026-06-11T08:26:53.149Z WARN  file-viewer: memory pressure: 1242KB resident
2026-06-11T08:26:54.295Z INFO  csv-viewer: request r2014 accepted
2026-06-11T08:26:54.568Z INFO  extract: request r4023 accepted
2026-06-11T08:26:55.847Z INFO  split:consensus: uploaded notes.md (1905KB)
2026-06-11T08:26:55.897Z INFO  xlsx-viewer:worker: request r9087 accepted
2026-06-11T08:26:57.056Z INFO  classify: detected category=pdf for notes.md
2026-06-11T08:26:57.282Z DEBUG storage: code-split chunk docx-viewer loaded in 557ms
2026-06-11T08:26:58.305Z DEBUG pdf-viewer: code-split chunk pdf-viewer loaded in 33ms
2026-06-11T08:26:59.645Z INFO  csv-viewer: uploaded scan.tiff (3112KB)
2026-06-11T08:27:00.101Z ERROR xlsx-viewer:worker: worker job-929 crashed: OOM
2026-06-11T08:27:01.195Z DEBUG extract: worker boundary clone 867KB
2026-06-11T08:27:02.135Z DEBUG extract: cache hit for contract.docx
2026-06-11T08:27:03.162Z ERROR split:consensus: render aborted for page 19 (cancelled)
2026-06-11T08:27:03.211Z DEBUG xlsx-viewer:worker: worker boundary clone 4417KB
2026-06-11T08:27:03.572Z ERROR schema: timeout fetching deck.pptx after 1796ms
2026-06-11T08:27:03.794Z INFO  schema: rendered page 397/585
2026-06-11T08:27:05.012Z WARN  pdf-viewer: retrying scan.tiff (attempt 5)
2026-06-11T08:27:05.321Z INFO  split:consensus: sheet 2 flattened (29607 rows)
2026-06-11T08:27:05.967Z ERROR extract: render aborted for page 421 (cancelled)
2026-06-11T08:27:07.059Z DEBUG extract: cache hit for scan.tiff
2026-06-11T08:27:08.408Z ERROR auth: render aborted for page 14 (cancelled)
2026-06-11T08:27:09.662Z ERROR pdf-viewer: worker job-871 crashed: OOM
2026-06-11T08:27:10.006Z DEBUG schema: scroll progress 0.777
2026-06-11T08:27:11.177Z INFO  auth: request r7171 accepted
2026-06-11T08:27:11.278Z DEBUG metrics: decoded bitmap 444 in 238ms
2026-06-11T08:27:12.778Z DEBUG schema: cache hit for scan.tiff
2026-06-11T08:27:13.035Z WARN  csv-viewer: slow render 245ms for page 272
2026-06-11T08:27:13.637Z INFO  split:consensus: request r9319 accepted
2026-06-11T08:27:13.821Z DEBUG storage: code-split chunk image-viewer loaded in 2029ms
2026-06-11T08:27:13.856Z INFO  cache: request r7605 accepted
2026-06-11T08:27:15.326Z DEBUG router: scroll progress 0.359
2026-06-11T08:27:15.594Z INFO  schema: extraction emitted 8 fields
2026-06-11T08:27:15.953Z ERROR split:consensus: timeout fetching deck.pptx after 985ms
2026-06-11T08:27:17.024Z INFO  xlsx-viewer:worker: detected category=pdf for report.pdf
2026-06-11T08:27:18.026Z DEBUG metrics: decoded bitmap 477 in 2262ms
2026-06-11T08:27:18.334Z INFO  csv-viewer: detected category=xlsx for financials.xlsx
2026-06-11T08:27:18.994Z WARN  auth: bitmap LRU at capacity (8), evicting page@80
2026-06-11T08:27:19.308Z ERROR schema: failed to parse financials.xlsx: unexpected token at byte 582
2026-06-11T08:27:20.243Z INFO  extract: uploaded deck.pptx (29KB)
2026-06-11T08:27:21.545Z DEBUG storage: virtualizer window [406,572] of 585
2026-06-11T08:27:21.662Z INFO  metrics: rendered page 528/585
2026-06-11T08:27:22.080Z DEBUG file-viewer: decoded bitmap 410 in 1024ms
2026-06-11T08:27:23.275Z WARN  csv-viewer: bitmap LRU at capacity (8), evicting page@322
2026-06-11T08:27:23.850Z DEBUG pdf-viewer: scroll progress 0.432
2026-06-11T08:27:24.133Z WARN  schema: bitmap LRU at capacity (8), evicting page@239
2026-06-11T08:27:25.025Z INFO  csv-viewer: detected category=xlsx for scan.tiff
2026-06-11T08:27:26.125Z DEBUG schema: decoded bitmap 220 in 2280ms
2026-06-11T08:27:26.580Z INFO  router: sheet 6 flattened (11386 rows)
2026-06-11T08:27:27.662Z DEBUG classify: scroll progress 0.927
2026-06-11T08:27:28.113Z INFO  auth: consensus reached on 7 voters
2026-06-11T08:27:29.544Z DEBUG cache: worker boundary clone 3276KB
2026-06-11T08:27:29.722Z INFO  extract: rendered page 420/585
2026-06-11T08:27:31.207Z WARN  csv-viewer: memory pressure: 1146KB resident
2026-06-11T08:27:32.210Z INFO  router: rendered page 545/585
2026-06-11T08:27:32.420Z INFO  loader: job job-486 completed in 1436ms
2026-06-11T08:27:32.715Z INFO  file-viewer: consensus reached on 8 voters
2026-06-11T08:27:32.763Z DEBUG router: worker boundary clone 2612KB
2026-06-11T08:27:34.072Z DEBUG split:consensus: worker boundary clone 2722KB
2026-06-11T08:27:34.418Z INFO  metrics: uploaded contract.docx (2391KB)
2026-06-11T08:27:35.010Z ERROR metrics: worker job-173 crashed: OOM
2026-06-11T08:27:35.975Z DEBUG router: scroll progress 0.115
2026-06-11T08:27:37.208Z INFO  metrics: detected category=pptx for contract.docx
2026-06-11T08:27:38.378Z WARN  pdf-viewer: bitmap LRU at capacity (8), evicting page@469
2026-06-11T08:27:39.342Z WARN  loader: slow render 2265ms for page 257
2026-06-11T08:27:39.420Z WARN  classify: bitmap LRU at capacity (8), evicting page@37
2026-06-11T08:27:39.657Z WARN  cache: bitmap LRU at capacity (8), evicting page@315
2026-06-11T08:27:40.625Z DEBUG pdf-viewer: virtualizer window [397,569] of 585
2026-06-11T08:27:40.777Z INFO  loader: detected category=image for scan.tiff
2026-06-11T08:27:40.814Z INFO  extract: extraction emitted 12 fields
2026-06-11T08:27:41.453Z DEBUG extract: scroll progress 0.574
2026-06-11T08:27:42.103Z INFO  storage: detected category=image for report.pdf
2026-06-11T08:27:43.201Z DEBUG storage: code-split chunk pptx-viewer loaded in 466ms
2026-06-11T08:27:43.319Z INFO  cache: job job-731 completed in 1218ms
2026-06-11T08:27:44.090Z DEBUG extract: code-split chunk docx-viewer loaded in 1978ms
2026-06-11T08:27:44.710Z WARN  auth: slow render 1329ms for page 154
2026-06-11T08:27:45.129Z INFO  pdf-viewer: uploaded report.pdf (4139KB)
2026-06-11T08:27:45.418Z INFO  auth: consensus reached on 7 voters
2026-06-11T08:27:45.817Z WARN  router: bitmap LRU at capacity (8), evicting page@292
2026-06-11T08:27:45.916Z ERROR extract: render aborted for page 432 (cancelled)
2026-06-11T08:27:46.834Z DEBUG auth: scroll progress 0.896
2026-06-11T08:27:47.530Z INFO  router: detected category=xlsx for contract.docx
2026-06-11T08:27:47.740Z INFO  csv-viewer: sheet 3 flattened (7856 rows)
2026-06-11T08:27:49.040Z WARN  schema: memory pressure: 3094KB resident
2026-06-11T08:27:50.047Z DEBUG metrics: virtualizer window [469,563] of 585
2026-06-11T08:27:50.506Z DEBUG loader: scroll progress 0.55
2026-06-11T08:27:51.513Z DEBUG csv-viewer: scroll progress 0.975
2026-06-11T08:27:51.728Z INFO  auth: consensus reached on 6 voters
2026-06-11T08:27:52.130Z ERROR extract: timeout fetching sales.csv after 1445ms
2026-06-11T08:27:53.618Z ERROR csv-viewer: worker job-251 crashed: OOM
2026-06-11T08:27:53.762Z ERROR file-viewer: render aborted for page 367 (cancelled)
2026-06-11T08:27:55.193Z DEBUG auth: decoded bitmap 206 in 603ms
2026-06-11T08:27:56.040Z DEBUG router: cache hit for scan.tiff
2026-06-11T08:27:57.419Z DEBUG metrics: code-split chunk schema-builder loaded in 1195ms
2026-06-11T08:27:58.795Z INFO  file-viewer: rendered page 532/585
2026-06-11T08:27:59.068Z INFO  file-viewer: extraction emitted 3 fields
2026-06-11T08:28:00.262Z INFO  storage: extraction emitted 5 fields
2026-06-11T08:28:00.518Z INFO  auth: extraction emitted 8 fields
2026-06-11T08:28:00.649Z INFO  metrics: uploaded sales.csv (4098KB)
2026-06-11T08:28:01.897Z DEBUG auth: code-split chunk schema-builder loaded in 2268ms
2026-06-11T08:28:02.470Z DEBUG csv-viewer: scroll progress 0.989
2026-06-11T08:28:02.743Z ERROR file-viewer: worker job-350 crashed: OOM
2026-06-11T08:28:03.226Z INFO  schema: rendered page 329/585
2026-06-11T08:28:04.373Z ERROR pdf-viewer: timeout fetching notes.md after 2330ms
2026-06-11T08:28:05.115Z INFO  extract: sheet 9 flattened (71352 rows)
2026-06-11T08:28:05.272Z DEBUG storage: decoded bitmap 201 in 1952ms
2026-06-11T08:28:06.380Z DEBUG metrics: worker boundary clone 1036KB
2026-06-11T08:28:06.818Z INFO  auth: uploaded report.pdf (884KB)
2026-06-11T08:28:07.169Z ERROR classify: timeout fetching deck.pptx after 2027ms
2026-06-11T08:28:07.947Z WARN  extract: bitmap LRU at capacity (8), evicting page@369
2026-06-11T08:28:09.137Z WARN  auth: memory pressure: 3493KB resident
2026-06-11T08:28:10.214Z INFO  storage: request r4865 accepted
2026-06-11T08:28:11.365Z DEBUG metrics: worker boundary clone 4329KB
2026-06-11T08:28:11.669Z DEBUG metrics: worker boundary clone 1795KB
2026-06-11T08:28:12.936Z DEBUG pdf-viewer: cache hit for notes.md
2026-06-11T08:28:13.678Z INFO  file-viewer: request r6551 accepted
2026-06-11T08:28:14.848Z INFO  csv-viewer: job job-760 completed in 1359ms
2026-06-11T08:28:15.350Z WARN  pdf-viewer: memory pressure: 1738KB resident
2026-06-11T08:28:16.317Z DEBUG router: code-split chunk schema-builder loaded in 162ms
2026-06-11T08:28:17.454Z DEBUG xlsx-viewer:worker: virtualizer window [326,567] of 585
2026-06-11T08:28:18.029Z DEBUG cache: decoded bitmap 243 in 1316ms
2026-06-11T08:28:19.032Z DEBUG xlsx-viewer:worker: virtualizer window [429,575] of 585
2026-06-11T08:28:19.590Z WARN  extract: bitmap LRU at capacity (8), evicting page@110
2026-06-11T08:28:19.649Z WARN  split:consensus: retrying sales.csv (attempt 2)
2026-06-11T08:28:20.544Z ERROR split:consensus: timeout fetching scan.tiff after 2096ms
2026-06-11T08:28:20.823Z DEBUG file-viewer: scroll progress 0.905
2026-06-11T08:28:21.492Z WARN  storage: retrying contract.docx (attempt 6)
2026-06-11T08:28:22.610Z INFO  router: request r4012 accepted
2026-06-11T08:28:23.521Z INFO  split:consensus: job job-811 completed in 900ms
2026-06-11T08:28:23.580Z INFO  file-viewer: consensus reached on 10 voters
2026-06-11T08:28:24.326Z INFO  xlsx-viewer:worker: sheet 3 flattened (8904 rows)
2026-06-11T08:28:25.394Z ERROR pdf-viewer: timeout fetching report.pdf after 129ms
2026-06-11T08:28:26.306Z INFO  storage: uploaded scan.tiff (2149KB)
2026-06-11T08:28:27.670Z DEBUG file-viewer: worker boundary clone 596KB
2026-06-11T08:28:28.704Z INFO  csv-viewer: consensus reached on 3 voters
2026-06-11T08:28:29.986Z ERROR extract: render aborted for page 241 (cancelled)
2026-06-11T08:28:31.193Z INFO  metrics: consensus reached on 5 voters
2026-06-11T08:28:32.622Z INFO  pdf-viewer: extraction emitted 9 fields
2026-06-11T08:28:32.657Z DEBUG split:consensus: cache hit for deck.pptx
2026-06-11T08:28:33.361Z INFO  router: request r5824 accepted
2026-06-11T08:28:33.868Z DEBUG csv-viewer: decoded bitmap 567 in 1424ms
2026-06-11T08:28:35.099Z INFO  schema: request r6486 accepted
2026-06-11T08:28:35.965Z INFO  extract: request r3465 accepted
2026-06-11T08:28:37.465Z INFO  split:consensus: sheet 10 flattened (58688 rows)
2026-06-11T08:28:37.861Z WARN  file-viewer: memory pressure: 846KB resident
2026-06-11T08:28:37.934Z INFO  storage: request r4363 accepted
2026-06-11T08:28:38.246Z DEBUG extract: worker boundary clone 650KB
2026-06-11T08:28:38.715Z INFO  csv-viewer: job job-597 completed in 894ms
2026-06-11T08:28:39.285Z INFO  extract: detected category=pdf for deck.pptx
2026-06-11T08:28:40.338Z DEBUG xlsx-viewer:worker: scroll progress 0.022
2026-06-11T08:28:41.516Z DEBUG loader: virtualizer window [378,563] of 585
2026-06-11T08:28:41.990Z ERROR cache: worker job-892 crashed: OOM
2026-06-11T08:28:43.076Z DEBUG extract: cache hit for report.pdf
2026-06-11T08:28:44.350Z INFO  router: detected category=xlsx for financials.xlsx
2026-06-11T08:28:45.532Z INFO  router: detected category=text for contract.docx
2026-06-11T08:28:46.901Z INFO  metrics: job job-230 completed in 19ms
2026-06-11T08:28:48.227Z DEBUG xlsx-viewer:worker: virtualizer window [290,573] of 585
2026-06-11T08:28:49.636Z WARN  storage: memory pressure: 384KB resident
2026-06-11T08:28:50.598Z DEBUG loader: decoded bitmap 403 in 2023ms
2026-06-11T08:28:52.091Z INFO  auth: detected category=xlsx for notes.md
2026-06-11T08:28:52.772Z INFO  schema: detected category=pptx for report.pdf
2026-06-11T08:28:54.145Z DEBUG classify: worker boundary clone 2097KB
2026-06-11T08:28:55.627Z DEBUG pdf-viewer: decoded bitmap 213 in 334ms
2026-06-11T08:28:56.442Z DEBUG cache: scroll progress 0.075
2026-06-11T08:28:57.374Z WARN  loader: memory pressure: 359KB resident
2026-06-11T08:28:58.313Z DEBUG csv-viewer: virtualizer window [8,561] of 585
2026-06-11T08:28:58.565Z INFO  split:consensus: uploaded report.pdf (136KB)
2026-06-11T08:28:59.676Z WARN  storage: bitmap LRU at capacity (8), evicting page@407
2026-06-11T08:28:59.913Z WARN  split:consensus: retrying sales.csv (attempt 8)
2026-06-11T08:29:00.586Z INFO  csv-viewer: detected category=xlsx for notes.md
2026-06-11T08:29:00.743Z INFO  xlsx-viewer:worker: request r8898 accepted
2026-06-11T08:29:01.189Z INFO  cache: sheet 5 flattened (12150 rows)
2026-06-11T08:29:01.760Z ERROR cache: worker job-946 crashed: OOM
2026-06-11T08:29:02.498Z DEBUG cache: cache hit for report.pdf
2026-06-11T08:29:03.639Z DEBUG classify: scroll progress 0.174
2026-06-11T08:29:04.948Z WARN  split:consensus: bitmap LRU at capacity (8), evicting page@332
2026-06-11T08:29:05.149Z DEBUG file-viewer: scroll progress 0.353
2026-06-11T08:29:06.627Z INFO  pdf-viewer: request r5921 accepted
2026-06-11T08:29:06.647Z INFO  schema: uploaded sales.csv (1119KB)
2026-06-11T08:29:07.232Z INFO  auth: detected category=text for sales.csv
2026-06-11T08:29:08.694Z INFO  classify: job job-114 completed in 66ms
2026-06-11T08:29:09.148Z ERROR auth: worker job-451 crashed: OOM
2026-06-11T08:29:10.597Z INFO  classify: rendered page 325/585
2026-06-11T08:29:11.242Z INFO  cache: sheet 12 flattened (3959 rows)
2026-06-11T08:29:12.690Z INFO  extract: request r6422 accepted
2026-06-11T08:29:13.862Z DEBUG storage: code-split chunk xlsx-viewer loaded in 128ms
2026-06-11T08:29:14.194Z INFO  schema: detected category=pdf for financials.xlsx
2026-06-11T08:29:15.555Z INFO  cache: job job-196 completed in 1015ms
2026-06-11T08:29:15.591Z INFO  schema: extraction emitted 3 fields
2026-06-11T08:29:16.070Z ERROR classify: failed to parse scan.tiff: unexpected token at byte 561
2026-06-11T08:29:17.454Z INFO  storage: sheet 5 flattened (84869 rows)
2026-06-11T08:29:18.532Z INFO  pdf-viewer: detected category=image for deck.pptx
2026-06-11T08:29:19.954Z INFO  router: extraction emitted 7 fields
2026-06-11T08:29:20.594Z WARN  file-viewer: slow render 2281ms for page 9
2026-06-11T08:29:22.082Z ERROR schema: timeout fetching notes.md after 414ms
2026-06-11T08:29:23.195Z INFO  cache: job job-693 completed in 1550ms
2026-06-11T08:29:23.646Z INFO  pdf-viewer: uploaded sales.csv (3863KB)
2026-06-11T08:29:24.261Z DEBUG auth: code-split chunk docx-viewer loaded in 918ms
2026-06-11T08:29:25.052Z ERROR metrics: timeout fetching deck.pptx after 2018ms
2026-06-11T08:29:25.989Z WARN  schema: memory pressure: 3773KB resident
2026-06-11T08:29:26.618Z WARN  split:consensus: slow render 2297ms for page 93
2026-06-11T08:29:27.470Z INFO  auth: detected category=pdf for scan.tiff
2026-06-11T08:29:28.132Z WARN  xlsx-viewer:worker: memory pressure: 1447KB resident
2026-06-11T08:29:29.215Z WARN  xlsx-viewer:worker: memory pressure: 1585KB resident
2026-06-11T08:29:30.091Z ERROR extract: timeout fetching scan.tiff after 610ms
2026-06-11T08:29:31.395Z INFO  pdf-viewer: detected category=pptx for financials.xlsx
2026-06-11T08:29:31.730Z WARN  file-viewer: memory pressure: 4355KB resident
2026-06-11T08:29:32.832Z INFO  metrics: detected category=image for sales.csv
2026-06-11T08:29:33.321Z DEBUG classify: worker boundary clone 2613KB
2026-06-11T08:29:34.485Z DEBUG csv-viewer: code-split chunk schema-builder loaded in 1304ms
2026-06-11T08:29:34.863Z INFO  pdf-viewer: request r5014 accepted
2026-06-11T08:29:35.763Z WARN  schema: slow render 129ms for page 224
2026-06-11T08:29:36.595Z INFO  auth: request r6306 accepted
2026-06-11T08:29:36.828Z DEBUG file-viewer: worker boundary clone 2368KB
2026-06-11T08:29:37.323Z INFO  router: rendered page 297/585
2026-06-11T08:29:38.593Z INFO  metrics: rendered page 83/585
2026-06-11T08:29:39.364Z INFO  schema: uploaded scan.tiff (170KB)
2026-06-11T08:29:39.488Z ERROR file-viewer: timeout fetching deck.pptx after 1478ms
2026-06-11T08:29:40.462Z INFO  split:consensus: job job-693 completed in 732ms
2026-06-11T08:29:40.535Z INFO  storage: job job-171 completed in 226ms
2026-06-11T08:29:40.688Z DEBUG csv-viewer: cache hit for scan.tiff
2026-06-11T08:29:40.755Z ERROR schema: failed to parse notes.md: unexpected token at byte 568
2026-06-11T08:29:41.355Z INFO  xlsx-viewer:worker: detected category=text for financials.xlsx
2026-06-11T08:29:42.560Z INFO  pdf-viewer: extraction emitted 6 fields
2026-06-11T08:29:43.845Z INFO  classify: uploaded notes.md (1388KB)
2026-06-11T08:29:44.135Z INFO  classify: rendered page 352/585
2026-06-11T08:29:45.226Z INFO  pdf-viewer: uploaded financials.xlsx (1101KB)
2026-06-11T08:29:45.297Z DEBUG metrics: decoded bitmap 526 in 2316ms
2026-06-11T08:29:46.736Z ERROR split:consensus: failed to parse report.pdf: unexpected token at byte 575
2026-06-11T08:29:47.890Z DEBUG auth: decoded bitmap 259 in 2297ms
2026-06-11T08:29:47.958Z INFO  loader: detected category=xlsx for notes.md
2026-06-11T08:29:48.726Z DEBUG xlsx-viewer:worker: worker boundary clone 4306KB
2026-06-11T08:29:50.208Z INFO  pdf-viewer: detected category=image for sales.csv
2026-06-11T08:29:50.477Z INFO  auth: uploaded report.pdf (3044KB)
2026-06-11T08:29:51.089Z INFO  file-viewer: rendered page 216/585
2026-06-11T08:29:52.419Z DEBUG xlsx-viewer:worker: decoded bitmap 437 in 160ms
2026-06-11T08:29:53.382Z INFO  classify: job job-833 completed in 620ms
2026-06-11T08:29:54.573Z WARN  file-viewer: memory pressure: 2819KB resident
2026-06-11T08:29:54.881Z INFO  extract: consensus reached on 2 voters
2026-06-11T08:29:56.368Z INFO  split:consensus: consensus reached on 12 voters
2026-06-11T08:29:56.926Z INFO  file-viewer: detected category=text for deck.pptx
2026-06-11T08:29:57.059Z INFO  router: detected category=xlsx for report.pdf
2026-06-11T08:29:58.179Z INFO  cache: detected category=text for sales.csv
2026-06-11T08:29:58.353Z DEBUG extract: virtualizer window [266,560] of 585
2026-06-11T08:29:58.948Z DEBUG csv-viewer: cache hit for sales.csv
2026-06-11T08:30:00.247Z WARN  csv-viewer: memory pressure: 301KB resident
2026-06-11T08:30:00.873Z ERROR router: render aborted for page 342 (cancelled)
2026-06-11T08:30:01.244Z DEBUG csv-viewer: scroll progress 0.059
2026-06-11T08:30:02.095Z ERROR split:consensus: worker job-136 crashed: OOM
2026-06-11T08:30:02.511Z ERROR classify: timeout fetching sales.csv after 485ms
2026-06-11T08:30:02.649Z ERROR xlsx-viewer:worker: worker job-571 crashed: OOM
2026-06-11T08:30:03.785Z DEBUG metrics: worker boundary clone 3431KB
2026-06-11T08:30:04.295Z DEBUG metrics: worker boundary clone 1493KB
2026-06-11T08:30:05.032Z WARN  pdf-viewer: bitmap LRU at capacity (8), evicting page@496
2026-06-11T08:30:05.962Z INFO  file-viewer: rendered page 532/585
2026-06-11T08:30:07.061Z ERROR storage: worker job-307 crashed: OOM
2026-06-11T08:30:07.602Z WARN  split:consensus: retrying contract.docx (attempt 6)
2026-06-11T08:30:08.530Z ERROR metrics: worker job-918 crashed: OOM
2026-06-11T08:30:09.269Z WARN  router: bitmap LRU at capacity (8), evicting page@45
2026-06-11T08:30:10.702Z INFO  pdf-viewer: consensus reached on 7 voters
2026-06-11T08:30:11.201Z ERROR schema: timeout fetching sales.csv after 1800ms
2026-06-11T08:30:12.554Z WARN  classify: bitmap LRU at capacity (8), evicting page@560
2026-06-11T08:30:13.750Z INFO  pdf-viewer: detected category=pdf for scan.tiff
2026-06-11T08:30:15.076Z INFO  extract: request r6662 accepted
2026-06-11T08:30:16.254Z INFO  csv-viewer: extraction emitted 5 fields
2026-06-11T08:30:17.230Z DEBUG loader: worker boundary clone 1268KB
2026-06-11T08:30:18.104Z WARN  cache: retrying report.pdf (attempt 11)
2026-06-11T08:30:18.604Z DEBUG pdf-viewer: virtualizer window [514,583] of 585
2026-06-11T08:30:19.199Z DEBUG schema: cache hit for financials.xlsx
2026-06-11T08:30:20.002Z INFO  file-viewer: sheet 6 flattened (52595 rows)
2026-06-11T08:30:20.629Z ERROR split:consensus: worker job-883 crashed: OOM
2026-06-11T08:30:20.980Z ERROR classify: timeout fetching report.pdf after 2288ms
2026-06-11T08:30:22.473Z INFO  schema: request r2018 accepted
2026-06-11T08:30:23.241Z INFO  loader: uploaded sales.csv (1251KB)
2026-06-11T08:30:23.888Z DEBUG pdf-viewer: cache hit for sales.csv
2026-06-11T08:30:24.587Z ERROR split:consensus: timeout fetching scan.tiff after 1214ms
2026-06-11T08:30:26.064Z ERROR xlsx-viewer:worker: failed to parse financials.xlsx: unexpected token at byte 577
2026-06-11T08:30:26.704Z WARN  classify: memory pressure: 2716KB resident
2026-06-11T08:30:26.751Z DEBUG cache: decoded bitmap 156 in 2326ms
2026-06-11T08:30:27.728Z WARN  router: retrying report.pdf (attempt 5)
2026-06-11T08:30:29.199Z INFO  schema: request r8472 accepted
2026-06-11T08:30:30.094Z DEBUG storage: code-split chunk schema-builder loaded in 812ms
2026-06-11T08:30:31.183Z INFO  cache: uploaded financials.xlsx (1862KB)
2026-06-11T08:30:31.230Z INFO  schema: consensus reached on 6 voters
2026-06-11T08:30:31.746Z ERROR file-viewer: worker job-222 crashed: OOM
2026-06-11T08:30:33.088Z INFO  extract: rendered page 117/585
2026-06-11T08:30:34.430Z INFO  metrics: job job-522 completed in 1844ms
2026-06-11T08:30:35.452Z INFO  router: request r8072 accepted
2026-06-11T08:30:36.432Z DEBUG classify: cache hit for deck.pptx
2026-06-11T08:30:36.523Z WARN  loader: bitmap LRU at capacity (8), evicting page@267
2026-06-11T08:30:37.748Z INFO  schema: request r6091 accepted
2026-06-11T08:30:39.018Z DEBUG auth: decoded bitmap 500 in 532ms
2026-06-11T08:30:39.654Z DEBUG split:consensus: virtualizer window [316,560] of 585
2026-06-11T08:30:39.784Z INFO  pdf-viewer: job job-444 completed in 1367ms
2026-06-11T08:30:40.996Z WARN  extract: memory pressure: 3446KB resident
2026-06-11T08:30:41.942Z DEBUG storage: code-split chunk docx-viewer loaded in 1342ms
2026-06-11T08:30:43.277Z INFO  split:consensus: rendered page 564/585
2026-06-11T08:30:43.895Z DEBUG loader: scroll progress 0.696
2026-06-11T08:30:44.808Z INFO  split:consensus: extraction emitted 10 fields
2026-06-11T08:30:44.860Z INFO  file-viewer: extraction emitted 7 fields
2026-06-11T08:30:46.242Z INFO  file-viewer: request r7540 accepted
2026-06-11T08:30:46.824Z WARN  storage: bitmap LRU at capacity (8), evicting page@189
2026-06-11T08:30:47.153Z WARN  classify: memory pressure: 423KB resident
2026-06-11T08:30:47.517Z INFO  extract: extraction emitted 12 fields
2026-06-11T08:30:48.111Z INFO  schema: job job-490 completed in 1170ms
2026-06-11T08:30:48.514Z ERROR pdf-viewer: render aborted for page 496 (cancelled)
2026-06-11T08:30:48.944Z DEBUG storage: code-split chunk image-viewer loaded in 1845ms
2026-06-11T08:30:49.817Z DEBUG auth: worker boundary clone 335KB
2026-06-11T08:30:50.290Z DEBUG schema: virtualizer window [18,584] of 585
2026-06-11T08:30:50.805Z INFO  router: job job-137 completed in 2083ms
2026-06-11T08:30:51.462Z DEBUG xlsx-viewer:worker: decoded bitmap 337 in 1799ms
2026-06-11T08:30:51.817Z ERROR extract: failed to parse contract.docx: unexpected token at byte 585
2026-06-11T08:30:51.857Z DEBUG storage: cache hit for report.pdf
2026-06-11T08:30:53.280Z WARN  pdf-viewer: bitmap LRU at capacity (8), evicting page@459
2026-06-11T08:30:54.434Z INFO  split:consensus: detected category=pdf for sales.csv
2026-06-11T08:30:55.535Z INFO  metrics: consensus reached on 2 voters
2026-06-11T08:30:56.714Z DEBUG storage: decoded bitmap 357 in 726ms
2026-06-11T08:30:56.881Z ERROR xlsx-viewer:worker: worker job-260 crashed: OOM
2026-06-11T08:30:57.439Z INFO  file-viewer: sheet 3 flattened (26506 rows)
2026-06-11T08:30:58.424Z INFO  xlsx-viewer:worker: job job-114 completed in 1556ms
2026-06-11T08:30:59.223Z INFO  extract: consensus reached on 6 voters
2026-06-11T08:31:00.331Z DEBUG loader: virtualizer window [432,569] of 585
2026-06-11T08:31:01.217Z INFO  metrics: sheet 7 flattened (31180 rows)
2026-06-11T08:31:02.208Z INFO  file-viewer: rendered page 190/585
2026-06-11T08:31:03.642Z ERROR cache: failed to parse notes.md: unexpected token at byte 581
2026-06-11T08:31:04.865Z INFO  loader: consensus reached on 10 voters
2026-06-11T08:31:05.161Z WARN  auth: slow render 2093ms for page 299
2026-06-11T08:31:06.085Z INFO  pdf-viewer: rendered page 561/585
2026-06-11T08:31:06.334Z ERROR schema: failed to parse contract.docx: unexpected token at byte 569
2026-06-11T08:31:06.995Z DEBUG router: decoded bitmap 535 in 899ms
2026-06-11T08:31:07.717Z DEBUG router: virtualizer window [235,569] of 585
2026-06-11T08:31:09.097Z WARN  extract: slow render 221ms for page 41
2026-06-11T08:31:10.533Z ERROR csv-viewer: render aborted for page 65 (cancelled)
2026-06-11T08:31:11.190Z INFO  metrics: sheet 4 flattened (68210 rows)
2026-06-11T08:31:12.070Z INFO  pdf-viewer: consensus reached on 6 voters
2026-06-11T08:31:13.341Z DEBUG xlsx-viewer:worker: decoded bitmap 107 in 1282ms
2026-06-11T08:31:13.584Z ERROR csv-viewer: worker job-653 crashed: OOM
2026-06-11T08:31:13.932Z INFO  metrics: rendered page 584/585
2026-06-11T08:31:14.978Z INFO  storage: request r3286 accepted
2026-06-11T08:31:15.282Z INFO  schema: uploaded scan.tiff (51KB)
2026-06-11T08:31:15.931Z DEBUG extract: decoded bitmap 471 in 1666ms
2026-06-11T08:31:16.098Z INFO  schema: sheet 4 flattened (70671 rows)
2026-06-11T08:31:16.746Z INFO  loader: consensus reached on 7 voters
2026-06-11T08:31:18.233Z WARN  storage: bitmap LRU at capacity (8), evicting page@498
2026-06-11T08:31:19.178Z DEBUG router: cache hit for deck.pptx
2026-06-11T08:31:19.980Z DEBUG loader: scroll progress 0.38
2026-06-11T08:31:20.964Z INFO  classify: request r1667 accepted
2026-06-11T08:31:22.313Z INFO  cache: detected category=pptx for notes.md
2026-06-11T08:31:23.314Z ERROR auth: failed to parse notes.md: unexpected token at byte 571
2026-06-11T08:31:23.615Z DEBUG cache: cache hit for scan.tiff
2026-06-11T08:31:24.945Z WARN  extract: retrying scan.tiff (attempt 8)
2026-06-11T08:31:25.187Z DEBUG csv-viewer: scroll progress 0.624
2026-06-11T08:31:25.375Z WARN  file-viewer: slow render 1500ms for page 483
2026-06-11T08:31:25.545Z INFO  pdf-viewer: consensus reached on 9 voters
2026-06-11T08:31:25.959Z INFO  metrics: request r7677 accepted
2026-06-11T08:31:26.054Z DEBUG pdf-viewer: scroll progress 0.875
2026-06-11T08:31:26.490Z ERROR xlsx-viewer:worker: render aborted for page 172 (cancelled)
2026-06-11T08:31:26.751Z DEBUG xlsx-viewer:worker: virtualizer window [200,579] of 585
2026-06-11T08:31:27.875Z INFO  xlsx-viewer:worker: sheet 3 flattened (42760 rows)
2026-06-11T08:31:28.139Z ERROR split:consensus: render aborted for page 71 (cancelled)
2026-06-11T08:31:28.533Z INFO  classify: request r9524 accepted
2026-06-11T08:31:29.730Z INFO  schema: consensus reached on 3 voters
2026-06-11T08:31:31.193Z ERROR extract: worker job-809 crashed: OOM
2026-06-11T08:31:32.460Z DEBUG storage: cache hit for notes.md
2026-06-11T08:31:32.786Z DEBUG xlsx-viewer:worker: scroll progress 0.279
2026-06-11T08:31:33.781Z DEBUG loader: code-split chunk pdf-viewer loaded in 352ms
2026-06-11T08:31:34.056Z DEBUG file-viewer: cache hit for scan.tiff
2026-06-11T08:31:34.515Z DEBUG classify: scroll progress 0.448
2026-06-11T08:31:35.404Z INFO  schema: job job-693 completed in 345ms
2026-06-11T08:31:35.622Z WARN  schema: retrying financials.xlsx (attempt 4)
2026-06-11T08:31:36.382Z INFO  xlsx-viewer:worker: uploaded deck.pptx (2792KB)
2026-06-11T08:31:37.451Z WARN  csv-viewer: memory pressure: 4342KB resident
2026-06-11T08:31:38.451Z INFO  file-viewer: uploaded deck.pptx (345KB)
2026-06-11T08:31:38.688Z WARN  pdf-viewer: retrying report.pdf (attempt 10)
2026-06-11T08:31:39.313Z DEBUG file-viewer: code-split chunk xlsx-viewer loaded in 1325ms
2026-06-11T08:31:40.617Z INFO  extract: detected category=xlsx for sales.csv
2026-06-11T08:31:41.882Z DEBUG loader: decoded bitmap 13 in 1594ms
2026-06-11T08:31:43.291Z DEBUG schema: worker boundary clone 4102KB
2026-06-11T08:31:44.706Z DEBUG classify: code-split chunk pdf-viewer loaded in 970ms
2026-06-11T08:31:46.174Z DEBUG xlsx-viewer:worker: decoded bitmap 135 in 550ms
2026-06-11T08:31:46.521Z INFO  csv-viewer: request r3544 accepted
2026-06-11T08:31:47.602Z INFO  split:consensus: uploaded contract.docx (895KB)
2026-06-11T08:31:48.918Z DEBUG pdf-viewer: code-split chunk pdf-viewer loaded in 129ms
2026-06-11T08:31:49.353Z INFO  file-viewer: detected category=pptx for scan.tiff
2026-06-11T08:31:50.056Z WARN  file-viewer: memory pressure: 377KB resident
2026-06-11T08:31:51.398Z INFO  pdf-viewer: request r3148 accepted
2026-06-11T08:31:52.658Z INFO  file-viewer: rendered page 118/585
2026-06-11T08:31:53.503Z DEBUG extract: virtualizer window [138,563] of 585
2026-06-11T08:31:53.782Z DEBUG file-viewer: code-split chunk xlsx-viewer loaded in 1047ms
2026-06-11T08:31:54.675Z DEBUG csv-viewer: code-split chunk xlsx-viewer loaded in 2035ms
2026-06-11T08:31:55.559Z WARN  xlsx-viewer:worker: retrying sales.csv (attempt 11)
2026-06-11T08:31:57.050Z INFO  auth: consensus reached on 8 voters
2026-06-11T08:31:57.185Z WARN  metrics: bitmap LRU at capacity (8), evicting page@175
2026-06-11T08:31:58.057Z INFO  xlsx-viewer:worker: sheet 6 flattened (82787 rows)
2026-06-11T08:31:58.550Z INFO  xlsx-viewer:worker: consensus reached on 6 voters
2026-06-11T08:31:58.580Z INFO  storage: rendered page 525/585
2026-06-11T08:31:59.688Z INFO  split:consensus: rendered page 108/585
2026-06-11T08:32:00.256Z INFO  classify: detected category=pptx for financials.xlsx
2026-06-11T08:32:00.493Z DEBUG classify: code-split chunk xlsx-viewer loaded in 481ms
2026-06-11T08:32:01.922Z DEBUG csv-viewer: code-split chunk pptx-viewer loaded in 2350ms
2026-06-11T08:32:02.314Z ERROR file-viewer: render aborted for page 143 (cancelled)
2026-06-11T08:32:03.751Z DEBUG storage: code-split chunk docx-viewer loaded in 110ms
2026-06-11T08:32:04.140Z INFO  router: request r7719 accepted
2026-06-11T08:32:05.038Z INFO  file-viewer: consensus reached on 12 voters
2026-06-11T08:32:06.139Z INFO  auth: sheet 10 flattened (69509 rows)
2026-06-11T08:32:07.635Z INFO  split:consensus: consensus reached on 6 voters
2026-06-11T08:32:08.241Z DEBUG auth: cache hit for notes.md
2026-06-11T08:32:09.277Z DEBUG router: code-split chunk pdf-viewer loaded in 2216ms
2026-06-11T08:32:09.796Z WARN  classify: slow render 167ms for page 233
2026-06-11T08:32:10.312Z DEBUG auth: code-split chunk docx-viewer loaded in 663ms
2026-06-11T08:32:10.501Z INFO  schema: uploaded financials.xlsx (4304KB)
2026-06-11T08:32:10.618Z WARN  pdf-viewer: retrying contract.docx (attempt 9)
2026-06-11T08:32:11.245Z INFO  pdf-viewer: rendered page 108/585
2026-06-11T08:32:11.442Z WARN  classify: memory pressure: 4285KB resident
2026-06-11T08:32:12.022Z ERROR extract: render aborted for page 237 (cancelled)
2026-06-11T08:32:12.321Z WARN  csv-viewer: retrying report.pdf (attempt 5)
2026-06-11T08:32:13.209Z DEBUG auth: decoded bitmap 331 in 1888ms
2026-06-11T08:32:14.564Z INFO  auth: sheet 2 flattened (23800 rows)
2026-06-11T08:32:15.750Z ERROR csv-viewer: render aborted for page 2 (cancelled)
2026-06-11T08:32:16.990Z WARN  pdf-viewer: memory pressure: 2286KB resident
2026-06-11T08:32:17.463Z INFO  schema: consensus reached on 12 voters
2026-06-11T08:32:17.726Z INFO  classify: job job-460 completed in 2062ms
2026-06-11T08:32:18.297Z ERROR extract: failed to parse scan.tiff: unexpected token at byte 576
2026-06-11T08:32:19.713Z INFO  storage: detected category=pptx for report.pdf
2026-06-11T08:32:19.900Z DEBUG router: decoded bitmap 252 in 1735ms
2026-06-11T08:32:20.896Z INFO  file-viewer: extraction emitted 9 fields
2026-06-11T08:32:22.284Z ERROR xlsx-viewer:worker: render aborted for page 384 (cancelled)
2026-06-11T08:32:22.928Z INFO  xlsx-viewer:worker: rendered page 20/585
2026-06-11T08:32:22.975Z INFO  metrics: request r8182 accepted
2026-06-11T08:32:23.617Z INFO  split:consensus: rendered page 15/585
2026-06-11T08:32:23.712Z DEBUG extract: virtualizer window [62,562] of 585
2026-06-11T08:32:24.743Z WARN  pdf-viewer: bitmap LRU at capacity (8), evicting page@382
2026-06-11T08:32:25.785Z DEBUG metrics: cache hit for notes.md
2026-06-11T08:32:26.177Z INFO  classify: rendered page 261/585
2026-06-11T08:32:26.963Z WARN  router: retrying sales.csv (attempt 12)
2026-06-11T08:32:27.994Z WARN  storage: memory pressure: 4422KB resident
2026-06-11T08:32:29.298Z INFO  xlsx-viewer:worker: uploaded scan.tiff (3099KB)
2026-06-11T08:32:30.021Z DEBUG split:consensus: code-split chunk pdf-viewer loaded in 2129ms
2026-06-11T08:32:31.362Z INFO  extract: job job-217 completed in 736ms
2026-06-11T08:32:32.515Z DEBUG file-viewer: code-split chunk pptx-viewer loaded in 904ms
2026-06-11T08:32:32.669Z ERROR file-viewer: render aborted for page 71 (cancelled)
2026-06-11T08:32:33.933Z ERROR csv-viewer: worker job-217 crashed: OOM
2026-06-11T08:32:35.275Z ERROR extract: worker job-925 crashed: OOM
2026-06-11T08:32:35.530Z DEBUG pdf-viewer: code-split chunk pptx-viewer loaded in 1740ms
2026-06-11T08:32:35.959Z INFO  storage: consensus reached on 11 voters
2026-06-11T08:32:36.263Z INFO  loader: detected category=pdf for sales.csv
2026-06-11T08:32:37.458Z INFO  csv-viewer: detected category=text for notes.md
2026-06-11T08:32:38.294Z INFO  csv-viewer: job job-957 completed in 1490ms
2026-06-11T08:32:39.072Z DEBUG split:consensus: decoded bitmap 188 in 986ms
2026-06-11T08:32:40.238Z WARN  pdf-viewer: slow render 2223ms for page 532
2026-06-11T08:32:40.375Z WARN  csv-viewer: memory pressure: 2512KB resident
2026-06-11T08:32:40.801Z INFO  metrics: detected category=pptx for contract.docx
2026-06-11T08:32:41.378Z INFO  loader: detected category=xlsx for scan.tiff
2026-06-11T08:32:41.916Z WARN  schema: slow render 1439ms for page 528
2026-06-11T08:32:43.358Z INFO  file-viewer: sheet 10 flattened (41739 rows)
2026-06-11T08:32:44.194Z ERROR schema: timeout fetching sales.csv after 848ms
2026-06-11T08:32:45.549Z WARN  xlsx-viewer:worker: slow render 338ms for page 61
2026-06-11T08:32:45.907Z ERROR pdf-viewer: failed to parse scan.tiff: unexpected token at byte 563
2026-06-11T08:32:47.213Z ERROR loader: render aborted for page 410 (cancelled)
2026-06-11T08:32:47.435Z ERROR pdf-viewer: timeout fetching financials.xlsx after 510ms
2026-06-11T08:32:47.464Z WARN  classify: slow render 327ms for page 145
2026-06-11T08:32:47.837Z INFO  xlsx-viewer:worker: request r5930 accepted
2026-06-11T08:32:48.553Z WARN  csv-viewer: memory pressure: 3484KB resident
2026-06-11T08:32:49.703Z DEBUG loader: virtualizer window [375,575] of 585
2026-06-11T08:32:51.028Z WARN  csv-viewer: retrying sales.csv (attempt 5)
2026-06-11T08:32:52.140Z ERROR split:consensus: render aborted for page 123 (cancelled)
2026-06-11T08:32:52.665Z INFO  auth: rendered page 269/585
2026-06-11T08:32:54.134Z INFO  cache: job job-928 completed in 987ms
2026-06-11T08:32:54.820Z WARN  extract: memory pressure: 2522KB resident
2026-06-11T08:32:56.177Z INFO  extract: request r8591 accepted
2026-06-11T08:32:57.264Z INFO  router: rendered page 154/585
2026-06-11T08:32:57.950Z INFO  pdf-viewer: consensus reached on 10 voters
2026-06-11T08:32:59.315Z ERROR pdf-viewer: failed to parse report.pdf: unexpected token at byte 560
2026-06-11T08:33:00.531Z DEBUG extract: virtualizer window [322,583] of 585
2026-06-11T08:33:02.030Z ERROR loader: worker job-455 crashed: OOM
2026-06-11T08:33:02.393Z INFO  storage: detected category=pptx for scan.tiff
2026-06-11T08:33:03.528Z INFO  split:consensus: sheet 1 flattened (13538 rows)
2026-06-11T08:33:04.145Z INFO  cache: uploaded scan.tiff (1031KB)
2026-06-11T08:33:04.903Z DEBUG file-viewer: scroll progress 0.007
2026-06-11T08:33:05.743Z DEBUG router: scroll progress 0.293
2026-06-11T08:33:07.133Z INFO  pdf-viewer: rendered page 394/585
2026-06-11T08:33:08.300Z DEBUG xlsx-viewer:worker: virtualizer window [13,562] of 585
2026-06-11T08:33:09.639Z INFO  metrics: uploaded contract.docx (2850KB)
2026-06-11T08:33:10.902Z INFO  cache: detected category=xlsx for deck.pptx
2026-06-11T08:33:11.163Z INFO  metrics: sheet 4 flattened (61264 rows)
2026-06-11T08:33:11.558Z WARN  file-viewer: bitmap LRU at capacity (8), evicting page@149
2026-06-11T08:33:11.751Z ERROR auth: timeout fetching sales.csv after 1092ms
2026-06-11T08:33:12.813Z ERROR xlsx-viewer:worker: worker job-342 crashed: OOM
2026-06-11T08:33:13.710Z INFO  pdf-viewer: request r6962 accepted
2026-06-11T08:33:14.600Z INFO  cache: detected category=image for scan.tiff
2026-06-11T08:33:14.785Z DEBUG auth: decoded bitmap 584 in 605ms
2026-06-11T08:33:15.375Z WARN  storage: slow render 389ms for page 422
2026-06-11T08:33:15.481Z DEBUG auth: scroll progress 0.054
2026-06-11T08:33:16.576Z INFO  classify: consensus reached on 5 voters
2026-06-11T08:33:17.030Z INFO  pdf-viewer: detected category=pptx for deck.pptx
2026-06-11T08:33:17.710Z WARN  router: bitmap LRU at capacity (8), evicting page@277
2026-06-11T08:33:17.768Z INFO  xlsx-viewer:worker: detected category=pptx for deck.pptx
2026-06-11T08:33:18.648Z DEBUG pdf-viewer: code-split chunk xlsx-viewer loaded in 1362ms
2026-06-11T08:33:18.766Z ERROR loader: render aborted for page 27 (cancelled)
2026-06-11T08:33:19.685Z WARN  split:consensus: memory pressure: 1052KB resident
2026-06-11T08:33:21.162Z INFO  metrics: extraction emitted 10 fields
2026-06-11T08:33:22.204Z DEBUG storage: code-split chunk xlsx-viewer loaded in 1367ms
2026-06-11T08:33:22.774Z INFO  cache: sheet 2 flattened (19949 rows)
2026-06-11T08:33:23.063Z INFO  loader: uploaded notes.md (2873KB)
2026-06-11T08:33:23.241Z ERROR file-viewer: timeout fetching deck.pptx after 1773ms
2026-06-11T08:33:23.608Z INFO  file-viewer: request r3124 accepted
2026-06-11T08:33:24.396Z WARN  auth: retrying scan.tiff (attempt 8)
2026-06-11T08:33:24.881Z INFO  loader: job job-513 completed in 114ms
2026-06-11T08:33:26.242Z INFO  auth: rendered page 369/585
2026-06-11T08:33:27.173Z WARN  xlsx-viewer:worker: bitmap LRU at capacity (8), evicting page@96
2026-06-11T08:33:27.264Z INFO  cache: uploaded scan.tiff (2614KB)
2026-06-11T08:33:27.299Z DEBUG schema: decoded bitmap 506 in 872ms
2026-06-11T08:33:27.837Z WARN  cache: slow render 270ms for page 542
2026-06-11T08:33:28.260Z ERROR router: timeout fetching report.pdf after 827ms
2026-06-11T08:33:28.296Z WARN  split:consensus: memory pressure: 3599KB resident
2026-06-11T08:33:29.661Z ERROR xlsx-viewer:worker: failed to parse report.pdf: unexpected token at byte 576
2026-06-11T08:33:29.940Z DEBUG xlsx-viewer:worker: decoded bitmap 260 in 881ms
2026-06-11T08:33:30.731Z DEBUG auth: worker boundary clone 2228KB
2026-06-11T08:33:31.264Z INFO  schema: consensus reached on 11 voters
2026-06-11T08:33:31.376Z INFO  file-viewer: request r3352 accepted
2026-06-11T08:33:32.183Z DEBUG storage: virtualizer window [359,570] of 585
2026-06-11T08:33:33.502Z INFO  router: extraction emitted 7 fields
2026-06-11T08:33:34.988Z DEBUG storage: decoded bitmap 196 in 1992ms
2026-06-11T08:33:36.144Z DEBUG metrics: worker boundary clone 1985KB
2026-06-11T08:33:36.776Z WARN  file-viewer: retrying report.pdf (attempt 5)
2026-06-11T08:33:37.440Z ERROR schema: failed to parse scan.tiff: unexpected token at byte 566
2026-06-11T08:33:37.792Z DEBUG metrics: decoded bitmap 497 in 532ms
2026-06-11T08:33:38.285Z ERROR storage: worker job-437 crashed: OOM
2026-06-11T08:33:39.113Z INFO  classify: detected category=pdf for sales.csv
2026-06-11T08:33:39.925Z ERROR metrics: timeout fetching contract.docx after 59ms
2026-06-11T08:33:40.118Z ERROR file-viewer: failed to parse sales.csv: unexpected token at byte 567
2026-06-11T08:33:40.616Z DEBUG metrics: scroll progress 0.263
2026-06-11T08:33:41.132Z WARN  extract: memory pressure: 2244KB resident
2026-06-11T08:33:42.176Z INFO  pdf-viewer: sheet 1 flattened (48365 rows)
2026-06-11T08:33:42.676Z DEBUG loader: decoded bitmap 258 in 672ms
2026-06-11T08:33:43.039Z DEBUG loader: cache hit for financials.xlsx
2026-06-11T08:33:43.818Z INFO  file-viewer: job job-808 completed in 1625ms
2026-06-11T08:33:45.087Z DEBUG extract: decoded bitmap 177 in 141ms
2026-06-11T08:33:45.644Z INFO  schema: detected category=pdf for scan.tiff
2026-06-11T08:33:46.642Z DEBUG auth: code-split chunk image-viewer loaded in 976ms
2026-06-11T08:33:47.245Z INFO  xlsx-viewer:worker: consensus reached on 5 voters
2026-06-11T08:33:48.275Z DEBUG pdf-viewer: decoded bitmap 170 in 1465ms
2026-06-11T08:33:48.812Z DEBUG extract: decoded bitmap 146 in 1921ms
2026-06-11T08:33:49.010Z INFO  file-viewer: job job-720 completed in 1375ms
2026-06-11T08:33:49.359Z DEBUG extract: virtualizer window [154,580] of 585
2026-06-11T08:33:50.456Z WARN  router: memory pressure: 2971KB resident
2026-06-11T08:33:51.551Z INFO  extract: rendered page 240/585
2026-06-11T08:33:52.250Z ERROR schema: worker job-586 crashed: OOM
2026-06-11T08:33:52.275Z INFO  metrics: rendered page 99/585
2026-06-11T08:33:52.357Z DEBUG loader: cache hit for contract.docx
2026-06-11T08:33:53.108Z DEBUG pdf-viewer: code-split chunk pptx-viewer loaded in 1572ms
2026-06-11T08:33:54.207Z DEBUG extract: cache hit for notes.md
2026-06-11T08:33:55.388Z INFO  classify: uploaded deck.pptx (2397KB)
2026-06-11T08:33:56.780Z INFO  csv-viewer: uploaded notes.md (3727KB)
2026-06-11T08:33:58.253Z WARN  pdf-viewer: slow render 1381ms for page 294
2026-06-11T08:33:58.534Z ERROR metrics: worker job-671 crashed: OOM
2026-06-11T08:33:59.744Z INFO  router: request r7701 accepted
2026-06-11T08:34:00.588Z INFO  extract: extraction emitted 2 fields
2026-06-11T08:34:01.845Z DEBUG storage: scroll progress 0.725
2026-06-11T08:34:02.278Z DEBUG loader: scroll progress 0.55
2026-06-11T08:34:03.328Z INFO  router: extraction emitted 11 fields
2026-06-11T08:34:04.675Z INFO  auth: uploaded financials.xlsx (3853KB)
2026-06-11T08:34:04.719Z INFO  cache: detected category=pptx for deck.pptx
2026-06-11T08:34:06.216Z DEBUG schema: virtualizer window [70,571] of 585
2026-06-11T08:34:07.417Z WARN  router: bitmap LRU at capacity (8), evicting page@180
2026-06-11T08:34:07.997Z INFO  schema: extraction emitted 4 fields
2026-06-11T08:34:08.317Z INFO  router: job job-142 completed in 1629ms
2026-06-11T08:34:09.801Z WARN  cache: bitmap LRU at capacity (8), evicting page@576
2026-06-11T08:34:10.067Z DEBUG storage: scroll progress 0.359
2026-06-11T08:34:10.408Z ERROR loader: worker job-581 crashed: OOM
2026-06-11T08:34:10.761Z DEBUG cache: worker boundary clone 3317KB
2026-06-11T08:34:11.468Z ERROR split:consensus: worker job-268 crashed: OOM
2026-06-11T08:34:12.781Z WARN  storage: slow render 1056ms for page 479
2026-06-11T08:34:13.844Z WARN  pdf-viewer: bitmap LRU at capacity (8), evicting page@509
2026-06-11T08:34:14.468Z WARN  schema: memory pressure: 3622KB resident
2026-06-11T08:34:15.754Z ERROR cache: worker job-406 crashed: OOM
2026-06-11T08:34:17.105Z DEBUG metrics: code-split chunk pdf-viewer loaded in 444ms
2026-06-11T08:34:18.548Z INFO  loader: sheet 9 flattened (65351 rows)
2026-06-11T08:34:19.129Z INFO  metrics: extraction emitted 12 fields
2026-06-11T08:34:20.268Z INFO  split:consensus: sheet 11 flattened (11666 rows)
2026-06-11T08:34:21.412Z DEBUG schema: code-split chunk image-viewer loaded in 2325ms
2026-06-11T08:34:22.621Z DEBUG router: scroll progress 0.63
2026-06-11T08:34:23.880Z INFO  schema: extraction emitted 3 fields
2026-06-11T08:34:24.925Z INFO  extract: consensus reached on 12 voters
2026-06-11T08:34:25.138Z WARN  cache: bitmap LRU at capacity (8), evicting page@220
2026-06-11T08:34:25.535Z INFO  metrics: consensus reached on 11 voters
2026-06-11T08:34:27.004Z INFO  pdf-viewer: detected category=image for sales.csv
2026-06-11T08:34:28.300Z INFO  loader: extraction emitted 8 fields
2026-06-11T08:34:29.361Z ERROR metrics: worker job-885 crashed: OOM
2026-06-11T08:34:30.687Z DEBUG split:consensus: virtualizer window [271,582] of 585
2026-06-11T08:34:32.183Z DEBUG file-viewer: cache hit for sales.csv
2026-06-11T08:34:33.509Z INFO  extract: extraction emitted 2 fields
2026-06-11T08:34:34.083Z INFO  router: uploaded notes.md (1703KB)
2026-06-11T08:34:35.283Z INFO  file-viewer: rendered page 214/585
2026-06-11T08:34:36.778Z DEBUG split:consensus: scroll progress 0.379
2026-06-11T08:34:38.107Z DEBUG pdf-viewer: code-split chunk xlsx-viewer loaded in 902ms
2026-06-11T08:34:38.908Z INFO  file-viewer: detected category=xlsx for sales.csv
2026-06-11T08:34:39.379Z ERROR pdf-viewer: timeout fetching deck.pptx after 2021ms
2026-06-11T08:34:40.861Z INFO  xlsx-viewer:worker: detected category=pdf for financials.xlsx
2026-06-11T08:34:40.919Z DEBUG csv-viewer: scroll progress 0.471
2026-06-11T08:34:42.336Z INFO  pdf-viewer: request r1371 accepted
2026-06-11T08:34:42.985Z WARN  router: retrying contract.docx (attempt 3)
2026-06-11T08:34:43.375Z DEBUG pdf-viewer: scroll progress 0.576
2026-06-11T08:34:43.869Z DEBUG auth: decoded bitmap 458 in 1909ms
2026-06-11T08:34:44.665Z INFO  auth: request r5254 accepted
2026-06-11T08:34:45.588Z INFO  xlsx-viewer:worker: sheet 4 flattened (5487 rows)
2026-06-11T08:34:45.652Z ERROR auth: timeout fetching deck.pptx after 1709ms
2026-06-11T08:34:46.457Z INFO  xlsx-viewer:worker: request r4157 accepted
2026-06-11T08:34:46.990Z WARN  auth: retrying notes.md (attempt 2)
2026-06-11T08:34:48.446Z ERROR loader: render aborted for page 57 (cancelled)
2026-06-11T08:34:49.842Z ERROR loader: failed to parse deck.pptx: unexpected token at byte 574
2026-06-11T08:34:50.199Z WARN  metrics: memory pressure: 2454KB resident
2026-06-11T08:34:50.895Z INFO  cache: request r6359 accepted
2026-06-11T08:34:51.386Z INFO  pdf-viewer: rendered page 190/585
2026-06-11T08:34:52.340Z DEBUG storage: worker boundary clone 4197KB
2026-06-11T08:34:53.061Z WARN  xlsx-viewer:worker: slow render 977ms for page 293
2026-06-11T08:34:53.950Z WARN  loader: memory pressure: 618KB resident
2026-06-11T08:34:54.207Z ERROR metrics: failed to parse financials.xlsx: unexpected token at byte 568
2026-06-11T08:34:54.974Z DEBUG xlsx-viewer:worker: worker boundary clone 2006KB
2026-06-11T08:34:55.181Z DEBUG storage: scroll progress 0.354
2026-06-11T08:34:55.520Z DEBUG pdf-viewer: cache hit for report.pdf
2026-06-11T08:34:56.579Z INFO  xlsx-viewer:worker: consensus reached on 12 voters
2026-06-11T08:34:57.891Z INFO  file-viewer: uploaded financials.xlsx (3851KB)
2026-06-11T08:34:59.319Z ERROR pdf-viewer: failed to parse report.pdf: unexpected token at byte 579
2026-06-11T08:35:00.263Z ERROR router: failed to parse report.pdf: unexpected token at byte 585
2026-06-11T08:35:01.564Z DEBUG classify: scroll progress 0.133
2026-06-11T08:35:02.837Z INFO  file-viewer: detected category=image for notes.md
2026-06-11T08:35:03.714Z WARN  schema: retrying sales.csv (attempt 3)
2026-06-11T08:35:04.469Z WARN  metrics: retrying contract.docx (attempt 2)
2026-06-11T08:35:04.893Z DEBUG csv-viewer: scroll progress 0.105
2026-06-11T08:35:05.129Z INFO  file-viewer: request r4683 accepted
2026-06-11T08:35:05.927Z INFO  schema: extraction emitted 10 fields
2026-06-11T08:35:07.355Z INFO  split:consensus: uploaded sales.csv (3339KB)
2026-06-11T08:35:08.163Z INFO  xlsx-viewer:worker: extraction emitted 3 fields
2026-06-11T08:35:09.324Z INFO  file-viewer: extraction emitted 2 fields
2026-06-11T08:35:10.601Z INFO  router: extraction emitted 6 fields
2026-06-11T08:35:11.574Z DEBUG metrics: code-split chunk schema-builder loaded in 1992ms
2026-06-11T08:35:11.881Z DEBUG metrics: code-split chunk pptx-viewer loaded in 1320ms
2026-06-11T08:35:12.667Z INFO  split:consensus: detected category=xlsx for notes.md
2026-06-11T08:35:12.986Z INFO  storage: rendered page 525/585
2026-06-11T08:35:13.138Z INFO  split:consensus: consensus reached on 11 voters
2026-06-11T08:35:14.096Z INFO  xlsx-viewer:worker: consensus reached on 5 voters
2026-06-11T08:35:14.836Z INFO  schema: request r3263 accepted
2026-06-11T08:35:14.945Z ERROR schema: timeout fetching scan.tiff after 1166ms
2026-06-11T08:35:15.332Z ERROR pdf-viewer: worker job-712 crashed: OOM
2026-06-11T08:35:16.823Z INFO  classify: job job-512 completed in 2274ms
2026-06-11T08:35:17.757Z INFO  cache: request r8150 accepted
2026-06-11T08:35:18.528Z DEBUG xlsx-viewer:worker: code-split chunk pdf-viewer loaded in 1463ms
2026-06-11T08:35:19.800Z INFO  pdf-viewer: job job-370 completed in 1535ms
2026-06-11T08:35:20.593Z ERROR auth: failed to parse notes.md: unexpected token at byte 563
2026-06-11T08:35:20.753Z ERROR schema: worker job-722 crashed: OOM
2026-06-11T08:35:22.204Z WARN  extract: slow render 2162ms for page 8
2026-06-11T08:35:23.299Z WARN  router: slow render 2354ms for page 433
2026-06-11T08:35:24.058Z INFO  classify: consensus reached on 9 voters
2026-06-11T08:35:25.068Z INFO  split:consensus: job job-208 completed in 31ms
2026-06-11T08:35:25.513Z INFO  schema: sheet 4 flattened (78687 rows)
2026-06-11T08:35:26.559Z INFO  csv-viewer: rendered page 216/585
2026-06-11T08:35:27.050Z INFO  file-viewer: rendered page 96/585
2026-06-11T08:35:27.995Z INFO  classify: consensus reached on 9 voters
2026-06-11T08:35:28.984Z DEBUG xlsx-viewer:worker: decoded bitmap 89 in 547ms
2026-06-11T08:35:29.167Z INFO  metrics: consensus reached on 10 voters
2026-06-11T08:35:29.536Z ERROR split:consensus: worker job-797 crashed: OOM
2026-06-11T08:35:30.607Z WARN  file-viewer: memory pressure: 927KB resident
2026-06-11T08:35:31.218Z INFO  schema: request r6979 accepted
2026-06-11T08:35:32.567Z INFO  loader: job job-125 completed in 1401ms
2026-06-11T08:35:33.451Z ERROR xlsx-viewer:worker: worker job-853 crashed: OOM
2026-06-11T08:35:33.979Z DEBUG schema: worker boundary clone 2605KB
2026-06-11T08:35:34.124Z ERROR schema: worker job-888 crashed: OOM
2026-06-11T08:35:34.634Z ERROR xlsx-viewer:worker: render aborted for page 10 (cancelled)
2026-06-11T08:35:35.559Z INFO  loader: sheet 2 flattened (41753 rows)
2026-06-11T08:35:36.298Z ERROR loader: worker job-211 crashed: OOM
2026-06-11T08:35:36.744Z DEBUG loader: decoded bitmap 555 in 836ms
2026-06-11T08:35:37.368Z DEBUG metrics: cache hit for report.pdf
2026-06-11T08:35:38.224Z ERROR file-viewer: failed to parse report.pdf: unexpected token at byte 562
2026-06-11T08:35:38.953Z INFO  extract: detected category=pdf for scan.tiff
2026-06-11T08:35:39.896Z WARN  router: slow render 1251ms for page 308
2026-06-11T08:35:40.550Z ERROR pdf-viewer: worker job-956 crashed: OOM
2026-06-11T08:35:41.621Z INFO  loader: job job-459 completed in 1208ms
2026-06-11T08:35:42.163Z INFO  file-viewer: request r1219 accepted
2026-06-11T08:35:42.420Z DEBUG csv-viewer: code-split chunk pptx-viewer loaded in 119ms
2026-06-11T08:35:42.905Z DEBUG classify: worker boundary clone 2537KB
2026-06-11T08:35:43.402Z INFO  cache: rendered page 39/585
2026-06-11T08:35:44.668Z INFO  cache: sheet 9 flattened (17785 rows)
2026-06-11T08:35:44.972Z DEBUG auth: cache hit for deck.pptx
2026-06-11T08:35:46.069Z INFO  schema: job job-476 completed in 1745ms
2026-06-11T08:35:46.111Z INFO  classify: rendered page 282/585
2026-06-11T08:35:46.499Z WARN  extract: retrying sales.csv (attempt 10)
2026-06-11T08:35:46.672Z ERROR loader: failed to parse notes.md: unexpected token at byte 572
2026-06-11T08:35:48.072Z INFO  router: request r5766 accepted
2026-06-11T08:35:49.178Z INFO  xlsx-viewer:worker: uploaded scan.tiff (126KB)
2026-06-11T08:35:50.571Z WARN  auth: retrying deck.pptx (attempt 4)
2026-06-11T08:35:51.201Z DEBUG extract: scroll progress 0.43
2026-06-11T08:35:51.550Z INFO  split:consensus: request r5581 accepted
2026-06-11T08:35:52.912Z INFO  auth: request r2866 accepted
2026-06-11T08:35:53.837Z DEBUG metrics: code-split chunk schema-builder loaded in 113ms
2026-06-11T08:35:55.325Z DEBUG extract: scroll progress 0.191
2026-06-11T08:35:55.397Z WARN  pdf-viewer: retrying notes.md (attempt 11)
2026-06-11T08:35:55.756Z ERROR xlsx-viewer:worker: timeout fetching report.pdf after 1797ms
2026-06-11T08:35:56.171Z WARN  xlsx-viewer:worker: slow render 1440ms for page 150
2026-06-11T08:35:56.638Z INFO  split:consensus: uploaded report.pdf (3898KB)
2026-06-11T08:35:57.464Z INFO  loader: detected category=image for deck.pptx
2026-06-11T08:35:57.915Z WARN  split:consensus: memory pressure: 3707KB resident
2026-06-11T08:35:58.316Z INFO  split:consensus: sheet 9 flattened (9381 rows)
2026-06-11T08:35:58.499Z INFO  pdf-viewer: rendered page 153/585
2026-06-11T08:35:59.823Z DEBUG csv-viewer: worker boundary clone 2861KB
2026-06-11T08:36:00.719Z WARN  storage: bitmap LRU at capacity (8), evicting page@154
2026-06-11T08:36:00.825Z ERROR schema: timeout fetching notes.md after 554ms
2026-06-11T08:36:00.968Z DEBUG auth: cache hit for contract.docx
2026-06-11T08:36:01.365Z WARN  schema: retrying financials.xlsx (attempt 9)
2026-06-11T08:36:02.739Z INFO  split:consensus: consensus reached on 6 voters
2026-06-11T08:36:04.129Z WARN  pdf-viewer: memory pressure: 1751KB resident
2026-06-11T08:36:05.444Z DEBUG file-viewer: decoded bitmap 297 in 602ms
2026-06-11T08:36:06.862Z WARN  split:consensus: bitmap LRU at capacity (8), evicting page@538
2026-06-11T08:36:08.320Z INFO  schema: rendered page 288/585
2026-06-11T08:36:08.732Z INFO  file-viewer: extraction emitted 11 fields
2026-06-11T08:36:10.145Z INFO  loader: extraction emitted 7 fields
2026-06-11T08:36:11.603Z INFO  csv-viewer: job job-781 completed in 1047ms
2026-06-11T08:36:12.637Z DEBUG storage: worker boundary clone 1332KB
2026-06-11T08:36:13.050Z WARN  metrics: slow render 1749ms for page 266
2026-06-11T08:36:14.176Z WARN  extract: memory pressure: 1389KB resident
2026-06-11T08:36:15.486Z INFO  storage: detected category=xlsx for financials.xlsx
2026-06-11T08:36:16.887Z INFO  auth: uploaded scan.tiff (81KB)
2026-06-11T08:36:17.410Z DEBUG router: decoded bitmap 236 in 1016ms
2026-06-11T08:36:18.622Z INFO  auth: sheet 5 flattened (18344 rows)
2026-06-11T08:36:19.664Z WARN  storage: slow render 1451ms for page 452
2026-06-11T08:36:20.747Z INFO  cache: extraction emitted 7 fields
2026-06-11T08:36:21.316Z INFO  metrics: job job-381 completed in 1979ms
2026-06-11T08:36:21.515Z INFO  split:consensus: sheet 2 flattened (32712 rows)
2026-06-11T08:36:22.678Z INFO  classify: extraction emitted 12 fields
2026-06-11T08:36:23.097Z INFO  router: consensus reached on 4 voters
2026-06-11T08:36:23.454Z INFO  xlsx-viewer:worker: consensus reached on 4 voters
2026-06-11T08:36:24.916Z DEBUG schema: scroll progress 0.414
2026-06-11T08:36:25.642Z INFO  storage: extraction emitted 2 fields
2026-06-11T08:36:26.263Z DEBUG metrics: code-split chunk docx-viewer loaded in 1476ms
2026-06-11T08:36:26.776Z INFO  xlsx-viewer:worker: detected category=xlsx for financials.xlsx
2026-06-11T08:36:26.810Z ERROR extract: timeout fetching report.pdf after 1003ms
2026-06-11T08:36:28.098Z INFO  classify: extraction emitted 3 fields
2026-06-11T08:36:29.109Z DEBUG split:consensus: cache hit for notes.md
2026-06-11T08:36:29.964Z INFO  extract: consensus reached on 12 voters
2026-06-11T08:36:30.778Z ERROR pdf-viewer: render aborted for page 446 (cancelled)
2026-06-11T08:36:31.693Z DEBUG router: cache hit for sales.csv
2026-06-11T08:36:32.203Z DEBUG xlsx-viewer:worker: cache hit for financials.xlsx
2026-06-11T08:36:33.660Z DEBUG metrics: scroll progress 0.185
2026-06-11T08:36:34.201Z ERROR cache: worker job-933 crashed: OOM
2026-06-11T08:36:35.495Z WARN  pdf-viewer: memory pressure: 62KB resident
2026-06-11T08:36:36.038Z DEBUG split:consensus: virtualizer window [266,575] of 585
2026-06-11T08:36:37.001Z WARN  extract: bitmap LRU at capacity (8), evicting page@466
2026-06-11T08:36:37.558Z INFO  csv-viewer: consensus reached on 3 voters
2026-06-11T08:36:37.907Z INFO  metrics: extraction emitted 2 fields
2026-06-11T08:36:38.854Z INFO  split:consensus: uploaded sales.csv (4148KB)
2026-06-11T08:36:39.946Z DEBUG classify: decoded bitmap 479 in 64ms
2026-06-11T08:36:40.876Z INFO  pdf-viewer: rendered page 208/585
2026-06-11T08:36:41.341Z WARN  csv-viewer: retrying report.pdf (attempt 6)
2026-06-11T08:36:42.707Z ERROR xlsx-viewer:worker: failed to parse scan.tiff: unexpected token at byte 562
2026-06-11T08:36:43.219Z DEBUG pdf-viewer: scroll progress 0.044
2026-06-11T08:36:43.999Z INFO  split:consensus: uploaded financials.xlsx (2155KB)
2026-06-11T08:36:45.402Z INFO  split:consensus: detected category=image for sales.csv
2026-06-11T08:36:45.553Z INFO  storage: job job-650 completed in 631ms
2026-06-11T08:36:45.651Z ERROR split:consensus: render aborted for page 408 (cancelled)
2026-06-11T08:36:45.923Z INFO  auth: job job-683 completed in 2026ms
2026-06-11T08:36:46.217Z DEBUG classify: decoded bitmap 327 in 2131ms
2026-06-11T08:36:47.546Z WARN  xlsx-viewer:worker: bitmap LRU at capacity (8), evicting page@571
2026-06-11T08:36:49.046Z DEBUG pdf-viewer: virtualizer window [284,585] of 585
2026-06-11T08:36:49.702Z INFO  file-viewer: detected category=pdf for scan.tiff
2026-06-11T08:36:51.042Z WARN  xlsx-viewer:worker: bitmap LRU at capacity (8), evicting page@49
2026-06-11T08:36:51.641Z DEBUG csv-viewer: worker boundary clone 2124KB
2026-06-11T08:36:51.809Z INFO  loader: detected category=text for sales.csv
2026-06-11T08:36:52.849Z DEBUG storage: worker boundary clone 3525KB
2026-06-11T08:36:53.958Z INFO  router: rendered page 170/585
2026-06-11T08:36:54.882Z DEBUG cache: decoded bitmap 442 in 1129ms
2026-06-11T08:36:56.280Z DEBUG router: virtualizer window [428,568] of 585
2026-06-11T08:36:57.741Z ERROR loader: render aborted for page 408 (cancelled)
2026-06-11T08:36:57.953Z INFO  pdf-viewer: job job-331 completed in 734ms
2026-06-11T08:36:58.647Z ERROR loader: failed to parse notes.md: unexpected token at byte 582
2026-06-11T08:36:58.876Z INFO  extract: extraction emitted 7 fields
2026-06-11T08:36:59.787Z DEBUG xlsx-viewer:worker: worker boundary clone 3421KB
2026-06-11T08:37:00.327Z INFO  classify: extraction emitted 11 fields
2026-06-11T08:37:01.313Z WARN  schema: bitmap LRU at capacity (8), evicting page@92
2026-06-11T08:37:01.541Z INFO  metrics: rendered page 103/585
2026-06-11T08:37:02.719Z INFO  router: uploaded financials.xlsx (1800KB)
2026-06-11T08:37:04.168Z DEBUG xlsx-viewer:worker: cache hit for contract.docx
2026-06-11T08:37:05.373Z INFO  pdf-viewer: extraction emitted 10 fields
2026-06-11T08:37:06.734Z DEBUG router: cache hit for contract.docx
2026-06-11T08:37:07.462Z DEBUG cache: scroll progress 0.642
2026-06-11T08:37:08.073Z ERROR router: failed to parse report.pdf: unexpected token at byte 560
2026-06-11T08:37:08.320Z ERROR schema: failed to parse contract.docx: unexpected token at byte 572
2026-06-11T08:37:09.757Z INFO  loader: rendered page 284/585
2026-06-11T08:37:09.793Z INFO  loader: sheet 2 flattened (14737 rows)
2026-06-11T08:37:11.268Z INFO  schema: request r3030 accepted
2026-06-11T08:37:11.451Z INFO  csv-viewer: rendered page 83/585
2026-06-11T08:37:12.464Z INFO  split:consensus: request r5795 accepted
2026-06-11T08:37:13.368Z WARN  split:consensus: retrying contract.docx (attempt 8)
2026-06-11T08:37:14.299Z INFO  xlsx-viewer:worker: uploaded deck.pptx (2873KB)
2026-06-11T08:37:14.918Z INFO  csv-viewer: consensus reached on 2 voters
2026-06-11T08:37:15.536Z WARN  cache: retrying sales.csv (attempt 11)
2026-06-11T08:37:16.724Z INFO  pdf-viewer: request r9529 accepted
2026-06-11T08:37:17.485Z WARN  split:consensus: slow render 773ms for page 121
2026-06-11T08:37:17.667Z INFO  split:consensus: sheet 11 flattened (73415 rows)
2026-06-11T08:37:18.177Z ERROR xlsx-viewer:worker: worker job-449 crashed: OOM
2026-06-11T08:37:19.676Z INFO  metrics: rendered page 156/585
2026-06-11T08:37:20.678Z ERROR router: failed to parse report.pdf: unexpected token at byte 565
2026-06-11T08:37:21.528Z ERROR extract: failed to parse scan.tiff: unexpected token at byte 564
2026-06-11T08:37:22.486Z DEBUG split:consensus: worker boundary clone 1509KB
2026-06-11T08:37:23.290Z DEBUG auth: worker boundary clone 1207KB
2026-06-11T08:37:24.101Z INFO  extract: sheet 5 flattened (40965 rows)
2026-06-11T08:37:25.010Z DEBUG schema: worker boundary clone 2075KB
2026-06-11T08:37:25.403Z INFO  loader: job job-369 completed in 2231ms
2026-06-11T08:37:26.009Z DEBUG extract: cache hit for contract.docx
2026-06-11T08:37:26.506Z WARN  xlsx-viewer:worker: retrying scan.tiff (attempt 10)
2026-06-11T08:37:26.748Z DEBUG pdf-viewer: virtualizer window [103,562] of 585
2026-06-11T08:37:26.832Z INFO  metrics: consensus reached on 12 voters
2026-06-11T08:37:28.139Z INFO  xlsx-viewer:worker: job job-949 completed in 1933ms
2026-06-11T08:37:29.594Z DEBUG pdf-viewer: scroll progress 0.18
2026-06-11T08:37:29.756Z INFO  schema: extraction emitted 7 fields
2026-06-11T08:37:29.830Z INFO  extract: detected category=image for scan.tiff
2026-06-11T08:37:31.035Z DEBUG metrics: decoded bitmap 308 in 792ms
2026-06-11T08:37:31.842Z DEBUG auth: worker boundary clone 431KB
2026-06-11T08:37:32.783Z INFO  router: extraction emitted 3 fields
2026-06-11T08:37:33.456Z ERROR metrics: worker job-566 crashed: OOM
2026-06-11T08:37:34.566Z INFO  schema: job job-418 completed in 1098ms
2026-06-11T08:37:35.663Z INFO  xlsx-viewer:worker: uploaded deck.pptx (3100KB)
2026-06-11T08:37:37.108Z DEBUG cache: scroll progress 0.02
2026-06-11T08:37:37.538Z DEBUG extract: scroll progress 0.175
2026-06-11T08:37:38.885Z INFO  file-viewer: sheet 7 flattened (86087 rows)
2026-06-11T08:37:39.344Z ERROR cache: worker job-345 crashed: OOM
2026-06-11T08:37:40.319Z INFO  extract: request r6751 accepted
2026-06-11T08:37:40.453Z DEBUG xlsx-viewer:worker: virtualizer window [363,570] of 585
2026-06-11T08:37:41.393Z INFO  auth: consensus reached on 11 voters
2026-06-11T08:37:41.726Z WARN  storage: bitmap LRU at capacity (8), evicting page@151
2026-06-11T08:37:43.202Z DEBUG router: decoded bitmap 504 in 373ms
2026-06-11T08:37:43.720Z WARN  file-viewer: slow render 399ms for page 475
2026-06-11T08:37:44.721Z DEBUG loader: decoded bitmap 467 in 2057ms
2026-06-11T08:37:45.384Z WARN  pdf-viewer: slow render 941ms for page 467
2026-06-11T08:37:46.322Z INFO  csv-viewer: sheet 1 flattened (27106 rows)
2026-06-11T08:37:47.188Z INFO  metrics: rendered page 337/585
2026-06-11T08:37:47.582Z INFO  classify: consensus reached on 7 voters
2026-06-11T08:37:47.843Z DEBUG pdf-viewer: code-split chunk docx-viewer loaded in 2064ms
2026-06-11T08:37:47.978Z DEBUG pdf-viewer: virtualizer window [25,569] of 585
2026-06-11T08:37:48.731Z INFO  cache: request r5409 accepted
2026-06-11T08:37:49.257Z ERROR loader: failed to parse contract.docx: unexpected token at byte 574
2026-06-11T08:37:49.530Z INFO  router: detected category=image for sales.csv
2026-06-11T08:37:49.691Z INFO  extract: uploaded scan.tiff (825KB)
2026-06-11T08:37:50.090Z INFO  pdf-viewer: uploaded notes.md (1123KB)
2026-06-11T08:37:51.122Z DEBUG pdf-viewer: cache hit for deck.pptx
2026-06-11T08:37:52.230Z INFO  metrics: detected category=text for sales.csv
2026-06-11T08:37:53.477Z WARN  loader: bitmap LRU at capacity (8), evicting page@169
2026-06-11T08:37:53.703Z DEBUG loader: worker boundary clone 2907KB
2026-06-11T08:37:53.842Z WARN  csv-viewer: memory pressure: 3751KB resident
2026-06-11T08:37:54.011Z INFO  loader: request r1470 accepted
2026-06-11T08:37:55.105Z INFO  metrics: consensus reached on 10 voters
2026-06-11T08:37:56.215Z DEBUG storage: code-split chunk image-viewer loaded in 944ms
2026-06-11T08:37:56.627Z WARN  xlsx-viewer:worker: retrying sales.csv (attempt 11)
2026-06-11T08:37:57.327Z INFO  router: sheet 10 flattened (52384 rows)
2026-06-11T08:37:58.791Z ERROR pdf-viewer: render aborted for page 223 (cancelled)
2026-06-11T08:37:59.652Z INFO  loader: request r6342 accepted
2026-06-11T08:38:00.170Z INFO  extract: request r1426 accepted
2026-06-11T08:38:00.279Z INFO  pdf-viewer: extraction emitted 11 fields
2026-06-11T08:38:01.472Z INFO  auth: uploaded deck.pptx (35KB)
2026-06-11T08:38:02.160Z INFO  split:consensus: consensus reached on 3 voters
2026-06-11T08:38:02.774Z INFO  classify: detected category=pptx for deck.pptx
2026-06-11T08:38:03.846Z DEBUG metrics: decoded bitmap 494 in 1560ms
2026-06-11T08:38:04.834Z INFO  schema: consensus reached on 2 voters
2026-06-11T08:38:05.895Z ERROR cache: worker job-595 crashed: OOM
2026-06-11T08:38:07.159Z DEBUG file-viewer: worker boundary clone 3659KB
2026-06-11T08:38:07.487Z DEBUG storage: code-split chunk pdf-viewer loaded in 1960ms
2026-06-11T08:38:08.344Z INFO  cache: job job-584 completed in 1051ms
2026-06-11T08:38:09.688Z INFO  cache: sheet 6 flattened (68502 rows)
2026-06-11T08:38:09.821Z WARN  pdf-viewer: memory pressure: 2648KB resident
2026-06-11T08:38:09.980Z WARN  cache: bitmap LRU at capacity (8), evicting page@139
2026-06-11T08:38:10.603Z INFO  storage: uploaded deck.pptx (3456KB)
2026-06-11T08:38:11.846Z WARN  pdf-viewer: retrying contract.docx (attempt 10)
2026-06-11T08:38:12.683Z INFO  file-viewer: detected category=pptx for report.pdf
2026-06-11T08:38:13.553Z ERROR loader: render aborted for page 403 (cancelled)
2026-06-11T08:38:14.620Z WARN  csv-viewer: memory pressure: 4329KB resident
2026-06-11T08:38:15.061Z WARN  file-viewer: memory pressure: 37KB resident
2026-06-11T08:38:16.236Z INFO  classify: extraction emitted 5 fields
2026-06-11T08:38:17.199Z ERROR classify: worker job-324 crashed: OOM
2026-06-11T08:38:17.896Z ERROR xlsx-viewer:worker: failed to parse financials.xlsx: unexpected token at byte 566
2026-06-11T08:38:18.773Z INFO  metrics: rendered page 146/585
2026-06-11T08:38:19.715Z INFO  classify: consensus reached on 4 voters
2026-06-11T08:38:20.493Z INFO  xlsx-viewer:worker: extraction emitted 3 fields
2026-06-11T08:38:21.578Z ERROR storage: render aborted for page 259 (cancelled)
2026-06-11T08:38:21.701Z INFO  xlsx-viewer:worker: rendered page 190/585
2026-06-11T08:38:22.081Z WARN  classify: slow render 98ms for page 140
2026-06-11T08:38:23.551Z INFO  file-viewer: extraction emitted 2 fields
2026-06-11T08:38:23.604Z WARN  xlsx-viewer:worker: bitmap LRU at capacity (8), evicting page@152
2026-06-11T08:38:24.832Z DEBUG auth: worker boundary clone 3068KB
2026-06-11T08:38:25.748Z INFO  file-viewer: rendered page 222/585
2026-06-11T08:38:25.822Z ERROR split:consensus: worker job-494 crashed: OOM
2026-06-11T08:38:27.190Z WARN  cache: bitmap LRU at capacity (8), evicting page@581
2026-06-11T08:38:27.711Z DEBUG pdf-viewer: worker boundary clone 92KB
2026-06-11T08:38:29.173Z INFO  metrics: rendered page 495/585
2026-06-11T08:38:29.844Z INFO  pdf-viewer: job job-919 completed in 539ms
2026-06-11T08:38:30.491Z DEBUG file-viewer: virtualizer window [304,574] of 585
2026-06-11T08:38:31.480Z INFO  router: extraction emitted 2 fields
2026-06-11T08:38:32.921Z DEBUG split:consensus: cache hit for financials.xlsx
2026-06-11T08:38:33.806Z INFO  file-viewer: uploaded notes.md (956KB)
2026-06-11T08:38:34.179Z WARN  pdf-viewer: bitmap LRU at capacity (8), evicting page@568
2026-06-11T08:38:34.221Z INFO  split:consensus: sheet 4 flattened (76004 rows)
2026-06-11T08:38:35.664Z DEBUG storage: decoded bitmap 21 in 1740ms
2026-06-11T08:38:35.966Z WARN  csv-viewer: slow render 1886ms for page 6
2026-06-11T08:38:36.613Z INFO  loader: extraction emitted 5 fields
2026-06-11T08:38:37.890Z INFO  extract: uploaded notes.md (2549KB)
2026-06-11T08:38:39.252Z ERROR auth: failed to parse report.pdf: unexpected token at byte 575
2026-06-11T08:38:39.288Z WARN  extract: memory pressure: 3391KB resident
2026-06-11T08:38:39.570Z ERROR split:consensus: timeout fetching notes.md after 388ms
2026-06-11T08:38:40.903Z INFO  metrics: detected category=pdf for notes.md
2026-06-11T08:38:42.253Z WARN  pdf-viewer: retrying report.pdf (attempt 2)
2026-06-11T08:38:43.698Z INFO  xlsx-viewer:worker: uploaded contract.docx (2279KB)
2026-06-11T08:38:44.201Z DEBUG schema: cache hit for deck.pptx
2026-06-11T08:38:45.050Z DEBUG xlsx-viewer:worker: virtualizer window [170,561] of 585
2026-06-11T08:38:45.127Z DEBUG split:consensus: cache hit for report.pdf
2026-06-11T08:38:45.669Z INFO  csv-viewer: rendered page 73/585
2026-06-11T08:38:46.414Z INFO  xlsx-viewer:worker: uploaded scan.tiff (1242KB)
2026-06-11T08:38:46.545Z INFO  split:consensus: uploaded contract.docx (2607KB)
2026-06-11T08:38:47.024Z DEBUG file-viewer: worker boundary clone 1204KB
2026-06-11T08:38:47.668Z INFO  auth: detected category=pptx for contract.docx
2026-06-11T08:38:48.324Z INFO  cache: request r6022 accepted
2026-06-11T08:38:49.691Z INFO  cache: request r6804 accepted
2026-06-11T08:38:50.717Z INFO  pdf-viewer: job job-200 completed in 2243ms
2026-06-11T08:38:50.877Z INFO  loader: job job-217 completed in 418ms
2026-06-11T08:38:52.003Z ERROR classify: failed to parse deck.pptx: unexpected token at byte 561
2026-06-11T08:38:52.782Z INFO  extract: consensus reached on 7 voters
2026-06-11T08:38:53.576Z INFO  cache: extraction emitted 3 fields
2026-06-11T08:38:54.448Z INFO  loader: consensus reached on 5 voters
2026-06-11T08:38:55.524Z ERROR pdf-viewer: worker job-450 crashed: OOM
2026-06-11T08:38:56.976Z ERROR router: timeout fetching financials.xlsx after 509ms
2026-06-11T08:38:57.953Z DEBUG extract: scroll progress 0.429
2026-06-11T08:38:58.541Z INFO  classify: request r6660 accepted
2026-06-11T08:38:59.732Z INFO  csv-viewer: sheet 5 flattened (62441 rows)
2026-06-11T08:38:59.835Z INFO  storage: consensus reached on 9 voters
2026-06-11T08:39:00.921Z INFO  storage: request r5843 accepted
2026-06-11T08:39:01.150Z DEBUG pdf-viewer: code-split chunk docx-viewer loaded in 2279ms
2026-06-11T08:39:01.860Z DEBUG file-viewer: virtualizer window [474,583] of 585
2026-06-11T08:39:02.808Z INFO  storage: rendered page 378/585
2026-06-11T08:39:03.032Z INFO  cache: detected category=text for sales.csv
2026-06-11T08:39:03.386Z INFO  csv-viewer: uploaded notes.md (4070KB)
2026-06-11T08:39:03.625Z ERROR cache: failed to parse scan.tiff: unexpected token at byte 571
2026-06-11T08:39:04.786Z INFO  file-viewer: consensus reached on 10 voters
2026-06-11T08:39:05.313Z ERROR cache: failed to parse contract.docx: unexpected token at byte 563
2026-06-11T08:39:06.103Z DEBUG router: cache hit for contract.docx
2026-06-11T08:39:06.225Z DEBUG metrics: decoded bitmap 548 in 1744ms
2026-06-11T08:39:06.735Z DEBUG router: cache hit for scan.tiff
2026-06-11T08:39:07.695Z DEBUG split:consensus: code-split chunk docx-viewer loaded in 584ms
2026-06-11T08:39:08.598Z ERROR metrics: render aborted for page 224 (cancelled)
2026-06-11T08:39:09.846Z ERROR split:consensus: worker job-276 crashed: OOM
2026-06-11T08:39:10.037Z DEBUG loader: decoded bitmap 236 in 2262ms
2026-06-11T08:39:11.070Z DEBUG csv-viewer: decoded bitmap 521 in 675ms
2026-06-11T08:39:11.662Z DEBUG csv-viewer: cache hit for contract.docx
2026-06-11T08:39:13.079Z WARN  xlsx-viewer:worker: retrying sales.csv (attempt 2)
2026-06-11T08:39:13.630Z INFO  extract: sheet 1 flattened (44938 rows)
2026-06-11T08:39:14.637Z ERROR cache: worker job-255 crashed: OOM
2026-06-11T08:39:15.780Z WARN  schema: bitmap LRU at capacity (8), evicting page@456
2026-06-11T08:39:16.286Z ERROR storage: timeout fetching contract.docx after 1222ms
2026-06-11T08:39:17.278Z DEBUG file-viewer: cache hit for notes.md
2026-06-11T08:39:17.815Z DEBUG cache: virtualizer window [78,584] of 585
2026-06-11T08:39:19.094Z INFO  loader: detected category=xlsx for notes.md
2026-06-11T08:39:20.570Z INFO  cache: rendered page 222/585
2026-06-11T08:39:21.600Z INFO  loader: sheet 8 flattened (82191 rows)
2026-06-11T08:39:21.903Z DEBUG router: decoded bitmap 325 in 1903ms
2026-06-11T08:39:23.283Z INFO  csv-viewer: sheet 8 flattened (36363 rows)
2026-06-11T08:39:24.574Z INFO  storage: sheet 12 flattened (21792 rows)
2026-06-11T08:39:25.236Z WARN  file-viewer: bitmap LRU at capacity (8), evicting page@281
2026-06-11T08:39:26.309Z WARN  auth: retrying notes.md (attempt 11)
2026-06-11T08:39:26.670Z DEBUG pdf-viewer: scroll progress 0.247
2026-06-11T08:39:26.819Z WARN  cache: retrying financials.xlsx (attempt 10)
2026-06-11T08:39:27.412Z WARN  csv-viewer: memory pressure: 1279KB resident
2026-06-11T08:39:28.699Z DEBUG xlsx-viewer:worker: worker boundary clone 1603KB
2026-06-11T08:39:30.033Z DEBUG extract: scroll progress 0.784
2026-06-11T08:39:31.300Z INFO  auth: detected category=text for contract.docx
2026-06-11T08:39:31.928Z INFO  pdf-viewer: uploaded financials.xlsx (2324KB)
2026-06-11T08:39:32.336Z DEBUG storage: code-split chunk pdf-viewer loaded in 2255ms
2026-06-11T08:39:32.495Z WARN  storage: bitmap LRU at capacity (8), evicting page@264
2026-06-11T08:39:33.944Z DEBUG pdf-viewer: code-split chunk xlsx-viewer loaded in 1085ms
2026-06-11T08:39:35.009Z INFO  classify: sheet 8 flattened (52598 rows)
2026-06-11T08:39:35.901Z ERROR loader: failed to parse financials.xlsx: unexpected token at byte 566
2026-06-11T08:39:37.062Z INFO  csv-viewer: job job-248 completed in 415ms
2026-06-11T08:39:38.292Z INFO  pdf-viewer: sheet 8 flattened (57490 rows)
2026-06-11T08:39:38.320Z INFO  cache: rendered page 312/585
2026-06-11T08:39:38.434Z INFO  extract: request r1376 accepted
2026-06-11T08:39:38.647Z INFO  metrics: request r8746 accepted
2026-06-11T08:39:40.094Z INFO  xlsx-viewer:worker: job job-823 completed in 1056ms
2026-06-11T08:39:40.888Z DEBUG loader: decoded bitmap 548 in 746ms
2026-06-11T08:39:42.110Z DEBUG file-viewer: code-split chunk xlsx-viewer loaded in 2144ms
2026-06-11T08:39:42.991Z INFO  pdf-viewer: detected category=pptx for contract.docx
2026-06-11T08:39:43.509Z DEBUG schema: scroll progress 0.904
2026-06-11T08:39:44.920Z DEBUG router: scroll progress 0.966
2026-06-11T08:39:45.137Z WARN  loader: bitmap LRU at capacity (8), evicting page@325
2026-06-11T08:39:45.708Z INFO  schema: extraction emitted 5 fields
2026-06-11T08:39:47.062Z INFO  auth: detected category=xlsx for report.pdf
2026-06-11T08:39:48.319Z ERROR classify: timeout fetching sales.csv after 1739ms
2026-06-11T08:39:48.374Z INFO  loader: job job-993 completed in 1650ms
2026-06-11T08:39:49.839Z INFO  split:consensus: rendered page 89/585
2026-06-11T08:39:50.316Z DEBUG cache: decoded bitmap 451 in 1651ms
2026-06-11T08:39:50.861Z INFO  pdf-viewer: detected category=image for financials.xlsx
2026-06-11T08:39:51.611Z DEBUG extract: scroll progress 0.213
2026-06-11T08:39:52.463Z DEBUG cache: code-split chunk pptx-viewer loaded in 2364ms
2026-06-11T08:39:53.458Z DEBUG metrics: worker boundary clone 3267KB
2026-06-11T08:39:53.917Z DEBUG cache: decoded bitmap 354 in 2335ms
2026-06-11T08:39:54.407Z INFO  extract: rendered page 471/585
2026-06-11T08:39:55.060Z INFO  file-viewer: job job-491 completed in 2205ms
2026-06-11T08:39:56.429Z INFO  split:consensus: job job-432 completed in 1204ms
2026-06-11T08:39:57.839Z DEBUG storage: decoded bitmap 231 in 1949ms
2026-06-11T08:39:57.874Z WARN  xlsx-viewer:worker: slow render 522ms for page 55
2026-06-11T08:39:58.755Z DEBUG extract: scroll progress 0.451
2026-06-11T08:39:59.107Z INFO  extract: request r6558 accepted
2026-06-11T08:39:59.190Z INFO  storage: detected category=pptx for notes.md
2026-06-11T08:39:59.840Z INFO  metrics: sheet 4 flattened (42063 rows)
2026-06-11T08:40:00.477Z INFO  loader: uploaded scan.tiff (643KB)
2026-06-11T08:40:00.981Z DEBUG auth: worker boundary clone 799KB
2026-06-11T08:40:01.946Z INFO  csv-viewer: sheet 4 flattened (25370 rows)
2026-06-11T08:40:02.780Z WARN  csv-viewer: retrying scan.tiff (attempt 9)
2026-06-11T08:40:04.104Z INFO  csv-viewer: detected category=image for report.pdf
2026-06-11T08:40:05.488Z DEBUG xlsx-viewer:worker: virtualizer window [101,582] of 585
2026-06-11T08:40:05.910Z WARN  schema: retrying notes.md (attempt 8)
2026-06-11T08:40:06.155Z DEBUG storage: cache hit for deck.pptx
2026-06-11T08:40:06.701Z INFO  cache: detected category=xlsx for report.pdf
2026-06-11T08:40:06.826Z WARN  split:consensus: retrying contract.docx (attempt 2)
2026-06-11T08:40:06.954Z WARN  auth: slow render 988ms for page 408
2026-06-11T08:40:07.867Z INFO  schema: detected category=text for report.pdf
2026-06-11T08:40:07.997Z INFO  metrics: consensus reached on 4 voters
2026-06-11T08:40:08.495Z ERROR csv-viewer: timeout fetching sales.csv after 507ms
2026-06-11T08:40:09.002Z INFO  storage: uploaded scan.tiff (1371KB)
2026-06-11T08:40:09.666Z INFO  file-viewer: job job-845 completed in 262ms
2026-06-11T08:40:11.003Z INFO  pdf-viewer: consensus reached on 3 voters
2026-06-11T08:40:11.368Z INFO  xlsx-viewer:worker: consensus reached on 8 voters
2026-06-11T08:40:12.393Z INFO  pdf-viewer: detected category=pdf for contract.docx
2026-06-11T08:40:12.582Z DEBUG classify: worker boundary clone 1108KB
2026-06-11T08:40:13.264Z WARN  storage: bitmap LRU at capacity (8), evicting page@452
2026-06-11T08:40:14.257Z WARN  router: bitmap LRU at capacity (8), evicting page@227
2026-06-11T08:40:14.955Z INFO  classify: extraction emitted 12 fields
2026-06-11T08:40:15.201Z WARN  storage: bitmap LRU at capacity (8), evicting page@506
2026-06-11T08:40:15.778Z DEBUG storage: scroll progress 0.178
2026-06-11T08:40:17.225Z ERROR loader: render aborted for page 378 (cancelled)
2026-06-11T08:40:17.367Z INFO  router: extraction emitted 6 fields
2026-06-11T08:40:18.626Z WARN  loader: memory pressure: 3580KB resident
2026-06-11T08:40:20.086Z WARN  schema: slow render 1445ms for page 283
2026-06-11T08:40:21.473Z INFO  extract: consensus reached on 5 voters
2026-06-11T08:40:21.584Z INFO  loader: sheet 4 flattened (87707 rows)
2026-06-11T08:40:22.348Z INFO  auth: consensus reached on 2 voters
2026-06-11T08:40:22.604Z WARN  router: retrying deck.pptx (attempt 2)
2026-06-11T08:40:23.356Z WARN  file-viewer: memory pressure: 872KB resident
2026-06-11T08:40:24.303Z ERROR auth: failed to parse sales.csv: unexpected token at byte 571
2026-06-11T08:40:24.953Z DEBUG split:consensus: code-split chunk image-viewer loaded in 1112ms
2026-06-11T08:40:25.396Z ERROR extract: timeout fetching sales.csv after 1071ms
2026-06-11T08:40:26.302Z ERROR schema: worker job-843 crashed: OOM
2026-06-11T08:40:26.876Z DEBUG xlsx-viewer:worker: scroll progress 0.173
2026-06-11T08:40:26.937Z ERROR router: failed to parse contract.docx: unexpected token at byte 565
2026-06-11T08:40:27.653Z WARN  router: slow render 1215ms for page 283
2026-06-11T08:40:28.661Z INFO  pdf-viewer: request r5412 accepted
2026-06-11T08:40:28.832Z DEBUG metrics: worker boundary clone 3531KB
2026-06-11T08:40:29.007Z INFO  csv-viewer: detected category=text for deck.pptx
2026-06-11T08:40:29.314Z DEBUG file-viewer: scroll progress 0.113
2026-06-11T08:40:29.917Z DEBUG storage: worker boundary clone 1314KB
2026-06-11T08:40:30.440Z INFO  pdf-viewer: rendered page 48/585
2026-06-11T08:40:30.935Z ERROR classify: failed to parse contract.docx: unexpected token at byte 562
2026-06-11T08:40:31.643Z INFO  storage: sheet 1 flattened (552 rows)
2026-06-11T08:40:31.891Z INFO  pdf-viewer: consensus reached on 10 voters
2026-06-11T08:40:32.514Z INFO  loader: rendered page 288/585
2026-06-11T08:40:32.990Z INFO  cache: rendered page 165/585
2026-06-11T08:40:33.240Z WARN  loader: retrying scan.tiff (attempt 11)
2026-06-11T08:40:33.978Z DEBUG extract: worker boundary clone 50KB
2026-06-11T08:40:34.263Z ERROR pdf-viewer: timeout fetching notes.md after 981ms
2026-06-11T08:40:34.420Z INFO  cache: request r9340 accepted
2026-06-11T08:40:34.951Z WARN  cache: memory pressure: 2063KB resident
2026-06-11T08:40:35.638Z WARN  loader: retrying contract.docx (attempt 3)
2026-06-11T08:40:36.253Z INFO  file-viewer: request r7871 accepted
2026-06-11T08:40:36.628Z INFO  xlsx-viewer:worker: sheet 1 flattened (16973 rows)
2026-06-11T08:40:37.789Z DEBUG file-viewer: virtualizer window [249,582] of 585
2026-06-11T08:40:38.214Z DEBUG router: code-split chunk pptx-viewer loaded in 121ms
2026-06-11T08:40:39.697Z ERROR cache: timeout fetching notes.md after 135ms
2026-06-11T08:40:40.972Z INFO  pdf-viewer: consensus reached on 2 voters
2026-06-11T08:40:41.851Z INFO  csv-viewer: extraction emitted 9 fields
2026-06-11T08:40:42.573Z WARN  loader: slow render 591ms for page 255
2026-06-11T08:40:42.944Z INFO  storage: job job-427 completed in 1883ms
2026-06-11T08:40:44.100Z ERROR router: worker job-713 crashed: OOM
2026-06-11T08:40:44.690Z ERROR classify: render aborted for page 348 (cancelled)
2026-06-11T08:40:45.580Z INFO  auth: sheet 4 flattened (81689 rows)
2026-06-11T08:40:45.745Z DEBUG metrics: worker boundary clone 4402KB
2026-06-11T08:40:46.813Z WARN  file-viewer: retrying contract.docx (attempt 6)
2026-06-11T08:40:46.979Z WARN  file-viewer: memory pressure: 3227KB resident
2026-06-11T08:40:48.306Z DEBUG split:consensus: decoded bitmap 461 in 1377ms
2026-06-11T08:40:48.726Z INFO  split:consensus: detected category=pptx for financials.xlsx
2026-06-11T08:40:48.874Z DEBUG auth: worker boundary clone 3801KB
2026-06-11T08:40:49.011Z ERROR schema: worker job-320 crashed: OOM
2026-06-11T08:40:50.013Z INFO  csv-viewer: request r5826 accepted
2026-06-11T08:40:50.891Z ERROR metrics: render aborted for page 351 (cancelled)
2026-06-11T08:40:51.092Z DEBUG auth: worker boundary clone 3419KB
2026-06-11T08:40:52.289Z WARN  split:consensus: slow render 1370ms for page 210
2026-06-11T08:40:53.391Z INFO  split:consensus: request r3341 accepted
2026-06-11T08:40:53.949Z WARN  xlsx-viewer:worker: memory pressure: 1012KB resident
2026-06-11T08:40:54.918Z DEBUG classify: virtualizer window [109,576] of 585
2026-06-11T08:40:55.169Z ERROR metrics: render aborted for page 108 (cancelled)
2026-06-11T08:40:55.449Z INFO  split:consensus: job job-161 completed in 1769ms
2026-06-11T08:40:56.459Z WARN  router: bitmap LRU at capacity (8), evicting page@544
2026-06-11T08:40:56.830Z INFO  metrics: job job-136 completed in 1936ms
2026-06-11T08:40:58.312Z INFO  csv-viewer: rendered page 460/585
2026-06-11T08:40:59.399Z ERROR cache: worker job-468 crashed: OOM
2026-06-11T08:41:00.611Z WARN  classify: retrying financials.xlsx (attempt 11)
2026-06-11T08:41:01.735Z DEBUG metrics: worker boundary clone 2224KB
2026-06-11T08:41:03.229Z DEBUG schema: code-split chunk xlsx-viewer loaded in 911ms
2026-06-11T08:41:03.760Z INFO  file-viewer: detected category=xlsx for sales.csv
2026-06-11T08:41:04.170Z INFO  file-viewer: rendered page 211/585
2026-06-11T08:41:04.567Z DEBUG csv-viewer: code-split chunk image-viewer loaded in 2001ms
2026-06-11T08:41:05.432Z DEBUG extract: code-split chunk pptx-viewer loaded in 635ms
2026-06-11T08:41:06.826Z WARN  metrics: memory pressure: 374KB resident
2026-06-11T08:41:07.684Z DEBUG pdf-viewer: cache hit for financials.xlsx
2026-06-11T08:41:08.139Z ERROR classify: timeout fetching sales.csv after 1827ms
2026-06-11T08:41:09.375Z DEBUG csv-viewer: code-split chunk xlsx-viewer loaded in 561ms
2026-06-11T08:41:09.686Z DEBUG cache: worker boundary clone 3826KB
2026-06-11T08:41:10.183Z INFO  loader: rendered page 221/585
2026-06-11T08:41:11.156Z INFO  classify: extraction emitted 5 fields
2026-06-11T08:41:12.146Z DEBUG extract: decoded bitmap 92 in 132ms
2026-06-11T08:41:13.616Z INFO  auth: uploaded contract.docx (1369KB)
2026-06-11T08:41:14.506Z ERROR extract: failed to parse financials.xlsx: unexpected token at byte 576
2026-06-11T08:41:15.685Z INFO  extract: detected category=xlsx for sales.csv
2026-06-11T08:41:15.894Z INFO  schema: request r2187 accepted
2026-06-11T08:41:17.335Z ERROR auth: timeout fetching financials.xlsx after 2363ms
2026-06-11T08:41:18.522Z ERROR file-viewer: render aborted for page 393 (cancelled)
2026-06-11T08:41:19.710Z INFO  loader: job job-105 completed in 2288ms
2026-06-11T08:41:20.695Z WARN  loader: bitmap LRU at capacity (8), evicting page@430
2026-06-11T08:41:21.038Z INFO  loader: request r5791 accepted
2026-06-11T08:41:21.509Z WARN  csv-viewer: bitmap LRU at capacity (8), evicting page@20
2026-06-11T08:41:22.707Z DEBUG metrics: decoded bitmap 283 in 1988ms
2026-06-11T08:41:22.747Z INFO  metrics: uploaded financials.xlsx (4411KB)
2026-06-11T08:41:23.796Z INFO  extract: uploaded contract.docx (4003KB)
2026-06-11T08:41:25.122Z WARN  csv-viewer: retrying contract.docx (attempt 8)
2026-06-11T08:41:25.303Z INFO  schema: extraction emitted 12 fields
2026-06-11T08:41:26.254Z DEBUG cache: worker boundary clone 969KB
2026-06-11T08:41:27.482Z DEBUG schema: decoded bitmap 187 in 725ms
2026-06-11T08:41:28.501Z DEBUG metrics: decoded bitmap 295 in 631ms
2026-06-11T08:41:29.862Z DEBUG file-viewer: cache hit for sales.csv
2026-06-11T08:41:31.154Z INFO  xlsx-viewer:worker: job job-601 completed in 1400ms
2026-06-11T08:41:32.346Z INFO  csv-viewer: uploaded report.pdf (3043KB)
2026-06-11T08:41:33.829Z WARN  xlsx-viewer:worker: slow render 938ms for page 585
2026-06-11T08:41:34.657Z INFO  storage: sheet 4 flattened (45348 rows)
2026-06-11T08:41:36.131Z DEBUG xlsx-viewer:worker: virtualizer window [481,570] of 585
2026-06-11T08:41:36.678Z INFO  extract: detected category=pdf for report.pdf
2026-06-11T08:41:38.028Z ERROR classify: failed to parse contract.docx: unexpected token at byte 584
2026-06-11T08:41:38.629Z INFO  pdf-viewer: consensus reached on 2 voters
2026-06-11T08:41:39.296Z DEBUG xlsx-viewer:worker: worker boundary clone 4393KB
2026-06-11T08:41:39.520Z ERROR loader: timeout fetching deck.pptx after 1465ms
2026-06-11T08:41:40.665Z DEBUG cache: code-split chunk image-viewer loaded in 755ms
2026-06-11T08:41:41.329Z INFO  file-viewer: extraction emitted 4 fields
2026-06-11T08:41:42.323Z INFO  csv-viewer: rendered page 36/585
2026-06-11T08:41:42.706Z INFO  storage: consensus reached on 4 voters
2026-06-11T08:41:43.667Z DEBUG schema: worker boundary clone 3719KB
2026-06-11T08:41:44.185Z DEBUG router: scroll progress 0.159
2026-06-11T08:41:44.410Z DEBUG metrics: worker boundary clone 3157KB
2026-06-11T08:41:45.873Z DEBUG auth: cache hit for contract.docx
2026-06-11T08:41:46.710Z ERROR csv-viewer: worker job-593 crashed: OOM
2026-06-11T08:41:47.247Z INFO  schema: job job-207 completed in 1763ms
2026-06-11T08:41:47.409Z WARN  loader: retrying financials.xlsx (attempt 8)
2026-06-11T08:41:48.734Z INFO  file-viewer: job job-753 completed in 961ms
2026-06-11T08:41:49.881Z ERROR router: failed to parse scan.tiff: unexpected token at byte 561
2026-06-11T08:41:50.537Z ERROR metrics: failed to parse financials.xlsx: unexpected token at byte 575
2026-06-11T08:41:50.755Z INFO  xlsx-viewer:worker: job job-981 completed in 2400ms
2026-06-11T08:41:51.595Z INFO  pdf-viewer: sheet 10 flattened (82972 rows)
2026-06-11T08:41:52.476Z INFO  pdf-viewer: request r1544 accepted
2026-06-11T08:41:53.185Z DEBUG split:consensus: decoded bitmap 81 in 1194ms
2026-06-11T08:41:53.907Z DEBUG auth: code-split chunk image-viewer loaded in 138ms
2026-06-11T08:41:54.528Z INFO  csv-viewer: sheet 11 flattened (73179 rows)
2026-06-11T08:41:55.328Z INFO  extract: detected category=xlsx for financials.xlsx
2026-06-11T08:41:56.169Z DEBUG file-viewer: cache hit for report.pdf
2026-06-11T08:41:56.568Z INFO  cache: rendered page 135/585
2026-06-11T08:41:57.899Z ERROR pdf-viewer: failed to parse deck.pptx: unexpected token at byte 582
2026-06-11T08:41:58.479Z INFO  pdf-viewer: extraction emitted 5 fields
2026-06-11T08:41:59.926Z WARN  storage: retrying financials.xlsx (attempt 2)
2026-06-11T08:42:00.031Z WARN  file-viewer: bitmap LRU at capacity (8), evicting page@494
2026-06-11T08:42:00.680Z WARN  cache: slow render 1183ms for page 62
2026-06-11T08:42:01.768Z INFO  xlsx-viewer:worker: uploaded contract.docx (1355KB)
2026-06-11T08:42:02.089Z ERROR pdf-viewer: render aborted for page 107 (cancelled)
2026-06-11T08:42:02.554Z INFO  router: extraction emitted 12 fields
2026-06-11T08:42:03.728Z DEBUG loader: cache hit for contract.docx
2026-06-11T08:42:04.280Z WARN  extract: slow render 2060ms for page 277
2026-06-11T08:42:04.678Z WARN  auth: slow render 1875ms for page 431
2026-06-11T08:42:04.794Z INFO  router: consensus reached on 6 voters
2026-06-11T08:42:05.636Z INFO  cache: consensus reached on 9 voters
2026-06-11T08:42:05.849Z INFO  xlsx-viewer:worker: detected category=xlsx for notes.md
2026-06-11T08:42:06.149Z INFO  schema: detected category=pptx for deck.pptx
2026-06-11T08:42:06.799Z INFO  metrics: job job-926 completed in 1140ms
2026-06-11T08:42:07.404Z ERROR schema: render aborted for page 447 (cancelled)
2026-06-11T08:42:08.150Z INFO  file-viewer: request r5274 accepted
2026-06-11T08:42:09.041Z ERROR extract: worker job-945 crashed: OOM
2026-06-11T08:42:09.667Z INFO  auth: detected category=image for deck.pptx
2026-06-11T08:42:10.883Z DEBUG metrics: code-split chunk pdf-viewer loaded in 1887ms
2026-06-11T08:42:11.675Z WARN  cache: retrying sales.csv (attempt 8)
2026-06-11T08:42:12.873Z WARN  split:consensus: bitmap LRU at capacity (8), evicting page@333
2026-06-11T08:42:13.409Z WARN  metrics: memory pressure: 2825KB resident
2026-06-11T08:42:13.907Z DEBUG split:consensus: virtualizer window [145,583] of 585
2026-06-11T08:42:15.243Z DEBUG split:consensus: code-split chunk docx-viewer loaded in 146ms
2026-06-11T08:42:15.612Z DEBUG xlsx-viewer:worker: code-split chunk schema-builder loaded in 237ms
2026-06-11T08:42:16.604Z INFO  storage: consensus reached on 4 voters
2026-06-11T08:42:17.943Z ERROR loader: worker job-156 crashed: OOM
2026-06-11T08:42:18.841Z INFO  storage: extraction emitted 8 fields
2026-06-11T08:42:20.195Z INFO  metrics: request r3395 accepted
2026-06-11T08:42:21.315Z INFO  split:consensus: uploaded financials.xlsx (3498KB)
2026-06-11T08:42:21.653Z DEBUG cache: code-split chunk xlsx-viewer loaded in 1385ms
2026-06-11T08:42:21.871Z INFO  schema: uploaded deck.pptx (3554KB)
2026-06-11T08:42:23.362Z DEBUG schema: worker boundary clone 2749KB
2026-06-11T08:42:23.847Z INFO  csv-viewer: extraction emitted 12 fields
2026-06-11T08:42:24.132Z INFO  classify: rendered page 404/585
2026-06-11T08:42:25.081Z INFO  split:consensus: request r7089 accepted
2026-06-11T08:42:25.518Z DEBUG loader: virtualizer window [20,580] of 585
2026-06-11T08:42:26.476Z DEBUG xlsx-viewer:worker: decoded bitmap 340 in 1278ms
2026-06-11T08:42:27.858Z DEBUG schema: worker boundary clone 2833KB
2026-06-11T08:42:28.262Z INFO  file-viewer: consensus reached on 10 voters
2026-06-11T08:42:28.336Z INFO  loader: detected category=pdf for notes.md
2026-06-11T08:42:29.331Z INFO  classify: sheet 12 flattened (24298 rows)
2026-06-11T08:42:29.998Z ERROR classify: render aborted for page 188 (cancelled)
2026-06-11T08:42:30.858Z ERROR storage: timeout fetching contract.docx after 2279ms
2026-06-11T08:42:31.479Z ERROR schema: failed to parse report.pdf: unexpected token at byte 567
2026-06-11T08:42:32.814Z ERROR router: worker job-346 crashed: OOM
2026-06-11T08:42:33.018Z WARN  storage: bitmap LRU at capacity (8), evicting page@405
2026-06-11T08:42:33.325Z INFO  classify: job job-702 completed in 118ms
2026-06-11T08:42:33.619Z INFO  file-viewer: consensus reached on 12 voters
2026-06-11T08:42:34.002Z DEBUG metrics: decoded bitmap 440 in 690ms
2026-06-11T08:42:35.489Z DEBUG xlsx-viewer:worker: decoded bitmap 233 in 966ms
2026-06-11T08:42:36.188Z INFO  classify: consensus reached on 8 voters
2026-06-11T08:42:37.046Z INFO  xlsx-viewer:worker: uploaded sales.csv (4026KB)
2026-06-11T08:42:37.076Z DEBUG loader: decoded bitmap 542 in 302ms
2026-06-11T08:42:37.933Z DEBUG pdf-viewer: virtualizer window [232,567] of 585
2026-06-11T08:42:37.957Z DEBUG metrics: worker boundary clone 1660KB
2026-06-11T08:42:38.914Z DEBUG extract: decoded bitmap 245 in 1667ms
2026-06-11T08:42:40.318Z DEBUG metrics: cache hit for contract.docx
2026-06-11T08:42:41.368Z WARN  pdf-viewer: bitmap LRU at capacity (8), evicting page@188
2026-06-11T08:42:42.480Z WARN  xlsx-viewer:worker: retrying scan.tiff (attempt 10)
2026-06-11T08:42:42.650Z INFO  schema: sheet 5 flattened (47802 rows)
2026-06-11T08:42:44.129Z WARN  cache: retrying sales.csv (attempt 12)
2026-06-11T08:42:45.118Z ERROR pdf-viewer: render aborted for page 156 (cancelled)
2026-06-11T08:42:45.234Z DEBUG router: virtualizer window [142,575] of 585
2026-06-11T08:42:46.182Z INFO  xlsx-viewer:worker: job job-331 completed in 561ms
2026-06-11T08:42:47.307Z DEBUG pdf-viewer: decoded bitmap 129 in 999ms
2026-06-11T08:42:48.017Z INFO  classify: rendered page 570/585
2026-06-11T08:42:48.111Z WARN  cache: memory pressure: 373KB resident
2026-06-11T08:42:48.872Z INFO  csv-viewer: uploaded deck.pptx (2233KB)
2026-06-11T08:42:49.175Z ERROR cache: failed to parse contract.docx: unexpected token at byte 575
2026-06-11T08:42:50.352Z DEBUG auth: worker boundary clone 1247KB
2026-06-11T08:42:50.807Z INFO  pdf-viewer: consensus reached on 5 voters
2026-06-11T08:42:52.170Z DEBUG xlsx-viewer:worker: decoded bitmap 349 in 1476ms
2026-06-11T08:42:52.286Z INFO  router: rendered page 465/585
2026-06-11T08:42:52.662Z ERROR file-viewer: timeout fetching deck.pptx after 58ms
2026-06-11T08:42:53.452Z INFO  xlsx-viewer:worker: sheet 3 flattened (1255 rows)
2026-06-11T08:42:54.926Z INFO  schema: detected category=image for financials.xlsx
2026-06-11T08:42:55.600Z INFO  loader: consensus reached on 7 voters
2026-06-11T08:42:56.909Z DEBUG pdf-viewer: virtualizer window [461,585] of 585
2026-06-11T08:42:57.019Z INFO  extract: job job-150 completed in 1163ms
2026-06-11T08:42:57.569Z ERROR classify: render aborted for page 269 (cancelled)
2026-06-11T08:42:58.962Z INFO  router: consensus reached on 3 voters
2026-06-11T08:42:59.448Z INFO  file-viewer: uploaded contract.docx (1871KB)
2026-06-11T08:43:00.264Z WARN  file-viewer: memory pressure: 2982KB resident
2026-06-11T08:43:01.225Z DEBUG auth: scroll progress 0.534
2026-06-11T08:43:02.189Z INFO  loader: rendered page 517/585
2026-06-11T08:43:03.228Z INFO  csv-viewer: sheet 6 flattened (18112 rows)
2026-06-11T08:43:03.739Z INFO  pdf-viewer: detected category=pdf for deck.pptx
2026-06-11T08:43:04.902Z INFO  file-viewer: detected category=pptx for notes.md
2026-06-11T08:43:06.381Z INFO  storage: uploaded scan.tiff (3316KB)
2026-06-11T08:43:06.420Z INFO  csv-viewer: consensus reached on 10 voters
2026-06-11T08:43:07.309Z WARN  cache: bitmap LRU at capacity (8), evicting page@426
2026-06-11T08:43:07.685Z WARN  cache: slow render 590ms for page 244
2026-06-11T08:43:08.442Z ERROR split:consensus: timeout fetching deck.pptx after 1829ms
2026-06-11T08:43:09.708Z DEBUG classify: worker boundary clone 2710KB
2026-06-11T08:43:10.140Z DEBUG extract: cache hit for contract.docx
2026-06-11T08:43:11.464Z DEBUG split:consensus: code-split chunk image-viewer loaded in 1515ms
2026-06-11T08:43:12.088Z DEBUG classify: virtualizer window [119,576] of 585
2026-06-11T08:43:12.781Z INFO  xlsx-viewer:worker: extraction emitted 4 fields
2026-06-11T08:43:13.217Z DEBUG split:consensus: code-split chunk pdf-viewer loaded in 962ms
2026-06-11T08:43:14.534Z INFO  metrics: request r6352 accepted
2026-06-11T08:43:14.751Z INFO  file-viewer: rendered page 455/585
2026-06-11T08:43:15.110Z INFO  split:consensus: request r3484 accepted
2026-06-11T08:43:15.298Z ERROR classify: worker job-279 crashed: OOM
2026-06-11T08:43:15.370Z DEBUG pdf-viewer: code-split chunk pdf-viewer loaded in 391ms
2026-06-11T08:43:16.196Z DEBUG metrics: cache hit for notes.md
2026-06-11T08:43:17.529Z INFO  auth: rendered page 70/585
2026-06-11T08:43:18.097Z ERROR csv-viewer: worker job-320 crashed: OOM
2026-06-11T08:43:18.413Z INFO  pdf-viewer: detected category=pptx for deck.pptx
2026-06-11T08:43:19.381Z DEBUG file-viewer: scroll progress 0.494
2026-06-11T08:43:20.206Z DEBUG split:consensus: decoded bitmap 380 in 2327ms
2026-06-11T08:43:20.286Z DEBUG storage: scroll progress 0.735
2026-06-11T08:43:20.910Z DEBUG metrics: cache hit for contract.docx
2026-06-11T08:43:21.690Z INFO  file-viewer: extraction emitted 12 fields
2026-06-11T08:43:22.181Z ERROR pdf-viewer: timeout fetching financials.xlsx after 2008ms
2026-06-11T08:43:22.506Z DEBUG router: virtualizer window [30,561] of 585
2026-06-11T08:43:23.307Z DEBUG metrics: virtualizer window [325,582] of 585
2026-06-11T08:43:24.227Z DEBUG pdf-viewer: decoded bitmap 85 in 1285ms
2026-06-11T08:43:25.466Z DEBUG classify: decoded bitmap 7 in 1874ms
2026-06-11T08:43:26.259Z INFO  csv-viewer: rendered page 532/585
2026-06-11T08:43:27.094Z DEBUG csv-viewer: code-split chunk pdf-viewer loaded in 1954ms
2026-06-11T08:43:27.240Z INFO  schema: request r4608 accepted
2026-06-11T08:43:27.299Z DEBUG schema: worker boundary clone 2425KB
2026-06-11T08:43:28.350Z WARN  storage: retrying report.pdf (attempt 11)
2026-06-11T08:43:29.301Z ERROR loader: worker job-205 crashed: OOM
2026-06-11T08:43:29.927Z WARN  classify: slow render 828ms for page 69
2026-06-11T08:43:30.230Z INFO  auth: consensus reached on 10 voters
2026-06-11T08:43:30.742Z INFO  csv-viewer: extraction emitted 8 fields
2026-06-11T08:43:32.014Z ERROR xlsx-viewer:worker: failed to parse sales.csv: unexpected token at byte 585
2026-06-11T08:43:32.874Z DEBUG metrics: cache hit for report.pdf
2026-06-11T08:43:33.255Z ERROR pdf-viewer: worker job-970 crashed: OOM
2026-06-11T08:43:34.713Z INFO  file-viewer: consensus reached on 9 voters
2026-06-11T08:43:34.745Z ERROR router: render aborted for page 360 (cancelled)
2026-06-11T08:43:35.026Z INFO  pdf-viewer: rendered page 48/585
2026-06-11T08:43:35.712Z DEBUG file-viewer: virtualizer window [30,585] of 585
2026-06-11T08:43:36.987Z INFO  router: consensus reached on 7 voters
2026-06-11T08:43:37.792Z INFO  pdf-viewer: rendered page 337/585
2026-06-11T08:43:38.128Z INFO  extract: detected category=pdf for financials.xlsx
2026-06-11T08:43:38.917Z INFO  router: detected category=text for notes.md
2026-06-11T08:43:39.060Z DEBUG auth: code-split chunk pdf-viewer loaded in 1551ms
2026-06-11T08:43:39.477Z DEBUG split:consensus: decoded bitmap 199 in 825ms
2026-06-11T08:43:40.579Z ERROR file-viewer: failed to parse scan.tiff: unexpected token at byte 561
2026-06-11T08:43:41.616Z ERROR metrics: render aborted for page 565 (cancelled)
2026-06-11T08:43:41.978Z INFO  extract: request r4155 accepted
2026-06-11T08:43:42.223Z DEBUG storage: code-split chunk schema-builder loaded in 279ms
2026-06-11T08:43:42.454Z INFO  pdf-viewer: consensus reached on 5 voters
2026-06-11T08:43:43.622Z INFO  classify: request r6672 accepted
2026-06-11T08:43:43.857Z DEBUG classify: virtualizer window [231,570] of 585
2026-06-11T08:43:44.035Z WARN  metrics: bitmap LRU at capacity (8), evicting page@213
2026-06-11T08:43:44.415Z DEBUG pdf-viewer: virtualizer window [145,574] of 585
2026-06-11T08:43:44.883Z ERROR auth: worker job-761 crashed: OOM
2026-06-11T08:43:45.788Z DEBUG file-viewer: code-split chunk xlsx-viewer loaded in 1612ms
2026-06-11T08:43:47.140Z INFO  pdf-viewer: detected category=pdf for report.pdf
2026-06-11T08:43:47.560Z INFO  file-viewer: sheet 10 flattened (79902 rows)
2026-06-11T08:43:47.680Z INFO  extract: job job-974 completed in 1637ms
2026-06-11T08:43:48.895Z ERROR schema: timeout fetching financials.xlsx after 2153ms
2026-06-11T08:43:49.495Z WARN  schema: slow render 783ms for page 336
2026-06-11T08:43:50.876Z INFO  auth: detected category=pptx for scan.tiff
2026-06-11T08:43:51.709Z DEBUG schema: code-split chunk pptx-viewer loaded in 669ms
2026-06-11T08:43:52.516Z ERROR file-viewer: failed to parse scan.tiff: unexpected token at byte 569
2026-06-11T08:43:53.767Z ERROR cache: failed to parse sales.csv: unexpected token at byte 585
2026-06-11T08:43:54.499Z INFO  schema: job job-351 completed in 1911ms
2026-06-11T08:43:55.095Z DEBUG xlsx-viewer:worker: cache hit for report.pdf
2026-06-11T08:43:55.651Z INFO  xlsx-viewer:worker: rendered page 313/585
2026-06-11T08:43:56.239Z DEBUG auth: scroll progress 0.851
2026-06-11T08:43:57.581Z INFO  file-viewer: job job-431 completed in 2175ms
2026-06-11T08:43:58.233Z INFO  schema: sheet 8 flattened (19418 rows)
2026-06-11T08:43:59.250Z INFO  csv-viewer: job job-893 completed in 475ms
2026-06-11T08:44:00.735Z ERROR xlsx-viewer:worker: worker job-638 crashed: OOM
2026-06-11T08:44:01.565Z WARN  classify: retrying report.pdf (attempt 12)
2026-06-11T08:44:02.639Z INFO  schema: consensus reached on 8 voters
2026-06-11T08:44:04.026Z INFO  split:consensus: sheet 6 flattened (47277 rows)
2026-06-11T08:44:04.436Z INFO  classify: request r5403 accepted
2026-06-11T08:44:05.102Z INFO  cache: consensus reached on 10 voters
2026-06-11T08:44:05.160Z INFO  split:consensus: request r7163 accepted
2026-06-11T08:44:06.181Z INFO  xlsx-viewer:worker: extraction emitted 10 fields
2026-06-11T08:44:07.174Z ERROR csv-viewer: failed to parse notes.md: unexpected token at byte 565
2026-06-11T08:44:07.766Z DEBUG pdf-viewer: cache hit for notes.md
2026-06-11T08:44:08.607Z ERROR xlsx-viewer:worker: failed to parse report.pdf: unexpected token at byte 576
2026-06-11T08:44:08.734Z INFO  classify: detected category=image for notes.md
2026-06-11T08:44:09.127Z DEBUG pdf-viewer: scroll progress 0.965
2026-06-11T08:44:09.639Z INFO  extract: job job-791 completed in 627ms
2026-06-11T08:44:09.681Z INFO  loader: sheet 3 flattened (9425 rows)
2026-06-11T08:44:10.766Z INFO  storage: consensus reached on 3 voters
2026-06-11T08:44:12.067Z INFO  loader: consensus reached on 7 voters
2026-06-11T08:44:12.725Z INFO  cache: request r9992 accepted
2026-06-11T08:44:13.421Z INFO  auth: extraction emitted 4 fields
2026-06-11T08:44:14.213Z INFO  xlsx-viewer:worker: request r7788 accepted
2026-06-11T08:44:15.590Z INFO  split:consensus: uploaded deck.pptx (3844KB)
2026-06-11T08:44:16.214Z INFO  loader: detected category=pdf for financials.xlsx
2026-06-11T08:44:16.287Z DEBUG cache: code-split chunk image-viewer loaded in 1497ms
2026-06-11T08:44:16.571Z DEBUG extract: decoded bitmap 216 in 227ms
2026-06-11T08:44:17.653Z WARN  extract: bitmap LRU at capacity (8), evicting page@512
2026-06-11T08:44:18.374Z ERROR csv-viewer: worker job-369 crashed: OOM
2026-06-11T08:44:19.347Z INFO  pdf-viewer: uploaded deck.pptx (4383KB)
2026-06-11T08:44:20.460Z ERROR schema: render aborted for page 335 (cancelled)
2026-06-11T08:44:20.878Z DEBUG pdf-viewer: worker boundary clone 690KB
2026-06-11T08:44:22.167Z DEBUG file-viewer: worker boundary clone 595KB
2026-06-11T08:44:23.058Z INFO  storage: consensus reached on 10 voters
2026-06-11T08:44:24.406Z INFO  schema: detected category=xlsx for deck.pptx
2026-06-11T08:44:25.634Z INFO  loader: uploaded sales.csv (4155KB)
2026-06-11T08:44:26.495Z WARN  file-viewer: retrying report.pdf (attempt 8)
2026-06-11T08:44:26.743Z WARN  file-viewer: slow render 872ms for page 57
2026-06-11T08:44:27.077Z DEBUG loader: virtualizer window [464,570] of 585
2026-06-11T08:44:27.114Z INFO  loader: extraction emitted 7 fields
2026-06-11T08:44:28.312Z ERROR schema: failed to parse notes.md: unexpected token at byte 573
2026-06-11T08:44:28.591Z WARN  extract: retrying financials.xlsx (attempt 11)
2026-06-11T08:44:29.190Z ERROR metrics: timeout fetching report.pdf after 205ms
2026-06-11T08:44:30.048Z DEBUG loader: scroll progress 0.639
2026-06-11T08:44:30.576Z ERROR loader: timeout fetching financials.xlsx after 406ms
2026-06-11T08:44:31.895Z ERROR metrics: worker job-496 crashed: OOM
2026-06-11T08:44:33.044Z DEBUG cache: scroll progress 0.528
2026-06-11T08:44:33.743Z DEBUG storage: scroll progress 0.147
2026-06-11T08:44:35.089Z DEBUG cache: worker boundary clone 3304KB
2026-06-11T08:44:35.487Z WARN  classify: bitmap LRU at capacity (8), evicting page@38
2026-06-11T08:44:36.522Z ERROR storage: timeout fetching scan.tiff after 2100ms
2026-06-11T08:44:37.700Z WARN  classify: retrying contract.docx (attempt 3)
2026-06-11T08:44:38.232Z DEBUG extract: decoded bitmap 527 in 360ms
2026-06-11T08:44:39.614Z DEBUG file-viewer: code-split chunk pdf-viewer loaded in 1157ms
2026-06-11T08:44:39.979Z DEBUG cache: decoded bitmap 533 in 1271ms
2026-06-11T08:44:40.033Z DEBUG auth: cache hit for report.pdf
2026-06-11T08:44:40.530Z INFO  auth: extraction emitted 8 fields
2026-06-11T08:44:40.975Z INFO  csv-viewer: request r1083 accepted
2026-06-11T08:44:41.931Z WARN  split:consensus: slow render 1753ms for page 119
2026-06-11T08:44:42.805Z ERROR cache: timeout fetching notes.md after 1624ms
2026-06-11T08:44:44.274Z DEBUG auth: decoded bitmap 385 in 1705ms
2026-06-11T08:44:44.862Z INFO  storage: extraction emitted 8 fields
2026-06-11T08:44:45.064Z INFO  schema: extraction emitted 5 fields
2026-06-11T08:44:45.721Z DEBUG classify: worker boundary clone 1937KB
2026-06-11T08:44:45.996Z WARN  router: retrying sales.csv (attempt 4)
2026-06-11T08:44:47.062Z DEBUG loader: scroll progress 0.716
2026-06-11T08:44:48.004Z ERROR xlsx-viewer:worker: worker job-481 crashed: OOM
2026-06-11T08:44:48.158Z DEBUG auth: virtualizer window [19,583] of 585
2026-06-11T08:44:48.459Z INFO  file-viewer: detected category=pptx for report.pdf
2026-06-11T08:44:48.861Z INFO  extract: sheet 11 flattened (8578 rows)
2026-06-11T08:44:50.089Z INFO  split:consensus: uploaded deck.pptx (4100KB)
2026-06-11T08:44:51.419Z INFO  metrics: extraction emitted 4 fields
2026-06-11T08:44:51.505Z INFO  schema: sheet 11 flattened (65181 rows)
2026-06-11T08:44:52.896Z INFO  pdf-viewer: rendered page 79/585
2026-06-11T08:44:53.093Z WARN  xlsx-viewer:worker: retrying sales.csv (attempt 9)
2026-06-11T08:44:53.491Z INFO  classify: uploaded notes.md (3164KB)
2026-06-11T08:44:53.887Z INFO  file-viewer: uploaded deck.pptx (2385KB)
2026-06-11T08:44:54.956Z DEBUG file-viewer: code-split chunk image-viewer loaded in 2165ms
2026-06-11T08:44:55.300Z INFO  csv-viewer: detected category=pdf for sales.csv
2026-06-11T08:44:56.152Z ERROR loader: render aborted for page 498 (cancelled)
2026-06-11T08:44:56.990Z DEBUG auth: cache hit for contract.docx
2026-06-11T08:44:57.425Z INFO  classify: detected category=pdf for financials.xlsx
2026-06-11T08:44:57.848Z INFO  storage: request r7095 accepted
2026-06-11T08:44:58.979Z DEBUG classify: virtualizer window [174,580] of 585
2026-06-11T08:44:59.940Z DEBUG csv-viewer: virtualizer window [267,578] of 585
2026-06-11T08:45:00.568Z ERROR router: failed to parse deck.pptx: unexpected token at byte 561
2026-06-11T08:45:02.067Z ERROR loader: render aborted for page 448 (cancelled)
2026-06-11T08:45:03.233Z DEBUG xlsx-viewer:worker: scroll progress 0.131
2026-06-11T08:45:03.565Z INFO  schema: extraction emitted 12 fields
2026-06-11T08:45:03.832Z INFO  metrics: sheet 2 flattened (14725 rows)
2026-06-11T08:45:04.386Z INFO  extract: consensus reached on 5 voters
2026-06-11T08:45:05.503Z INFO  file-viewer: sheet 3 flattened (6331 rows)
2026-06-11T08:45:05.846Z INFO  schema: job job-198 completed in 1972ms
2026-06-11T08:45:07.140Z DEBUG extract: code-split chunk image-viewer loaded in 2007ms
2026-06-11T08:45:07.529Z WARN  storage: slow render 106ms for page 93
2026-06-11T08:45:08.735Z INFO  csv-viewer: extraction emitted 5 fields
2026-06-11T08:45:09.038Z DEBUG pdf-viewer: cache hit for deck.pptx
2026-06-11T08:45:10.477Z WARN  xlsx-viewer:worker: slow render 1284ms for page 72
2026-06-11T08:45:10.784Z DEBUG xlsx-viewer:worker: cache hit for report.pdf
2026-06-11T08:45:11.268Z ERROR cache: worker job-746 crashed: OOM
2026-06-11T08:45:11.684Z INFO  pdf-viewer: detected category=image for scan.tiff
2026-06-11T08:45:12.984Z ERROR metrics: failed to parse notes.md: unexpected token at byte 561
2026-06-11T08:45:14.455Z INFO  auth: consensus reached on 4 voters
2026-06-11T08:45:15.879Z DEBUG router: worker boundary clone 606KB
2026-06-11T08:45:17.210Z WARN  pdf-viewer: bitmap LRU at capacity (8), evicting page@192
2026-06-11T08:45:18.345Z ERROR classify: failed to parse contract.docx: unexpected token at byte 580
2026-06-11T08:45:18.431Z DEBUG auth: cache hit for sales.csv
2026-06-11T08:45:19.365Z WARN  auth: memory pressure: 3957KB resident
2026-06-11T08:45:20.601Z INFO  auth: sheet 4 flattened (71394 rows)
2026-06-11T08:45:21.902Z INFO  split:consensus: request r5717 accepted
2026-06-11T08:45:21.938Z INFO  cache: extraction emitted 8 fields
2026-06-11T08:45:22.738Z INFO  split:consensus: consensus reached on 9 voters
2026-06-11T08:45:23.521Z INFO  loader: detected category=xlsx for notes.md
2026-06-11T08:45:24.126Z DEBUG cache: virtualizer window [435,560] of 585
2026-06-11T08:45:24.325Z DEBUG pdf-viewer: scroll progress 0.969
2026-06-11T08:45:24.711Z ERROR csv-viewer: worker job-196 crashed: OOM
2026-06-11T08:45:24.934Z DEBUG xlsx-viewer:worker: worker boundary clone 3688KB
2026-06-11T08:45:26.132Z ERROR storage: timeout fetching report.pdf after 2154ms
2026-06-11T08:45:26.661Z WARN  classify: slow render 25ms for page 420
2026-06-11T08:45:27.406Z INFO  classify: uploaded notes.md (3068KB)
2026-06-11T08:45:28.318Z DEBUG xlsx-viewer:worker: scroll progress 0.099
2026-06-11T08:45:29.118Z INFO  schema: detected category=text for sales.csv
2026-06-11T08:45:30.314Z ERROR loader: timeout fetching report.pdf after 70ms
2026-06-11T08:45:31.468Z INFO  classify: detected category=image for notes.md
2026-06-11T08:45:32.351Z DEBUG metrics: decoded bitmap 338 in 1359ms
2026-06-11T08:45:32.994Z DEBUG metrics: virtualizer window [211,579] of 585
2026-06-11T08:45:34.130Z INFO  router: rendered page 46/585
2026-06-11T08:45:35.570Z DEBUG schema: cache hit for scan.tiff
2026-06-11T08:45:35.735Z INFO  schema: job job-196 completed in 2092ms
2026-06-11T08:45:36.901Z DEBUG csv-viewer: cache hit for notes.md
2026-06-11T08:45:36.922Z INFO  cache: extraction emitted 10 fields
2026-06-11T08:45:36.974Z INFO  pdf-viewer: detected category=xlsx for contract.docx
2026-06-11T08:45:37.490Z INFO  router: sheet 4 flattened (3540 rows)
2026-06-11T08:45:38.003Z ERROR router: worker job-727 crashed: OOM
2026-06-11T08:45:38.329Z INFO  pdf-viewer: detected category=pdf for sales.csv
2026-06-11T08:45:39.727Z DEBUG classify: cache hit for sales.csv
2026-06-11T08:45:40.114Z ERROR xlsx-viewer:worker: worker job-958 crashed: OOM
2026-06-11T08:45:41.056Z INFO  file-viewer: uploaded financials.xlsx (2477KB)
2026-06-11T08:45:42.208Z ERROR xlsx-viewer:worker: render aborted for page 351 (cancelled)
2026-06-11T08:45:43.100Z WARN  router: memory pressure: 2582KB resident
2026-06-11T08:45:43.553Z ERROR classify: render aborted for page 418 (cancelled)
2026-06-11T08:45:44.390Z INFO  loader: consensus reached on 8 voters
2026-06-11T08:45:45.126Z DEBUG cache: worker boundary clone 1605KB
2026-06-11T08:45:46.517Z DEBUG cache: worker boundary clone 3800KB
2026-06-11T08:45:47.549Z WARN  pdf-viewer: slow render 935ms for page 538
2026-06-11T08:45:48.171Z INFO  metrics: sheet 4 flattened (52153 rows)
2026-06-11T08:45:49.058Z ERROR storage: worker job-290 crashed: OOM
2026-06-11T08:45:49.501Z DEBUG storage: cache hit for sales.csv
2026-06-11T08:45:49.994Z DEBUG split:consensus: decoded bitmap 57 in 1227ms
2026-06-11T08:45:51.144Z WARN  auth: slow render 2249ms for page 55
2026-06-11T08:45:52.405Z INFO  metrics: extraction emitted 8 fields
2026-06-11T08:45:52.522Z DEBUG xlsx-viewer:worker: cache hit for report.pdf
2026-06-11T08:45:53.640Z WARN  schema: memory pressure: 2874KB resident
2026-06-11T08:45:55.079Z DEBUG metrics: worker boundary clone 1145KB
2026-06-11T08:45:56.348Z WARN  xlsx-viewer:worker: bitmap LRU at capacity (8), evicting page@192
2026-06-11T08:45:57.433Z INFO  csv-viewer: extraction emitted 8 fields
2026-06-11T08:45:58.313Z INFO  schema: sheet 8 flattened (22233 rows)
2026-06-11T08:45:59.392Z INFO  file-viewer: consensus reached on 4 voters
2026-06-11T08:46:00.519Z INFO  csv-viewer: uploaded financials.xlsx (44KB)
2026-06-11T08:46:00.949Z ERROR metrics: render aborted for page 147 (cancelled)
2026-06-11T08:46:01.315Z INFO  pdf-viewer: request r8257 accepted
2026-06-11T08:46:01.923Z DEBUG file-viewer: worker boundary clone 4073KB
2026-06-11T08:46:03.042Z INFO  classify: uploaded notes.md (1566KB)
2026-06-11T08:46:03.165Z WARN  schema: memory pressure: 484KB resident
2026-06-11T08:46:04.368Z INFO  extract: detected category=pptx for scan.tiff
2026-06-11T08:46:04.891Z DEBUG loader: cache hit for scan.tiff
2026-06-11T08:46:05.932Z INFO  schema: uploaded contract.docx (3604KB)
2026-06-11T08:46:06.013Z INFO  classify: consensus reached on 5 voters
2026-06-11T08:46:06.402Z INFO  auth: job job-709 completed in 1142ms
2026-06-11T08:46:06.586Z INFO  split:consensus: consensus reached on 4 voters
2026-06-11T08:46:07.881Z INFO  schema: extraction emitted 11 fields
2026-06-11T08:46:08.150Z WARN  csv-viewer: memory pressure: 353KB resident
2026-06-11T08:46:09.254Z WARN  router: retrying report.pdf (attempt 4)
2026-06-11T08:46:10.457Z DEBUG file-viewer: decoded bitmap 454 in 670ms
2026-06-11T08:46:11.658Z DEBUG loader: cache hit for notes.md
2026-06-11T08:46:11.960Z INFO  xlsx-viewer:worker: rendered page 279/585
2026-06-11T08:46:12.282Z INFO  classify: consensus reached on 8 voters
2026-06-11T08:46:13.704Z INFO  extract: request r8952 accepted
2026-06-11T08:46:14.452Z INFO  extract: extraction emitted 2 fields
2026-06-11T08:46:14.727Z INFO  cache: consensus reached on 8 voters
2026-06-11T08:46:15.193Z INFO  metrics: rendered page 507/585
2026-06-11T08:46:15.545Z DEBUG cache: code-split chunk docx-viewer loaded in 1617ms
2026-06-11T08:46:16.461Z DEBUG pdf-viewer: scroll progress 0.364
2026-06-11T08:46:16.528Z DEBUG file-viewer: decoded bitmap 41 in 909ms
2026-06-11T08:46:16.934Z DEBUG classify: cache hit for contract.docx
2026-06-11T08:46:17.697Z INFO  metrics: request r5566 accepted
2026-06-11T08:46:19.108Z ERROR extract: failed to parse scan.tiff: unexpected token at byte 560
2026-06-11T08:46:19.687Z INFO  pdf-viewer: rendered page 376/585
2026-06-11T08:46:20.942Z INFO  storage: detected category=pdf for notes.md
2026-06-11T08:46:20.990Z WARN  metrics: retrying deck.pptx (attempt 10)
2026-06-11T08:46:21.760Z INFO  schema: extraction emitted 11 fields
2026-06-11T08:46:21.958Z INFO  classify: detected category=pptx for sales.csv
2026-06-11T08:46:23.152Z WARN  metrics: retrying report.pdf (attempt 2)
2026-06-11T08:46:24.290Z DEBUG metrics: decoded bitmap 578 in 769ms
2026-06-11T08:46:25.140Z ERROR xlsx-viewer:worker: worker job-833 crashed: OOM
2026-06-11T08:46:25.467Z INFO  split:consensus: detected category=xlsx for sales.csv
2026-06-11T08:46:25.583Z INFO  pdf-viewer: job job-896 completed in 122ms
2026-06-11T08:46:26.093Z INFO  extract: consensus reached on 11 voters
2026-06-11T08:46:27.441Z WARN  classify: memory pressure: 969KB resident
2026-06-11T08:46:28.773Z WARN  storage: slow render 1446ms for page 327
2026-06-11T08:46:29.226Z INFO  loader: detected category=text for financials.xlsx
2026-06-11T08:46:29.939Z DEBUG pdf-viewer: virtualizer window [33,564] of 585
2026-06-11T08:46:30.251Z INFO  split:consensus: uploaded scan.tiff (1713KB)
2026-06-11T08:46:30.598Z INFO  cache: job job-552 completed in 108ms
2026-06-11T08:46:30.630Z INFO  storage: consensus reached on 4 voters
2026-06-11T08:46:30.964Z ERROR router: worker job-446 crashed: OOM
2026-06-11T08:46:31.613Z DEBUG xlsx-viewer:worker: cache hit for report.pdf
2026-06-11T08:46:32.393Z INFO  split:consensus: sheet 9 flattened (38626 rows)
2026-06-11T08:46:32.783Z DEBUG xlsx-viewer:worker: scroll progress 0.99
2026-06-11T08:46:34.016Z DEBUG classify: decoded bitmap 82 in 412ms
2026-06-11T08:46:34.943Z ERROR pdf-viewer: timeout fetching notes.md after 237ms
2026-06-11T08:46:36.091Z DEBUG storage: code-split chunk pptx-viewer loaded in 1343ms
2026-06-11T08:46:36.995Z INFO  loader: consensus reached on 11 voters
2026-06-11T08:46:37.847Z DEBUG extract: virtualizer window [200,581] of 585
2026-06-11T08:46:38.932Z INFO  schema: rendered page 113/585
2026-06-11T08:46:39.537Z ERROR schema: render aborted for page 231 (cancelled)
2026-06-11T08:46:40.441Z DEBUG router: code-split chunk image-viewer loaded in 2352ms
2026-06-11T08:46:40.951Z INFO  classify: sheet 4 flattened (49032 rows)
2026-06-11T08:46:41.632Z WARN  file-viewer: retrying report.pdf (attempt 2)
2026-06-11T08:46:41.895Z WARN  csv-viewer: slow render 1629ms for page 579
2026-06-11T08:46:42.028Z ERROR file-viewer: worker job-701 crashed: OOM
2026-06-11T08:46:43.263Z INFO  extract: rendered page 49/585
2026-06-11T08:46:43.484Z INFO  metrics: request r3309 accepted
2026-06-11T08:46:43.965Z DEBUG schema: virtualizer window [430,578] of 585
2026-06-11T08:46:45.209Z INFO  pdf-viewer: consensus reached on 3 voters
2026-06-11T08:46:45.353Z WARN  file-viewer: memory pressure: 220KB resident
2026-06-11T08:46:46.386Z INFO  auth: detected category=text for scan.tiff
2026-06-11T08:46:47.764Z INFO  loader: extraction emitted 6 fields
2026-06-11T08:46:49.173Z WARN  split:consensus: bitmap LRU at capacity (8), evicting page@44
2026-06-11T08:46:50.513Z ERROR cache: timeout fetching sales.csv after 1693ms
2026-06-11T08:46:50.807Z ERROR auth: timeout fetching contract.docx after 2026ms
2026-06-11T08:46:51.132Z WARN  router: slow render 1352ms for page 559
2026-06-11T08:46:51.577Z DEBUG csv-viewer: virtualizer window [197,574] of 585
2026-06-11T08:46:52.479Z INFO  auth: uploaded report.pdf (710KB)
2026-06-11T08:46:53.765Z INFO  classify: detected category=image for report.pdf
2026-06-11T08:46:54.235Z WARN  split:consensus: retrying report.pdf (attempt 7)
2026-06-11T08:46:54.369Z INFO  storage: request r5540 accepted
2026-06-11T08:46:54.710Z INFO  csv-viewer: sheet 7 flattened (48779 rows)
2026-06-11T08:46:54.736Z INFO  pdf-viewer: uploaded contract.docx (3289KB)
2026-06-11T08:46:55.290Z INFO  split:consensus: job job-718 completed in 1064ms
2026-06-11T08:46:56.195Z DEBUG metrics: cache hit for contract.docx
2026-06-11T08:46:56.823Z DEBUG classify: virtualizer window [375,577] of 585
2026-06-11T08:46:57.822Z INFO  csv-viewer: rendered page 166/585
2026-06-11T08:46:58.591Z WARN  auth: slow render 1672ms for page 379
2026-06-11T08:46:59.392Z DEBUG metrics: worker boundary clone 3257KB
2026-06-11T08:47:00.592Z DEBUG auth: cache hit for deck.pptx
2026-06-11T08:47:00.620Z DEBUG extract: virtualizer window [382,578] of 585
2026-06-11T08:47:01.881Z INFO  split:consensus: consensus reached on 8 voters
2026-06-11T08:47:03.013Z INFO  auth: consensus reached on 8 voters
2026-06-11T08:47:04.381Z INFO  file-viewer: consensus reached on 12 voters
2026-06-11T08:47:05.392Z DEBUG auth: virtualizer window [290,564] of 585
2026-06-11T08:47:06.015Z INFO  metrics: job job-575 completed in 915ms
2026-06-11T08:47:06.797Z DEBUG auth: cache hit for notes.md
2026-06-11T08:47:07.853Z ERROR storage: timeout fetching sales.csv after 897ms
2026-06-11T08:47:07.903Z INFO  file-viewer: request r1424 accepted
2026-06-11T08:47:08.801Z INFO  storage: request r8410 accepted
2026-06-11T08:47:10.292Z DEBUG storage: cache hit for report.pdf
2026-06-11T08:47:10.710Z INFO  classify: consensus reached on 5 voters
2026-06-11T08:47:11.962Z INFO  xlsx-viewer:worker: extraction emitted 6 fields
2026-06-11T08:47:12.936Z INFO  cache: consensus reached on 10 voters
2026-06-11T08:47:13.183Z ERROR schema: timeout fetching deck.pptx after 2002ms
2026-06-11T08:47:14.672Z DEBUG file-viewer: scroll progress 0.946
2026-06-11T08:47:15.931Z DEBUG auth: cache hit for report.pdf
2026-06-11T08:47:15.956Z INFO  router: consensus reached on 9 voters
2026-06-11T08:47:17.244Z WARN  classify: bitmap LRU at capacity (8), evicting page@177
2026-06-11T08:47:17.881Z ERROR csv-viewer: timeout fetching scan.tiff after 1452ms
2026-06-11T08:47:19.297Z DEBUG schema: decoded bitmap 145 in 2375ms
2026-06-11T08:47:19.531Z ERROR router: render aborted for page 233 (cancelled)
2026-06-11T08:47:19.861Z INFO  cache: uploaded financials.xlsx (4484KB)
2026-06-11T08:47:20.398Z DEBUG extract: virtualizer window [557,582] of 585
2026-06-11T08:47:21.744Z ERROR loader: failed to parse financials.xlsx: unexpected token at byte 580
2026-06-11T08:47:22.683Z WARN  classify: retrying contract.docx (attempt 7)
2026-06-11T08:47:24.106Z INFO  metrics: uploaded sales.csv (2802KB)
2026-06-11T08:47:24.592Z DEBUG storage: worker boundary clone 2531KB
2026-06-11T08:47:25.067Z WARN  extract: retrying scan.tiff (attempt 7)
2026-06-11T08:47:26.175Z ERROR extract: failed to parse sales.csv: unexpected token at byte 570
2026-06-11T08:47:27.475Z INFO  auth: consensus reached on 4 voters
2026-06-11T08:47:28.940Z INFO  metrics: job job-618 completed in 549ms
2026-06-11T08:47:29.172Z ERROR metrics: timeout fetching sales.csv after 1940ms
2026-06-11T08:47:29.432Z ERROR pdf-viewer: render aborted for page 471 (cancelled)
2026-06-11T08:47:30.241Z INFO  classify: sheet 8 flattened (70576 rows)
2026-06-11T08:47:31.035Z DEBUG cache: virtualizer window [408,585] of 585
2026-06-11T08:47:32.004Z INFO  auth: uploaded report.pdf (3692KB)
2026-06-11T08:47:33.012Z INFO  classify: request r9639 accepted
2026-06-11T08:47:33.958Z INFO  file-viewer: sheet 9 flattened (87377 rows)
2026-06-11T08:47:35.237Z DEBUG split:consensus: cache hit for report.pdf
2026-06-11T08:47:35.805Z DEBUG loader: scroll progress 0.419
2026-06-11T08:47:36.673Z DEBUG schema: virtualizer window [371,585] of 585
2026-06-11T08:47:37.424Z WARN  router: bitmap LRU at capacity (8), evicting page@201
2026-06-11T08:47:38.595Z ERROR metrics: worker job-345 crashed: OOM
2026-06-11T08:47:39.479Z INFO  router: consensus reached on 7 voters
2026-06-11T08:47:40.849Z WARN  metrics: retrying deck.pptx (attempt 12)
2026-06-11T08:47:42.195Z DEBUG auth: cache hit for report.pdf
2026-06-11T08:47:43.495Z DEBUG auth: worker boundary clone 2665KB
2026-06-11T08:47:43.614Z INFO  auth: sheet 11 flattened (69711 rows)
2026-06-11T08:47:44.349Z WARN  schema: bitmap LRU at capacity (8), evicting page@54
2026-06-11T08:47:45.256Z ERROR extract: failed to parse sales.csv: unexpected token at byte 573
2026-06-11T08:47:45.654Z ERROR classify: timeout fetching sales.csv after 2096ms
2026-06-11T08:47:46.528Z INFO  pdf-viewer: sheet 10 flattened (81577 rows)
2026-06-11T08:47:47.770Z INFO  classify: detected category=pdf for notes.md
2026-06-11T08:47:47.945Z DEBUG pdf-viewer: worker boundary clone 3067KB
2026-06-11T08:47:49.145Z INFO  auth: detected category=xlsx for financials.xlsx
2026-06-11T08:47:49.925Z ERROR cache: timeout fetching notes.md after 217ms
2026-06-11T08:47:50.857Z INFO  file-viewer: uploaded deck.pptx (4285KB)
2026-06-11T08:47:50.922Z INFO  xlsx-viewer:worker: sheet 9 flattened (89939 rows)
2026-06-11T08:47:52.346Z INFO  cache: rendered page 7/585
2026-06-11T08:47:52.906Z INFO  router: request r3376 accepted
2026-06-11T08:47:53.931Z INFO  extract: request r6541 accepted
2026-06-11T08:47:54.994Z INFO  loader: job job-269 completed in 1424ms
2026-06-11T08:47:56.171Z DEBUG extract: cache hit for financials.xlsx
2026-06-11T08:47:56.448Z INFO  xlsx-viewer:worker: request r2325 accepted
2026-06-11T08:47:57.208Z INFO  cache: consensus reached on 9 voters
2026-06-11T08:47:58.653Z ERROR auth: timeout fetching contract.docx after 1182ms
2026-06-11T08:47:59.533Z ERROR cache: failed to parse scan.tiff: unexpected token at byte 563
2026-06-11T08:48:00.631Z ERROR classify: timeout fetching financials.xlsx after 2114ms
2026-06-11T08:48:01.092Z DEBUG split:consensus: cache hit for notes.md
2026-06-11T08:48:01.851Z INFO  split:consensus: rendered page 417/585
2026-06-11T08:48:02.855Z DEBUG csv-viewer: code-split chunk xlsx-viewer loaded in 180ms
2026-06-11T08:48:03.614Z INFO  csv-viewer: sheet 6 flattened (24997 rows)
2026-06-11T08:48:04.215Z ERROR storage: failed to parse deck.pptx: unexpected token at byte 569
2026-06-11T08:48:04.440Z INFO  loader: rendered page 467/585
2026-06-11T08:48:04.735Z DEBUG classify: virtualizer window [36,565] of 585
2026-06-11T08:48:06.180Z ERROR csv-viewer: timeout fetching scan.tiff after 810ms
2026-06-11T08:48:07.086Z DEBUG xlsx-viewer:worker: scroll progress 0.661
2026-06-11T08:48:08.246Z INFO  split:consensus: job job-646 completed in 1715ms
2026-06-11T08:48:08.526Z INFO  loader: uploaded financials.xlsx (3503KB)
2026-06-11T08:48:08.955Z ERROR schema: render aborted for page 347 (cancelled)
2026-06-11T08:48:09.117Z INFO  auth: detected category=text for scan.tiff
2026-06-11T08:48:09.744Z DEBUG auth: decoded bitmap 505 in 52ms
2026-06-11T08:48:10.896Z INFO  classify: request r6465 accepted
2026-06-11T08:48:12.192Z WARN  extract: memory pressure: 2997KB resident
2026-06-11T08:48:13.137Z WARN  split:consensus: slow render 1439ms for page 460
2026-06-11T08:48:14.623Z ERROR storage: timeout fetching contract.docx after 975ms
2026-06-11T08:48:14.689Z DEBUG router: cache hit for contract.docx
2026-06-11T08:48:16.180Z INFO  xlsx-viewer:worker: request r1635 accepted
2026-06-11T08:48:17.126Z INFO  auth: job job-807 completed in 2119ms
2026-06-11T08:48:17.549Z INFO  cache: uploaded notes.md (1272KB)
2026-06-11T08:48:18.272Z WARN  csv-viewer: memory pressure: 1067KB resident
2026-06-11T08:48:18.833Z INFO  auth: detected category=image for report.pdf
2026-06-11T08:48:18.876Z INFO  storage: uploaded notes.md (3387KB)
2026-06-11T08:48:19.005Z DEBUG storage: cache hit for scan.tiff
2026-06-11T08:48:20.319Z INFO  cache: uploaded financials.xlsx (3374KB)
2026-06-11T08:48:20.619Z INFO  extract: consensus reached on 2 voters
2026-06-11T08:48:21.591Z INFO  schema: job job-216 completed in 880ms
2026-06-11T08:48:21.856Z INFO  split:consensus: rendered page 579/585
2026-06-11T08:48:23.288Z INFO  storage: request r3773 accepted
2026-06-11T08:48:23.732Z WARN  loader: slow render 375ms for page 483
2026-06-11T08:48:24.172Z INFO  cache: job job-499 completed in 1362ms
2026-06-11T08:48:24.573Z INFO  split:consensus: uploaded scan.tiff (4264KB)
2026-06-11T08:48:25.478Z ERROR loader: failed to parse notes.md: unexpected token at byte 561
2026-06-11T08:48:26.139Z DEBUG metrics: cache hit for financials.xlsx
2026-06-11T08:48:27.238Z WARN  auth: memory pressure: 1917KB resident
2026-06-11T08:48:28.266Z WARN  storage: bitmap LRU at capacity (8), evicting page@221
2026-06-11T08:48:29.140Z DEBUG extract: virtualizer window [36,562] of 585
2026-06-11T08:48:30.454Z INFO  extract: consensus reached on 3 voters
2026-06-11T08:48:31.245Z DEBUG metrics: decoded bitmap 283 in 1018ms
2026-06-11T08:48:32.474Z INFO  router: extraction emitted 7 fields
2026-06-11T08:48:33.278Z WARN  split:consensus: retrying contract.docx (attempt 5)
2026-06-11T08:48:33.755Z INFO  cache: consensus reached on 4 voters
2026-06-11T08:48:34.972Z ERROR split:consensus: worker job-613 crashed: OOM
2026-06-11T08:48:35.217Z INFO  classify: sheet 9 flattened (86881 rows)
2026-06-11T08:48:36.060Z WARN  router: bitmap LRU at capacity (8), evicting page@233
2026-06-11T08:48:37.208Z INFO  loader: sheet 2 flattened (70264 rows)
2026-06-11T08:48:37.930Z ERROR cache: worker job-620 crashed: OOM
2026-06-11T08:48:38.088Z INFO  csv-viewer: request r7311 accepted
2026-06-11T08:48:39.321Z ERROR auth: render aborted for page 403 (cancelled)
2026-06-11T08:48:39.409Z INFO  classify: extraction emitted 4 fields
2026-06-11T08:48:40.377Z INFO  file-viewer: consensus reached on 10 voters
2026-06-11T08:48:41.450Z DEBUG storage: cache hit for report.pdf
2026-06-11T08:48:42.067Z INFO  file-viewer: sheet 8 flattened (3543 rows)
2026-06-11T08:48:42.952Z INFO  schema: consensus reached on 6 voters
2026-06-11T08:48:43.040Z INFO  pdf-viewer: consensus reached on 10 voters
2026-06-11T08:48:43.139Z INFO  xlsx-viewer:worker: rendered page 16/585
2026-06-11T08:48:44.018Z WARN  metrics: memory pressure: 2927KB resident
2026-06-11T08:48:44.468Z DEBUG storage: code-split chunk image-viewer loaded in 2190ms
2026-06-11T08:48:45.697Z WARN  pdf-viewer: bitmap LRU at capacity (8), evicting page@490
2026-06-11T08:48:45.951Z INFO  csv-viewer: job job-391 completed in 19ms
2026-06-11T08:48:46.128Z DEBUG file-viewer: virtualizer window [334,570] of 585
2026-06-11T08:48:46.467Z INFO  file-viewer: extraction emitted 2 fields
2026-06-11T08:48:47.818Z WARN  cache: memory pressure: 2952KB resident
2026-06-11T08:48:48.368Z WARN  file-viewer: slow render 533ms for page 481
2026-06-11T08:48:49.002Z INFO  metrics: extraction emitted 6 fields
2026-06-11T08:48:49.514Z INFO  csv-viewer: sheet 3 flattened (71800 rows)
2026-06-11T08:48:50.463Z INFO  metrics: detected category=text for notes.md
2026-06-11T08:48:51.260Z WARN  pdf-viewer: slow render 63ms for page 579
2026-06-11T08:48:52.709Z WARN  auth: retrying financials.xlsx (attempt 3)
2026-06-11T08:48:53.725Z INFO  pdf-viewer: uploaded deck.pptx (1515KB)
2026-06-11T08:48:55.224Z WARN  csv-viewer: retrying financials.xlsx (attempt 8)
2026-06-11T08:48:56.655Z ERROR metrics: worker job-202 crashed: OOM
2026-06-11T08:48:56.968Z INFO  router: uploaded scan.tiff (825KB)
2026-06-11T08:48:57.396Z INFO  loader: detected category=image for scan.tiff
2026-06-11T08:48:58.755Z ERROR schema: failed to parse sales.csv: unexpected token at byte 564
2026-06-11T08:49:00.115Z INFO  router: detected category=xlsx for report.pdf
2026-06-11T08:49:00.198Z INFO  csv-viewer: job job-124 completed in 1246ms
2026-06-11T08:49:00.239Z ERROR extract: worker job-388 crashed: OOM
2026-06-11T08:49:00.299Z INFO  csv-viewer: extraction emitted 5 fields
2026-06-11T08:49:00.377Z DEBUG schema: scroll progress 0.352
2026-06-11T08:49:01.142Z INFO  loader: sheet 1 flattened (76682 rows)
2026-06-11T08:49:01.336Z DEBUG metrics: cache hit for notes.md
2026-06-11T08:49:02.373Z DEBUG pdf-viewer: scroll progress 0.113
2026-06-11T08:49:02.872Z DEBUG classify: worker boundary clone 2285KB
2026-06-11T08:49:03.339Z INFO  auth: consensus reached on 7 voters
2026-06-11T08:49:04.139Z DEBUG metrics: code-split chunk docx-viewer loaded in 617ms
2026-06-11T08:49:04.795Z INFO  loader: detected category=text for notes.md
2026-06-11T08:49:05.838Z INFO  file-viewer: detected category=text for deck.pptx
2026-06-11T08:49:06.238Z DEBUG classify: decoded bitmap 278 in 1319ms
2026-06-11T08:49:06.321Z INFO  router: sheet 12 flattened (48680 rows)
2026-06-11T08:49:07.152Z INFO  split:consensus: sheet 11 flattened (31466 rows)
2026-06-11T08:49:08.420Z ERROR router: render aborted for page 493 (cancelled)
2026-06-11T08:49:09.519Z DEBUG cache: worker boundary clone 2969KB
2026-06-11T08:49:10.587Z DEBUG extract: worker boundary clone 2963KB
2026-06-11T08:49:11.161Z INFO  auth: request r9274 accepted
2026-06-11T08:49:11.955Z INFO  loader: job job-423 completed in 83ms
2026-06-11T08:49:13.348Z DEBUG router: cache hit for notes.md
2026-06-11T08:49:14.110Z INFO  xlsx-viewer:worker: job job-664 completed in 810ms
2026-06-11T08:49:14.314Z DEBUG extract: code-split chunk xlsx-viewer loaded in 1604ms
2026-06-11T08:49:14.516Z DEBUG classify: code-split chunk image-viewer loaded in 2083ms
2026-06-11T08:49:15.188Z DEBUG classify: scroll progress 0.028
2026-06-11T08:49:16.150Z INFO  file-viewer: consensus reached on 7 voters
2026-06-11T08:49:17.434Z INFO  loader: extraction emitted 7 fields
2026-06-11T08:49:18.612Z INFO  cache: sheet 10 flattened (81439 rows)
2026-06-11T08:49:19.459Z DEBUG loader: virtualizer window [256,561] of 585
2026-06-11T08:49:20.913Z WARN  split:consensus: memory pressure: 1004KB resident
2026-06-11T08:49:21.526Z INFO  cache: job job-199 completed in 1573ms
2026-06-11T08:49:21.594Z INFO  csv-viewer: uploaded sales.csv (3497KB)
2026-06-11T08:49:21.976Z INFO  split:consensus: uploaded report.pdf (1964KB)
2026-06-11T08:49:22.518Z DEBUG split:consensus: cache hit for sales.csv
2026-06-11T08:49:23.435Z ERROR router: render aborted for page 201 (cancelled)
2026-06-11T08:49:24.151Z INFO  file-viewer: extraction emitted 4 fields
2026-06-11T08:49:25.614Z DEBUG file-viewer: cache hit for scan.tiff
2026-06-11T08:49:27.008Z DEBUG extract: scroll progress 0.465
2026-06-11T08:49:27.700Z DEBUG classify: cache hit for scan.tiff
2026-06-11T08:49:28.658Z INFO  schema: job job-241 completed in 992ms
2026-06-11T08:49:29.178Z ERROR auth: failed to parse scan.tiff: unexpected token at byte 572
2026-06-11T08:49:30.184Z DEBUG loader: code-split chunk xlsx-viewer loaded in 434ms
2026-06-11T08:49:30.248Z ERROR router: render aborted for page 461 (cancelled)
2026-06-11T08:49:30.532Z INFO  loader: detected category=image for contract.docx
2026-06-11T08:49:31.434Z INFO  csv-viewer: sheet 5 flattened (55742 rows)
2026-06-11T08:49:32.322Z DEBUG schema: decoded bitmap 437 in 2207ms
2026-06-11T08:49:32.946Z DEBUG storage: worker boundary clone 2695KB
2026-06-11T08:49:33.806Z DEBUG classify: decoded bitmap 467 in 1742ms
2026-06-11T08:49:34.996Z DEBUG storage: cache hit for report.pdf
2026-06-11T08:49:36.436Z DEBUG pdf-viewer: decoded bitmap 361 in 601ms
2026-06-11T08:49:37.122Z DEBUG metrics: cache hit for scan.tiff
2026-06-11T08:49:37.653Z INFO  split:consensus: consensus reached on 12 voters
2026-06-11T08:49:37.963Z WARN  metrics: bitmap LRU at capacity (8), evicting page@202
2026-06-11T08:49:38.880Z DEBUG metrics: virtualizer window [262,568] of 585
2026-06-11T08:49:39.384Z INFO  auth: job job-526 completed in 1707ms
2026-06-11T08:49:39.729Z INFO  schema: uploaded deck.pptx (1920KB)
2026-06-11T08:49:40.212Z DEBUG cache: scroll progress 0.809
2026-06-11T08:49:41.225Z INFO  storage: uploaded sales.csv (544KB)
2026-06-11T08:49:41.843Z ERROR metrics: worker job-547 crashed: OOM
2026-06-11T08:49:42.767Z WARN  storage: bitmap LRU at capacity (8), evicting page@479
2026-06-11T08:49:43.619Z WARN  pdf-viewer: slow render 2395ms for page 367
2026-06-11T08:49:43.935Z INFO  router: uploaded notes.md (1488KB)
2026-06-11T08:49:45.191Z INFO  loader: consensus reached on 11 voters
2026-06-11T08:49:45.878Z INFO  csv-viewer: job job-756 completed in 17ms
2026-06-11T08:49:46.346Z ERROR split:consensus: failed to parse financials.xlsx: unexpected token at byte 575
2026-06-11T08:49:47.667Z DEBUG router: worker boundary clone 2993KB
2026-06-11T08:49:47.971Z DEBUG loader: worker boundary clone 2875KB
2026-06-11T08:49:48.325Z WARN  schema: memory pressure: 1812KB resident
2026-06-11T08:49:49.356Z WARN  schema: retrying notes.md (attempt 4)
2026-06-11T08:49:50.447Z INFO  metrics: uploaded scan.tiff (15KB)
2026-06-11T08:49:50.880Z INFO  file-viewer: uploaded report.pdf (963KB)
2026-06-11T08:49:50.968Z ERROR metrics: timeout fetching scan.tiff after 2338ms
2026-06-11T08:49:52.167Z DEBUG file-viewer: worker boundary clone 1436KB
2026-06-11T08:49:53.485Z DEBUG router: decoded bitmap 420 in 292ms
2026-06-11T08:49:53.540Z INFO  cache: extraction emitted 6 fields
2026-06-11T08:49:53.788Z DEBUG router: cache hit for sales.csv
2026-06-11T08:49:54.752Z INFO  pdf-viewer: detected category=xlsx for notes.md
2026-06-11T08:49:55.158Z DEBUG auth: virtualizer window [372,563] of 585
2026-06-11T08:49:56.074Z ERROR metrics: worker job-665 crashed: OOM
2026-06-11T08:49:56.541Z INFO  xlsx-viewer:worker: rendered page 111/585
2026-06-11T08:49:57.716Z WARN  file-viewer: memory pressure: 2075KB resident
2026-06-11T08:49:58.781Z WARN  loader: slow render 2091ms for page 281
2026-06-11T08:49:59.217Z WARN  xlsx-viewer:worker: retrying deck.pptx (attempt 9)
2026-06-11T08:50:00.520Z INFO  router: extraction emitted 4 fields
2026-06-11T08:50:00.865Z INFO  xlsx-viewer:worker: consensus reached on 12 voters
2026-06-11T08:50:01.796Z ERROR classify: render aborted for page 295 (cancelled)
2026-06-11T08:50:02.223Z INFO  storage: request r8512 accepted
2026-06-11T08:50:03.333Z DEBUG metrics: decoded bitmap 371 in 1183ms
2026-06-11T08:50:03.652Z ERROR loader: timeout fetching deck.pptx after 2151ms
2026-06-11T08:50:04.254Z INFO  classify: extraction emitted 7 fields
2026-06-11T08:50:04.710Z INFO  pdf-viewer: detected category=pdf for report.pdf
2026-06-11T08:50:05.930Z INFO  csv-viewer: detected category=pdf for financials.xlsx
2026-06-11T08:50:06.286Z DEBUG classify: code-split chunk schema-builder loaded in 447ms
2026-06-11T08:50:06.667Z INFO  split:consensus: sheet 6 flattened (15507 rows)
2026-06-11T08:50:06.771Z INFO  xlsx-viewer:worker: request r2434 accepted
2026-06-11T08:50:07.765Z DEBUG cache: virtualizer window [238,561] of 585
2026-06-11T08:50:08.607Z INFO  auth: uploaded notes.md (1989KB)
2026-06-11T08:50:08.759Z DEBUG storage: scroll progress 0.908
2026-06-11T08:50:09.059Z WARN  extract: bitmap LRU at capacity (8), evicting page@132
2026-06-11T08:50:10.421Z INFO  split:consensus: extraction emitted 4 fields
2026-06-11T08:50:11.019Z INFO  classify: request r9404 accepted
2026-06-11T08:50:11.060Z INFO  cache: consensus reached on 5 voters
2026-06-11T08:50:12.457Z DEBUG schema: decoded bitmap 512 in 973ms
2026-06-11T08:50:12.522Z INFO  pdf-viewer: sheet 4 flattened (42822 rows)
2026-06-11T08:50:13.026Z INFO  loader: extraction emitted 4 fields
2026-06-11T08:50:14.192Z INFO  auth: sheet 12 flattened (13138 rows)
2026-06-11T08:50:15.033Z INFO  metrics: consensus reached on 12 voters
2026-06-11T08:50:16.292Z DEBUG auth: cache hit for financials.xlsx
2026-06-11T08:50:17.443Z INFO  pdf-viewer: job job-646 completed in 2213ms
2026-06-11T08:50:18.732Z INFO  metrics: consensus reached on 7 voters
2026-06-11T08:50:20.180Z INFO  classify: uploaded sales.csv (4395KB)
2026-06-11T08:50:21.170Z DEBUG auth: cache hit for deck.pptx
2026-06-11T08:50:22.117Z INFO  split:consensus: sheet 7 flattened (50380 rows)
2026-06-11T08:50:23.259Z ERROR extract: render aborted for page 239 (cancelled)
2026-06-11T08:50:23.980Z INFO  router: request r4404 accepted
2026-06-11T08:50:24.611Z INFO  metrics: job job-418 completed in 275ms
2026-06-11T08:50:26.032Z INFO  classify: job job-266 completed in 1782ms
2026-06-11T08:50:26.934Z WARN  schema: memory pressure: 4219KB resident
2026-06-11T08:50:28.162Z ERROR split:consensus: worker job-824 crashed: OOM
2026-06-11T08:50:28.396Z INFO  pdf-viewer: uploaded report.pdf (2560KB)
2026-06-11T08:50:29.397Z INFO  auth: request r2829 accepted
2026-06-11T08:50:30.437Z INFO  router: extraction emitted 12 fields
2026-06-11T08:50:31.031Z INFO  metrics: job job-290 completed in 1893ms
2026-06-11T08:50:32.207Z WARN  pdf-viewer: bitmap LRU at capacity (8), evicting page@337
2026-06-11T08:50:33.384Z INFO  router: request r6545 accepted
2026-06-11T08:50:34.453Z DEBUG csv-viewer: code-split chunk xlsx-viewer loaded in 819ms
2026-06-11T08:50:34.487Z DEBUG classify: virtualizer window [504,581] of 585
2026-06-11T08:50:34.949Z ERROR file-viewer: render aborted for page 113 (cancelled)
2026-06-11T08:50:35.434Z DEBUG extract: virtualizer window [208,565] of 585
2026-06-11T08:50:35.485Z ERROR csv-viewer: timeout fetching report.pdf after 1544ms
2026-06-11T08:50:35.999Z INFO  router: extraction emitted 4 fields
2026-06-11T08:50:37.483Z INFO  storage: uploaded sales.csv (3805KB)
2026-06-11T08:50:38.048Z INFO  metrics: uploaded scan.tiff (4257KB)
2026-06-11T08:50:39.483Z ERROR schema: failed to parse scan.tiff: unexpected token at byte 570
2026-06-11T08:50:39.780Z DEBUG xlsx-viewer:worker: code-split chunk image-viewer loaded in 2296ms
2026-06-11T08:50:40.706Z WARN  xlsx-viewer:worker: memory pressure: 3909KB resident
2026-06-11T08:50:41.801Z ERROR storage: failed to parse contract.docx: unexpected token at byte 583
2026-06-11T08:50:42.101Z INFO  extract: consensus reached on 7 voters
2026-06-11T08:50:43.289Z WARN  split:consensus: memory pressure: 3600KB resident
2026-06-11T08:50:43.814Z ERROR loader: render aborted for page 22 (cancelled)
2026-06-11T08:50:44.052Z INFO  xlsx-viewer:worker: sheet 12 flattened (54958 rows)
2026-06-11T08:50:45.474Z WARN  auth: retrying financials.xlsx (attempt 7)
2026-06-11T08:50:45.523Z DEBUG file-viewer: code-split chunk docx-viewer loaded in 937ms
2026-06-11T08:50:45.769Z DEBUG file-viewer: virtualizer window [100,565] of 585
2026-06-11T08:50:47.153Z ERROR schema: failed to parse financials.xlsx: unexpected token at byte 561
2026-06-11T08:50:47.270Z INFO  file-viewer: job job-783 completed in 701ms
2026-06-11T08:50:48.347Z INFO  csv-viewer: uploaded deck.pptx (1550KB)
2026-06-11T08:50:49.017Z ERROR schema: failed to parse contract.docx: unexpected token at byte 582
2026-06-11T08:50:49.814Z DEBUG auth: cache hit for scan.tiff
2026-06-11T08:50:50.381Z DEBUG auth: cache hit for financials.xlsx
2026-06-11T08:50:51.201Z INFO  auth: sheet 10 flattened (58602 rows)
2026-06-11T08:50:51.536Z INFO  metrics: rendered page 289/585
2026-06-11T08:50:52.274Z INFO  router: extraction emitted 2 fields
2026-06-11T08:50:53.611Z INFO  auth: extraction emitted 6 fields
2026-06-11T08:50:54.495Z ERROR auth: failed to parse scan.tiff: unexpected token at byte 561
2026-06-11T08:50:55.899Z INFO  auth: consensus reached on 2 voters
2026-06-11T08:50:57.151Z WARN  extract: retrying deck.pptx (attempt 12)
2026-06-11T08:50:57.958Z INFO  auth: consensus reached on 6 voters
2026-06-11T08:50:59.121Z ERROR file-viewer: timeout fetching contract.docx after 76ms
2026-06-11T08:50:59.557Z DEBUG file-viewer: code-split chunk pptx-viewer loaded in 782ms
2026-06-11T08:51:00.040Z INFO  router: sheet 5 flattened (14583 rows)
2026-06-11T08:51:01.010Z WARN  schema: bitmap LRU at capacity (8), evicting page@461
2026-06-11T08:51:01.650Z INFO  file-viewer: job job-314 completed in 1009ms
2026-06-11T08:51:01.895Z INFO  file-viewer: sheet 1 flattened (48089 rows)
2026-06-11T08:51:01.919Z INFO  schema: rendered page 24/585
2026-06-11T08:51:03.260Z INFO  file-viewer: consensus reached on 10 voters
2026-06-11T08:51:04.068Z INFO  file-viewer: consensus reached on 11 voters
2026-06-11T08:51:04.815Z ERROR cache: render aborted for page 37 (cancelled)
2026-06-11T08:51:05.512Z DEBUG cache: code-split chunk pdf-viewer loaded in 209ms
2026-06-11T08:51:05.807Z INFO  extract: request r1314 accepted
2026-06-11T08:51:07.216Z INFO  loader: consensus reached on 3 voters
2026-06-11T08:51:08.686Z INFO  csv-viewer: rendered page 184/585
2026-06-11T08:51:09.246Z INFO  file-viewer: job job-111 completed in 165ms
2026-06-11T08:51:10.380Z ERROR loader: render aborted for page 123 (cancelled)
2026-06-11T08:51:10.973Z INFO  schema: rendered page 31/585
2026-06-11T08:51:12.225Z INFO  auth: consensus reached on 11 voters
2026-06-11T08:51:13.654Z ERROR metrics: worker job-620 crashed: OOM
2026-06-11T08:51:13.991Z ERROR pdf-viewer: worker job-677 crashed: OOM
2026-06-11T08:51:14.795Z DEBUG cache: code-split chunk docx-viewer loaded in 1395ms
2026-06-11T08:51:14.920Z DEBUG cache: worker boundary clone 3745KB
2026-06-11T08:51:14.976Z DEBUG csv-viewer: scroll progress 0.187
2026-06-11T08:51:16.135Z DEBUG cache: scroll progress 0.533
2026-06-11T08:51:17.529Z INFO  router: rendered page 231/585
2026-06-11T08:51:18.442Z WARN  file-viewer: slow render 2136ms for page 122
2026-06-11T08:51:19.037Z DEBUG storage: virtualizer window [516,560] of 585
2026-06-11T08:51:20.184Z INFO  file-viewer: detected category=pdf for scan.tiff
2026-06-11T08:51:21.628Z INFO  storage: extraction emitted 12 fields
2026-06-11T08:51:22.465Z ERROR classify: failed to parse scan.tiff: unexpected token at byte 585
2026-06-11T08:51:23.758Z INFO  xlsx-viewer:worker: rendered page 64/585
2026-06-11T08:51:24.052Z ERROR cache: render aborted for page 585 (cancelled)
2026-06-11T08:51:25.249Z WARN  pdf-viewer: retrying financials.xlsx (attempt 9)
2026-06-11T08:51:26.705Z DEBUG auth: code-split chunk image-viewer loaded in 1241ms
2026-06-11T08:51:27.878Z INFO  loader: sheet 2 flattened (62620 rows)
2026-06-11T08:51:29.085Z DEBUG classify: code-split chunk schema-builder loaded in 1715ms
2026-06-11T08:51:30.256Z DEBUG file-viewer: scroll progress 0.54
2026-06-11T08:51:31.567Z DEBUG csv-viewer: virtualizer window [449,578] of 585
2026-06-11T08:51:32.436Z DEBUG metrics: scroll progress 0.555
2026-06-11T08:51:33.545Z INFO  cache: rendered page 481/585
2026-06-11T08:51:34.584Z INFO  pdf-viewer: consensus reached on 12 voters
2026-06-11T08:51:35.215Z DEBUG metrics: cache hit for sales.csv
2026-06-11T08:51:35.923Z DEBUG cache: decoded bitmap 76 in 1677ms
2026-06-11T08:51:36.372Z INFO  storage: extraction emitted 12 fields
2026-06-11T08:51:37.300Z DEBUG xlsx-viewer:worker: scroll progress 0.034
2026-06-11T08:51:38.720Z ERROR schema: render aborted for page 376 (cancelled)
2026-06-11T08:51:40.090Z DEBUG pdf-viewer: code-split chunk pptx-viewer loaded in 573ms
2026-06-11T08:51:41.527Z DEBUG loader: worker boundary clone 99KB
2026-06-11T08:51:41.594Z WARN  schema: bitmap LRU at capacity (8), evicting page@520
2026-06-11T08:51:42.288Z DEBUG loader: code-split chunk pptx-viewer loaded in 1399ms
2026-06-11T08:51:43.280Z DEBUG cache: cache hit for notes.md
2026-06-11T08:51:43.669Z INFO  storage: uploaded sales.csv (1149KB)
2026-06-11T08:51:43.829Z DEBUG cache: decoded bitmap 478 in 1398ms
2026-06-11T08:51:44.040Z WARN  router: slow render 2311ms for page 528
2026-06-11T08:51:44.727Z INFO  classify: uploaded report.pdf (691KB)
2026-06-11T08:51:44.971Z DEBUG split:consensus: virtualizer window [550,581] of 585
2026-06-11T08:51:46.252Z WARN  storage: bitmap LRU at capacity (8), evicting page@469
2026-06-11T08:51:46.950Z INFO  csv-viewer: detected category=xlsx for scan.tiff
2026-06-11T08:51:47.905Z DEBUG storage: code-split chunk pdf-viewer loaded in 1021ms
2026-06-11T08:51:48.960Z INFO  schema: request r6095 accepted
2026-06-11T08:51:49.109Z DEBUG file-viewer: code-split chunk pptx-viewer loaded in 1566ms
2026-06-11T08:51:49.420Z INFO  split:consensus: detected category=image for report.pdf
2026-06-11T08:51:49.688Z ERROR cache: timeout fetching deck.pptx after 410ms
2026-06-11T08:51:49.910Z INFO  metrics: detected category=pptx for scan.tiff
2026-06-11T08:51:50.412Z INFO  file-viewer: sheet 1 flattened (48987 rows)
2026-06-11T08:51:51.481Z DEBUG pdf-viewer: decoded bitmap 245 in 2215ms
2026-06-11T08:51:51.678Z WARN  cache: bitmap LRU at capacity (8), evicting page@466
2026-06-11T08:51:52.771Z INFO  storage: sheet 10 flattened (36699 rows)
2026-06-11T08:51:53.766Z INFO  cache: rendered page 179/585
2026-06-11T08:51:54.423Z WARN  file-viewer: bitmap LRU at capacity (8), evicting page@518
2026-06-11T08:51:55.734Z WARN  storage: memory pressure: 1327KB resident
2026-06-11T08:51:57.061Z DEBUG xlsx-viewer:worker: scroll progress 0.618
2026-06-11T08:51:58.151Z INFO  schema: job job-551 completed in 231ms
2026-06-11T08:51:58.234Z INFO  csv-viewer: job job-770 completed in 2042ms
2026-06-11T08:51:58.964Z WARN  split:consensus: retrying notes.md (attempt 7)
2026-06-11T08:52:00.066Z INFO  pdf-viewer: sheet 2 flattened (6912 rows)
2026-06-11T08:52:00.816Z WARN  loader: bitmap LRU at capacity (8), evicting page@170
2026-06-11T08:52:01.488Z INFO  cache: sheet 9 flattened (19705 rows)
2026-06-11T08:52:01.895Z INFO  csv-viewer: consensus reached on 9 voters
2026-06-11T08:52:03.310Z WARN  split:consensus: retrying scan.tiff (attempt 3)
2026-06-11T08:52:03.778Z INFO  extract: consensus reached on 8 voters
2026-06-11T08:52:05.191Z WARN  schema: slow render 844ms for page 34
2026-06-11T08:52:05.807Z INFO  file-viewer: rendered page 572/585
2026-06-11T08:52:06.915Z DEBUG extract: code-split chunk xlsx-viewer loaded in 2262ms
2026-06-11T08:52:07.236Z ERROR file-viewer: timeout fetching financials.xlsx after 2024ms
2026-06-11T08:52:07.626Z DEBUG pdf-viewer: virtualizer window [449,564] of 585
2026-06-11T08:52:07.831Z DEBUG file-viewer: scroll progress 0.826
2026-06-11T08:52:08.320Z INFO  extract: job job-674 completed in 1189ms
2026-06-11T08:52:08.818Z INFO  schema: consensus reached on 2 voters
2026-06-11T08:52:09.551Z INFO  xlsx-viewer:worker: job job-846 completed in 541ms
2026-06-11T08:52:10.492Z DEBUG auth: cache hit for report.pdf
2026-06-11T08:52:10.931Z DEBUG loader: virtualizer window [252,562] of 585
2026-06-11T08:52:11.655Z WARN  pdf-viewer: memory pressure: 421KB resident
2026-06-11T08:52:12.516Z INFO  storage: detected category=image for sales.csv
2026-06-11T08:52:13.313Z INFO  file-viewer: extraction emitted 6 fields
2026-06-11T08:52:13.651Z ERROR split:consensus: timeout fetching deck.pptx after 2014ms
2026-06-11T08:52:14.107Z WARN  loader: bitmap LRU at capacity (8), evicting page@240
2026-06-11T08:52:14.152Z DEBUG classify: worker boundary clone 3459KB
2026-06-11T08:52:14.332Z DEBUG xlsx-viewer:worker: virtualizer window [328,571] of 585
2026-06-11T08:52:15.083Z INFO  router: rendered page 46/585
2026-06-11T08:52:16.445Z ERROR split:consensus: failed to parse sales.csv: unexpected token at byte 572
2026-06-11T08:52:17.429Z DEBUG metrics: scroll progress 0.314
2026-06-11T08:52:18.749Z INFO  schema: extraction emitted 12 fields
2026-06-11T08:52:19.513Z DEBUG router: code-split chunk image-viewer loaded in 1554ms
2026-06-11T08:52:19.666Z INFO  metrics: uploaded sales.csv (4009KB)
2026-06-11T08:52:21.165Z INFO  schema: job job-710 completed in 1299ms
2026-06-11T08:52:21.471Z DEBUG extract: code-split chunk xlsx-viewer loaded in 723ms
2026-06-11T08:52:22.150Z ERROR file-viewer: render aborted for page 292 (cancelled)
2026-06-11T08:52:22.573Z DEBUG pdf-viewer: scroll progress 0.694
2026-06-11T08:52:22.969Z INFO  metrics: consensus reached on 8 voters
2026-06-11T08:52:24.124Z ERROR split:consensus: failed to parse scan.tiff: unexpected token at byte 571
2026-06-11T08:52:24.668Z DEBUG pdf-viewer: worker boundary clone 4235KB
2026-06-11T08:52:25.209Z WARN  metrics: retrying financials.xlsx (attempt 4)
2026-06-11T08:52:25.996Z ERROR schema: failed to parse sales.csv: unexpected token at byte 584
2026-06-11T08:52:27.047Z INFO  xlsx-viewer:worker: job job-907 completed in 147ms
2026-06-11T08:52:27.776Z WARN  loader: retrying report.pdf (attempt 4)
2026-06-11T08:52:28.344Z ERROR extract: timeout fetching contract.docx after 944ms
2026-06-11T08:52:29.581Z DEBUG file-viewer: scroll progress 0.783
2026-06-11T08:52:30.327Z INFO  metrics: consensus reached on 4 voters
2026-06-11T08:52:31.557Z INFO  auth: rendered page 306/585
2026-06-11T08:52:32.060Z DEBUG cache: scroll progress 0.04
2026-06-11T08:52:32.882Z INFO  storage: detected category=text for report.pdf
2026-06-11T08:52:33.291Z DEBUG router: decoded bitmap 312 in 343ms
2026-06-11T08:52:33.902Z ERROR pdf-viewer: worker job-605 crashed: OOM
2026-06-11T08:52:34.945Z DEBUG csv-viewer: code-split chunk pdf-viewer loaded in 2172ms
2026-06-11T08:52:35.492Z INFO  storage: detected category=xlsx for notes.md
2026-06-11T08:52:35.530Z WARN  csv-viewer: retrying contract.docx (attempt 2)
2026-06-11T08:52:35.572Z INFO  schema: sheet 5 flattened (31440 rows)
2026-06-11T08:52:35.714Z WARN  extract: slow render 2077ms for page 301
2026-06-11T08:52:36.227Z INFO  csv-viewer: consensus reached on 5 voters
2026-06-11T08:52:37.432Z INFO  loader: job job-861 completed in 33ms
2026-06-11T08:52:37.679Z DEBUG storage: virtualizer window [347,570] of 585
2026-06-11T08:52:37.859Z DEBUG xlsx-viewer:worker: worker boundary clone 2466KB
2026-06-11T08:52:38.481Z INFO  csv-viewer: uploaded report.pdf (4268KB)
2026-06-11T08:52:39.488Z DEBUG cache: decoded bitmap 176 in 218ms
2026-06-11T08:52:40.343Z DEBUG loader: scroll progress 0.216
2026-06-11T08:52:41.248Z INFO  auth: request r6811 accepted
2026-06-11T08:52:42.276Z ERROR classify: worker job-661 crashed: OOM
2026-06-11T08:52:42.660Z DEBUG extract: scroll progress 0.448
2026-06-11T08:52:43.909Z INFO  csv-viewer: extraction emitted 5 fields
2026-06-11T08:52:44.254Z DEBUG classify: worker boundary clone 1107KB
2026-06-11T08:52:45.065Z INFO  router: sheet 9 flattened (38345 rows)
2026-06-11T08:52:46.414Z INFO  extract: sheet 10 flattened (69665 rows)
2026-06-11T08:52:46.697Z DEBUG schema: decoded bitmap 245 in 1357ms
2026-06-11T08:52:48.167Z ERROR auth: failed to parse financials.xlsx: unexpected token at byte 565
2026-06-11T08:52:48.439Z DEBUG pdf-viewer: scroll progress 0.892
2026-06-11T08:52:48.788Z DEBUG xlsx-viewer:worker: cache hit for notes.md
2026-06-11T08:52:50.248Z DEBUG extract: worker boundary clone 4082KB
2026-06-11T08:52:50.289Z INFO  loader: extraction emitted 8 fields
2026-06-11T08:52:51.138Z INFO  cache: uploaded sales.csv (1686KB)
2026-06-11T08:52:51.549Z INFO  auth: request r9895 accepted
2026-06-11T08:52:51.665Z INFO  loader: detected category=image for report.pdf
2026-06-11T08:52:52.514Z DEBUG cache: virtualizer window [289,563] of 585
2026-06-11T08:52:53.325Z WARN  csv-viewer: memory pressure: 1918KB resident
2026-06-11T08:52:54.443Z INFO  xlsx-viewer:worker: sheet 4 flattened (44299 rows)
2026-06-11T08:52:55.893Z INFO  loader: consensus reached on 2 voters
2026-06-11T08:52:56.623Z DEBUG storage: scroll progress 0.16
2026-06-11T08:52:57.757Z DEBUG cache: code-split chunk pptx-viewer loaded in 1687ms
2026-06-11T08:52:58.914Z INFO  router: detected category=pptx for sales.csv
2026-06-11T08:52:59.361Z DEBUG pdf-viewer: worker boundary clone 2587KB
2026-06-11T08:53:00.333Z INFO  classify: extraction emitted 4 fields
2026-06-11T08:53:01.387Z DEBUG extract: virtualizer window [197,563] of 585
2026-06-11T08:53:02.341Z ERROR csv-viewer: render aborted for page 554 (cancelled)
2026-06-11T08:53:03.722Z ERROR storage: timeout fetching scan.tiff after 2268ms
2026-06-11T08:53:04.480Z INFO  file-viewer: detected category=xlsx for notes.md
2026-06-11T08:53:05.314Z INFO  cache: request r4608 accepted
2026-06-11T08:53:06.005Z INFO  csv-viewer: sheet 10 flattened (42727 rows)
2026-06-11T08:53:06.666Z DEBUG auth: code-split chunk pdf-viewer loaded in 2384ms
2026-06-11T08:53:07.693Z INFO  file-viewer: extraction emitted 2 fields
2026-06-11T08:53:08.929Z INFO  storage: sheet 6 flattened (48175 rows)
2026-06-11T08:53:09.198Z ERROR csv-viewer: timeout fetching report.pdf after 113ms
2026-06-11T08:53:10.146Z DEBUG storage: scroll progress 0.405
2026-06-11T08:53:10.515Z DEBUG schema: code-split chunk pptx-viewer loaded in 683ms
2026-06-11T08:53:11.880Z INFO  classify: job job-354 completed in 1045ms
2026-06-11T08:53:12.781Z DEBUG xlsx-viewer:worker: virtualizer window [96,574] of 585
2026-06-11T08:53:12.999Z INFO  classify: uploaded sales.csv (3005KB)
2026-06-11T08:53:13.122Z WARN  xlsx-viewer:worker: slow render 413ms for page 78
2026-06-11T08:53:13.592Z INFO  extract: rendered page 291/585
2026-06-11T08:53:13.943Z ERROR classify: timeout fetching deck.pptx after 1902ms
2026-06-11T08:53:14.090Z WARN  schema: bitmap LRU at capacity (8), evicting page@533
2026-06-11T08:53:14.367Z INFO  router: uploaded notes.md (4426KB)
2026-06-11T08:53:15.680Z INFO  auth: uploaded financials.xlsx (2766KB)
2026-06-11T08:53:15.708Z DEBUG storage: code-split chunk image-viewer loaded in 727ms
2026-06-11T08:53:15.793Z WARN  schema: memory pressure: 3643KB resident
2026-06-11T08:53:16.564Z WARN  metrics: slow render 2061ms for page 41
2026-06-11T08:53:16.685Z ERROR extract: failed to parse deck.pptx: unexpected token at byte 577
2026-06-11T08:53:17.202Z DEBUG router: cache hit for contract.docx
2026-06-11T08:53:18.487Z INFO  classify: sheet 6 flattened (47288 rows)
2026-06-11T08:53:18.620Z DEBUG auth: scroll progress 0.853
2026-06-11T08:53:19.307Z WARN  cache: retrying sales.csv (attempt 3)
2026-06-11T08:53:20.158Z DEBUG loader: worker boundary clone 3840KB
2026-06-11T08:53:20.380Z INFO  pdf-viewer: request r7561 accepted
2026-06-11T08:53:20.658Z WARN  loader: retrying sales.csv (attempt 10)
2026-06-11T08:53:20.934Z INFO  metrics: uploaded notes.md (4104KB)
2026-06-11T08:53:21.906Z INFO  cache: uploaded financials.xlsx (651KB)
2026-06-11T08:53:22.870Z DEBUG xlsx-viewer:worker: virtualizer window [503,574] of 585
2026-06-11T08:53:23.857Z DEBUG storage: worker boundary clone 3317KB
2026-06-11T08:53:24.874Z INFO  storage: uploaded report.pdf (2932KB)
2026-06-11T08:53:25.583Z DEBUG xlsx-viewer:worker: virtualizer window [353,565] of 585
2026-06-11T08:53:26.642Z INFO  extract: uploaded notes.md (2205KB)
2026-06-11T08:53:27.069Z INFO  metrics: consensus reached on 7 voters
2026-06-11T08:53:27.617Z ERROR cache: render aborted for page 46 (cancelled)
2026-06-11T08:53:28.264Z DEBUG auth: scroll progress 0.699
2026-06-11T08:53:29.385Z DEBUG auth: scroll progress 0.02
2026-06-11T08:53:30.491Z WARN  metrics: retrying deck.pptx (attempt 5)
2026-06-11T08:53:31.637Z DEBUG router: virtualizer window [342,565] of 585
2026-06-11T08:53:32.347Z INFO  split:consensus: uploaded notes.md (2734KB)
2026-06-11T08:53:32.995Z DEBUG schema: code-split chunk schema-builder loaded in 503ms
2026-06-11T08:53:33.922Z DEBUG schema: cache hit for deck.pptx
2026-06-11T08:53:34.679Z INFO  metrics: request r5587 accepted
2026-06-11T08:53:35.067Z INFO  schema: extraction emitted 4 fields
2026-06-11T08:53:36.042Z INFO  metrics: detected category=xlsx for sales.csv
2026-06-11T08:53:37.157Z WARN  metrics: bitmap LRU at capacity (8), evicting page@128
2026-06-11T08:53:38.561Z INFO  classify: job job-377 completed in 672ms
2026-06-11T08:53:38.723Z INFO  storage: consensus reached on 7 voters
2026-06-11T08:53:39.692Z INFO  router: consensus reached on 12 voters
2026-06-11T08:53:40.246Z INFO  metrics: sheet 2 flattened (34290 rows)
2026-06-11T08:53:40.839Z INFO  split:consensus: consensus reached on 8 voters
2026-06-11T08:53:40.910Z DEBUG metrics: decoded bitmap 465 in 493ms
2026-06-11T08:53:41.507Z INFO  csv-viewer: detected category=image for sales.csv
2026-06-11T08:53:42.971Z INFO  split:consensus: rendered page 133/585
2026-06-11T08:53:43.979Z DEBUG classify: code-split chunk docx-viewer loaded in 1353ms
2026-06-11T08:53:44.986Z ERROR split:consensus: timeout fetching deck.pptx after 565ms
2026-06-11T08:53:45.184Z ERROR csv-viewer: worker job-172 crashed: OOM
2026-06-11T08:53:46.070Z INFO  pdf-viewer: job job-126 completed in 114ms
2026-06-11T08:53:47.417Z WARN  auth: retrying scan.tiff (attempt 5)
2026-06-11T08:53:48.545Z DEBUG xlsx-viewer:worker: worker boundary clone 2109KB
2026-06-11T08:53:49.059Z WARN  cache: slow render 2090ms for page 241
2026-06-11T08:53:49.485Z INFO  extract: consensus reached on 3 voters
2026-06-11T08:53:50.577Z INFO  pdf-viewer: detected category=image for notes.md
2026-06-11T08:53:51.423Z INFO  auth: rendered page 113/585
2026-06-11T08:53:51.855Z INFO  loader: consensus reached on 3 voters
2026-06-11T08:53:52.604Z DEBUG xlsx-viewer:worker: cache hit for sales.csv
2026-06-11T08:53:53.168Z WARN  classify: slow render 239ms for page 345
2026-06-11T08:53:54.338Z INFO  router: detected category=pdf for deck.pptx
2026-06-11T08:53:55.067Z INFO  router: sheet 1 flattened (3957 rows)
2026-06-11T08:53:56.120Z DEBUG cache: cache hit for contract.docx
2026-06-11T08:53:57.253Z ERROR split:consensus: render aborted for page 153 (cancelled)
2026-06-11T08:53:57.277Z DEBUG router: worker boundary clone 3487KB
2026-06-11T08:53:58.563Z INFO  xlsx-viewer:worker: job job-472 completed in 2360ms
2026-06-11T08:53:59.213Z INFO  storage: request r3052 accepted
2026-06-11T08:54:00.124Z INFO  classify: detected category=pdf for notes.md
2026-06-11T08:54:00.678Z INFO  split:consensus: rendered page 178/585
2026-06-11T08:54:00.721Z DEBUG file-viewer: scroll progress 0.678
2026-06-11T08:54:00.851Z DEBUG xlsx-viewer:worker: code-split chunk image-viewer loaded in 152ms
2026-06-11T08:54:01.305Z INFO  pdf-viewer: detected category=text for contract.docx
2026-06-11T08:54:01.584Z INFO  metrics: uploaded scan.tiff (2538KB)
2026-06-11T08:54:02.991Z INFO  csv-viewer: job job-590 completed in 1370ms
2026-06-11T08:54:03.178Z INFO  loader: sheet 10 flattened (14301 rows)
2026-06-11T08:54:04.350Z INFO  metrics: job job-639 completed in 353ms
2026-06-11T08:54:05.028Z DEBUG file-viewer: worker boundary clone 1894KB
2026-06-11T08:54:05.558Z INFO  pdf-viewer: extraction emitted 8 fields
2026-06-11T08:54:05.640Z INFO  pdf-viewer: uploaded scan.tiff (2020KB)
2026-06-11T08:54:06.329Z ERROR split:consensus: timeout fetching sales.csv after 216ms
2026-06-11T08:54:06.526Z INFO  split:consensus: request r2704 accepted
2026-06-11T08:54:07.816Z INFO  metrics: job job-447 completed in 468ms
2026-06-11T08:54:08.183Z INFO  schema: request r5578 accepted
2026-06-11T08:54:09.013Z ERROR schema: failed to parse contract.docx: unexpected token at byte 579
2026-06-11T08:54:09.783Z WARN  router: slow render 2350ms for page 441
2026-06-11T08:54:10.555Z ERROR split:consensus: failed to parse scan.tiff: unexpected token at byte 583
2026-06-11T08:54:11.896Z ERROR pdf-viewer: render aborted for page 356 (cancelled)
2026-06-11T08:54:13.224Z WARN  storage: retrying scan.tiff (attempt 11)
2026-06-11T08:54:13.313Z WARN  schema: retrying report.pdf (attempt 6)
2026-06-11T08:54:14.570Z WARN  metrics: slow render 2150ms for page 83
2026-06-11T08:54:14.648Z DEBUG file-viewer: code-split chunk image-viewer loaded in 665ms
2026-06-11T08:54:15.942Z INFO  storage: rendered page 192/585
2026-06-11T08:54:16.016Z INFO  schema: detected category=pdf for deck.pptx
2026-06-11T08:54:16.470Z WARN  pdf-viewer: bitmap LRU at capacity (8), evicting page@379
2026-06-11T08:54:17.564Z DEBUG xlsx-viewer:worker: scroll progress 0.913
2026-06-11T08:54:18.790Z DEBUG storage: worker boundary clone 1969KB
2026-06-11T08:54:19.913Z INFO  storage: job job-595 completed in 2254ms
2026-06-11T08:54:21.311Z INFO  file-viewer: consensus reached on 9 voters
2026-06-11T08:54:22.543Z WARN  split:consensus: retrying sales.csv (attempt 9)
2026-06-11T08:54:23.599Z WARN  classify: bitmap LRU at capacity (8), evicting page@373
2026-06-11T08:54:24.723Z DEBUG classify: code-split chunk image-viewer loaded in 1228ms
2026-06-11T08:54:25.244Z DEBUG schema: decoded bitmap 484 in 2400ms
2026-06-11T08:54:25.553Z INFO  router: extraction emitted 7 fields
2026-06-11T08:54:25.986Z DEBUG split:consensus: worker boundary clone 910KB
2026-06-11T08:54:27.027Z INFO  metrics: job job-501 completed in 375ms
2026-06-11T08:54:27.114Z INFO  file-viewer: sheet 11 flattened (81267 rows)
2026-06-11T08:54:27.910Z DEBUG cache: code-split chunk pptx-viewer loaded in 629ms
2026-06-11T08:54:29.199Z INFO  pdf-viewer: uploaded report.pdf (1350KB)
2026-06-11T08:54:29.727Z DEBUG loader: worker boundary clone 1944KB
2026-06-11T08:54:30.327Z DEBUG auth: code-split chunk pptx-viewer loaded in 951ms
2026-06-11T08:54:31.663Z DEBUG storage: decoded bitmap 412 in 328ms
2026-06-11T08:54:32.489Z INFO  auth: consensus reached on 6 voters
2026-06-11T08:54:33.142Z INFO  classify: extraction emitted 5 fields
2026-06-11T08:54:33.228Z ERROR cache: worker job-765 crashed: OOM
2026-06-11T08:54:34.699Z INFO  cache: detected category=xlsx for notes.md
2026-06-11T08:54:35.442Z INFO  xlsx-viewer:worker: job job-839 completed in 101ms
2026-06-11T08:54:36.297Z ERROR split:consensus: render aborted for page 140 (cancelled)
2026-06-11T08:54:36.909Z INFO  auth: sheet 4 flattened (22648 rows)
2026-06-11T08:54:38.190Z INFO  router: uploaded sales.csv (687KB)
2026-06-11T08:54:38.425Z INFO  pdf-viewer: rendered page 304/585
2026-06-11T08:54:39.084Z DEBUG extract: virtualizer window [301,566] of 585
2026-06-11T08:54:39.833Z INFO  classify: extraction emitted 2 fields
2026-06-11T08:54:40.533Z DEBUG file-viewer: decoded bitmap 246 in 1038ms
2026-06-11T08:54:41.851Z DEBUG file-viewer: scroll progress 0.911
2026-06-11T08:54:43.056Z INFO  classify: job job-592 completed in 1309ms
2026-06-11T08:54:44.507Z ERROR loader: render aborted for page 183 (cancelled)
2026-06-11T08:54:44.631Z INFO  loader: sheet 10 flattened (41593 rows)
2026-06-11T08:54:44.956Z INFO  router: extraction emitted 4 fields
2026-06-11T08:54:45.086Z DEBUG storage: scroll progress 0.806
2026-06-11T08:54:46.314Z INFO  loader: job job-412 completed in 2180ms
2026-06-11T08:54:47.365Z INFO  pdf-viewer: extraction emitted 5 fields
2026-06-11T08:54:48.340Z DEBUG extract: virtualizer window [184,583] of 585
2026-06-11T08:54:49.788Z INFO  auth: rendered page 211/585
2026-06-11T08:54:51.225Z INFO  metrics: rendered page 443/585
2026-06-11T08:54:52.218Z INFO  schema: job job-400 completed in 2169ms
2026-06-11T08:54:52.302Z INFO  metrics: extraction emitted 3 fields
2026-06-11T08:54:53.260Z INFO  loader: request r4179 accepted
2026-06-11T08:54:54.429Z ERROR pdf-viewer: timeout fetching deck.pptx after 901ms
2026-06-11T08:54:55.580Z DEBUG schema: code-split chunk xlsx-viewer loaded in 1929ms
2026-06-11T08:54:57.024Z DEBUG loader: code-split chunk pdf-viewer loaded in 849ms
2026-06-11T08:54:58.466Z WARN  loader: memory pressure: 2296KB resident
2026-06-11T08:54:59.479Z DEBUG extract: cache hit for financials.xlsx
2026-06-11T08:55:00.277Z INFO  extract: extraction emitted 10 fields
2026-06-11T08:55:00.718Z INFO  metrics: job job-242 completed in 1955ms
2026-06-11T08:55:01.939Z INFO  loader: request r7855 accepted
2026-06-11T08:55:03.018Z WARN  classify: memory pressure: 1599KB resident
2026-06-11T08:55:03.152Z INFO  metrics: detected category=text for scan.tiff
2026-06-11T08:55:03.567Z DEBUG xlsx-viewer:worker: code-split chunk schema-builder loaded in 2067ms
2026-06-11T08:55:04.349Z INFO  loader: request r3924 accepted
2026-06-11T08:55:05.337Z INFO  metrics: uploaded contract.docx (3672KB)
2026-06-11T08:55:06.213Z DEBUG split:consensus: scroll progress 0.741
2026-06-11T08:55:07.602Z INFO  loader: job job-565 completed in 34ms
2026-06-11T08:55:09.018Z DEBUG storage: cache hit for scan.tiff
2026-06-11T08:55:09.590Z INFO  classify: sheet 4 flattened (42794 rows)
2026-06-11T08:55:10.977Z INFO  storage: consensus reached on 6 voters
2026-06-11T08:55:11.120Z WARN  schema: retrying deck.pptx (attempt 5)
2026-06-11T08:55:11.666Z DEBUG router: virtualizer window [288,575] of 585
2026-06-11T08:55:12.645Z DEBUG pdf-viewer: worker boundary clone 2590KB
2026-06-11T08:55:13.768Z INFO  pdf-viewer: extraction emitted 4 fields
2026-06-11T08:55:14.687Z ERROR auth: render aborted for page 580 (cancelled)
2026-06-11T08:55:15.702Z DEBUG cache: scroll progress 0.189
2026-06-11T08:55:16.008Z DEBUG auth: scroll progress 0.413
2026-06-11T08:55:17.125Z ERROR file-viewer: render aborted for page 470 (cancelled)
2026-06-11T08:55:18.559Z ERROR metrics: worker job-407 crashed: OOM
2026-06-11T08:55:18.626Z INFO  pdf-viewer: extraction emitted 4 fields
2026-06-11T08:55:19.927Z WARN  file-viewer: bitmap LRU at capacity (8), evicting page@78
2026-06-11T08:55:20.694Z DEBUG pdf-viewer: worker boundary clone 1001KB
2026-06-11T08:55:21.700Z INFO  loader: extraction emitted 2 fields
2026-06-11T08:55:21.810Z WARN  classify: retrying notes.md (attempt 10)
2026-06-11T08:55:22.785Z INFO  router: detected category=text for scan.tiff
2026-06-11T08:55:22.869Z INFO  storage: detected category=image for report.pdf
2026-06-11T08:55:23.291Z ERROR auth: timeout fetching report.pdf after 1099ms
2026-06-11T08:55:24.306Z INFO  auth: consensus reached on 3 voters
2026-06-11T08:55:24.816Z DEBUG storage: decoded bitmap 405 in 1588ms
2026-06-11T08:55:25.338Z INFO  metrics: uploaded notes.md (3600KB)
2026-06-11T08:55:26.103Z DEBUG router: decoded bitmap 252 in 606ms
2026-06-11T08:55:26.486Z WARN  csv-viewer: retrying sales.csv (attempt 2)
2026-06-11T08:55:26.690Z DEBUG schema: worker boundary clone 3575KB
2026-06-11T08:55:27.792Z DEBUG pdf-viewer: scroll progress 0.597
2026-06-11T08:55:29.206Z INFO  schema: detected category=image for scan.tiff
2026-06-11T08:55:29.898Z DEBUG router: decoded bitmap 288 in 1680ms
2026-06-11T08:55:30.095Z INFO  csv-viewer: detected category=text for financials.xlsx
2026-06-11T08:55:31.354Z WARN  schema: bitmap LRU at capacity (8), evicting page@544
2026-06-11T08:55:32.436Z ERROR storage: worker job-641 crashed: OOM
2026-06-11T08:55:33.039Z DEBUG schema: cache hit for sales.csv
2026-06-11T08:55:33.548Z DEBUG auth: scroll progress 0.517
2026-06-11T08:55:34.284Z INFO  extract: job job-343 completed in 531ms
2026-06-11T08:55:35.006Z DEBUG classify: cache hit for report.pdf
2026-06-11T08:55:35.240Z DEBUG split:consensus: decoded bitmap 133 in 1544ms
2026-06-11T08:55:35.738Z INFO  extract: uploaded notes.md (2654KB)
2026-06-11T08:55:35.887Z INFO  extract: job job-612 completed in 2077ms
2026-06-11T08:55:36.362Z DEBUG extract: cache hit for report.pdf
2026-06-11T08:55:37.470Z DEBUG file-viewer: scroll progress 0.63
2026-06-11T08:55:38.545Z ERROR loader: render aborted for page 97 (cancelled)
2026-06-11T08:55:39.296Z WARN  schema: memory pressure: 2350KB resident
2026-06-11T08:55:39.470Z WARN  split:consensus: memory pressure: 2253KB resident
2026-06-11T08:55:40.373Z ERROR csv-viewer: render aborted for page 234 (cancelled)
2026-06-11T08:55:40.608Z INFO  metrics: rendered page 80/585
2026-06-11T08:55:41.103Z DEBUG extract: decoded bitmap 175 in 1989ms
2026-06-11T08:55:42.503Z INFO  auth: uploaded report.pdf (3241KB)
2026-06-11T08:55:42.991Z DEBUG router: virtualizer window [253,582] of 585
2026-06-11T08:55:44.412Z ERROR xlsx-viewer:worker: worker job-174 crashed: OOM
2026-06-11T08:55:44.589Z INFO  pdf-viewer: consensus reached on 11 voters
2026-06-11T08:55:45.702Z DEBUG loader: decoded bitmap 185 in 717ms
2026-06-11T08:55:45.916Z DEBUG split:consensus: scroll progress 0.777
2026-06-11T08:55:46.082Z INFO  xlsx-viewer:worker: detected category=image for deck.pptx
2026-06-11T08:55:46.500Z INFO  loader: sheet 4 flattened (88256 rows)
2026-06-11T08:55:46.533Z DEBUG file-viewer: cache hit for deck.pptx
2026-06-11T08:55:47.871Z DEBUG pdf-viewer: code-split chunk docx-viewer loaded in 1695ms
2026-06-11T08:55:48.410Z DEBUG metrics: decoded bitmap 103 in 628ms
2026-06-11T08:55:49.338Z WARN  split:consensus: slow render 1547ms for page 448
2026-06-11T08:55:50.369Z INFO  extract: detected category=xlsx for report.pdf
2026-06-11T08:55:51.107Z INFO  extract: request r2996 accepted
2026-06-11T08:55:51.949Z INFO  loader: consensus reached on 10 voters
2026-06-11T08:55:53.193Z WARN  extract: slow render 539ms for page 337
2026-06-11T08:55:54.551Z INFO  storage: rendered page 543/585
2026-06-11T08:55:55.935Z DEBUG router: worker boundary clone 2899KB
2026-06-11T08:55:56.344Z DEBUG metrics: worker boundary clone 511KB
2026-06-11T08:55:57.390Z WARN  cache: slow render 1959ms for page 100
2026-06-11T08:55:58.151Z DEBUG pdf-viewer: worker boundary clone 2546KB
2026-06-11T08:55:58.781Z INFO  cache: request r1873 accepted
2026-06-11T08:55:59.194Z INFO  router: sheet 4 flattened (17626 rows)
2026-06-11T08:56:00.340Z INFO  storage: extraction emitted 5 fields
2026-06-11T08:56:01.549Z INFO  pdf-viewer: rendered page 418/585
2026-06-11T08:56:01.708Z WARN  cache: retrying contract.docx (attempt 2)
2026-06-11T08:56:02.999Z INFO  metrics: sheet 8 flattened (45424 rows)
2026-06-11T08:56:04.104Z INFO  csv-viewer: sheet 2 flattened (85557 rows)
2026-06-11T08:56:04.979Z ERROR auth: timeout fetching contract.docx after 1636ms
2026-06-11T08:56:06.385Z ERROR schema: render aborted for page 387 (cancelled)
2026-06-11T08:56:07.163Z DEBUG xlsx-viewer:worker: worker boundary clone 2420KB
2026-06-11T08:56:07.859Z INFO  auth: job job-227 completed in 2002ms
2026-06-11T08:56:08.910Z WARN  classify: memory pressure: 3507KB resident
2026-06-11T08:56:09.995Z DEBUG extract: decoded bitmap 53 in 1253ms
2026-06-11T08:56:10.890Z INFO  storage: rendered page 134/585
2026-06-11T08:56:11.557Z DEBUG storage: worker boundary clone 803KB
2026-06-11T08:56:12.523Z ERROR loader: worker job-584 crashed: OOM
2026-06-11T08:56:13.043Z INFO  router: request r3665 accepted
2026-06-11T08:56:14.005Z DEBUG cache: scroll progress 0.491
2026-06-11T08:56:15.214Z INFO  xlsx-viewer:worker: consensus reached on 6 voters
2026-06-11T08:56:16.520Z INFO  metrics: consensus reached on 12 voters
2026-06-11T08:56:17.119Z DEBUG storage: cache hit for notes.md
2026-06-11T08:56:18.440Z DEBUG schema: virtualizer window [338,581] of 585
2026-06-11T08:56:19.082Z INFO  classify: request r7997 accepted
2026-06-11T08:56:20.408Z INFO  auth: uploaded scan.tiff (235KB)
2026-06-11T08:56:20.685Z INFO  split:consensus: rendered page 189/585
2026-06-11T08:56:22.031Z WARN  storage: retrying sales.csv (attempt 6)
2026-06-11T08:56:22.255Z INFO  loader: detected category=pdf for scan.tiff
2026-06-11T08:56:23.174Z DEBUG cache: virtualizer window [560,570] of 585
2026-06-11T08:56:24.047Z INFO  pdf-viewer: sheet 5 flattened (60341 rows)
2026-06-11T08:56:25.129Z INFO  storage: job job-539 completed in 1003ms
2026-06-11T08:56:25.724Z ERROR schema: worker job-986 crashed: OOM
2026-06-11T08:56:26.548Z INFO  xlsx-viewer:worker: rendered page 228/585
2026-06-11T08:56:27.263Z DEBUG metrics: scroll progress 0.491
2026-06-11T08:56:27.589Z INFO  loader: job job-357 completed in 1413ms
2026-06-11T08:56:27.927Z WARN  pdf-viewer: bitmap LRU at capacity (8), evicting page@538
2026-06-11T08:56:29.318Z DEBUG schema: virtualizer window [261,585] of 585
2026-06-11T08:56:30.496Z DEBUG router: decoded bitmap 272 in 1743ms
2026-06-11T08:56:31.757Z INFO  router: request r1038 accepted
2026-06-11T08:56:32.159Z INFO  metrics: rendered page 153/585
2026-06-11T08:56:32.892Z WARN  auth: retrying contract.docx (attempt 11)
2026-06-11T08:56:33.130Z INFO  xlsx-viewer:worker: detected category=pptx for report.pdf
2026-06-11T08:56:33.249Z WARN  csv-viewer: memory pressure: 1352KB resident
2026-06-11T08:56:34.093Z INFO  loader: extraction emitted 2 fields
2026-06-11T08:56:35.427Z INFO  storage: detected category=pdf for scan.tiff
2026-06-11T08:56:35.523Z INFO  router: detected category=text for financials.xlsx
2026-06-11T08:56:36.651Z INFO  classify: sheet 8 flattened (32590 rows)
2026-06-11T08:56:37.810Z INFO  loader: rendered page 357/585
2026-06-11T08:56:38.401Z INFO  csv-viewer: job job-226 completed in 946ms
2026-06-11T08:56:38.528Z DEBUG schema: scroll progress 0.35
2026-06-11T08:56:38.955Z DEBUG schema: code-split chunk schema-builder loaded in 1856ms
2026-06-11T08:56:40.429Z INFO  file-viewer: uploaded deck.pptx (1859KB)
2026-06-11T08:56:41.176Z INFO  split:consensus: uploaded contract.docx (1453KB)
2026-06-11T08:56:42.219Z WARN  file-viewer: bitmap LRU at capacity (8), evicting page@534
2026-06-11T08:56:42.333Z INFO  extract: job job-254 completed in 1017ms
2026-06-11T08:56:43.512Z INFO  storage: rendered page 367/585
2026-06-11T08:56:43.677Z INFO  extract: consensus reached on 5 voters
2026-06-11T08:56:44.731Z WARN  metrics: bitmap LRU at capacity (8), evicting page@468
2026-06-11T08:56:45.058Z INFO  auth: job job-867 completed in 883ms
2026-06-11T08:56:45.737Z WARN  xlsx-viewer:worker: bitmap LRU at capacity (8), evicting page@336
2026-06-11T08:56:47.103Z INFO  storage: extraction emitted 12 fields
2026-06-11T08:56:48.571Z DEBUG storage: cache hit for contract.docx
2026-06-11T08:56:49.420Z DEBUG auth: cache hit for report.pdf
2026-06-11T08:56:50.086Z WARN  extract: slow render 1912ms for page 204
2026-06-11T08:56:50.217Z INFO  storage: uploaded notes.md (1212KB)
2026-06-11T08:56:51.693Z INFO  pdf-viewer: consensus reached on 7 voters
2026-06-11T08:56:52.304Z WARN  schema: memory pressure: 1708KB resident
2026-06-11T08:56:53.205Z WARN  csv-viewer: bitmap LRU at capacity (8), evicting page@506
2026-06-11T08:56:54.201Z INFO  split:consensus: extraction emitted 3 fields
2026-06-11T08:56:55.189Z WARN  loader: retrying contract.docx (attempt 12)
2026-06-11T08:56:56.154Z ERROR pdf-viewer: worker job-842 crashed: OOM
2026-06-11T08:56:56.733Z INFO  extract: request r9798 accepted
2026-06-11T08:56:58.068Z INFO  xlsx-viewer:worker: rendered page 207/585
2026-06-11T08:56:59.060Z INFO  loader: detected category=pptx for sales.csv
2026-06-11T08:57:00.141Z ERROR file-viewer: timeout fetching scan.tiff after 485ms
2026-06-11T08:57:00.926Z WARN  classify: memory pressure: 2699KB resident
2026-06-11T08:57:02.225Z WARN  split:consensus: memory pressure: 1358KB resident
2026-06-11T08:57:02.316Z WARN  cache: retrying scan.tiff (attempt 4)
2026-06-11T08:57:03.516Z WARN  file-viewer: retrying sales.csv (attempt 3)
2026-06-11T08:57:03.668Z INFO  router: detected category=xlsx for contract.docx
2026-06-11T08:57:04.064Z ERROR metrics: failed to parse scan.tiff: unexpected token at byte 581
2026-06-11T08:57:04.485Z ERROR metrics: worker job-492 crashed: OOM
2026-06-11T08:57:05.701Z DEBUG cache: code-split chunk xlsx-viewer loaded in 1276ms
2026-06-11T08:57:06.337Z WARN  extract: slow render 955ms for page 67
2026-06-11T08:57:06.370Z ERROR xlsx-viewer:worker: timeout fetching notes.md after 1085ms
2026-06-11T08:57:06.534Z ERROR metrics: timeout fetching scan.tiff after 1250ms
2026-06-11T08:57:06.655Z INFO  metrics: sheet 7 flattened (25660 rows)
2026-06-11T08:57:07.463Z INFO  xlsx-viewer:worker: extraction emitted 12 fields
2026-06-11T08:57:08.591Z INFO  auth: extraction emitted 5 fields
2026-06-11T08:57:08.719Z INFO  cache: uploaded scan.tiff (759KB)
2026-06-11T08:57:09.294Z INFO  router: job job-488 completed in 1029ms
2026-06-11T08:57:10.007Z DEBUG xlsx-viewer:worker: code-split chunk docx-viewer loaded in 1344ms
2026-06-11T08:57:11.352Z WARN  split:consensus: slow render 521ms for page 6
2026-06-11T08:57:11.639Z DEBUG router: scroll progress 0.639
2026-06-11T08:57:12.145Z INFO  auth: extraction emitted 3 fields
2026-06-11T08:57:12.325Z DEBUG file-viewer: code-split chunk docx-viewer loaded in 1114ms
2026-06-11T08:57:12.514Z DEBUG csv-viewer: code-split chunk docx-viewer loaded in 2354ms
2026-06-11T08:57:13.393Z WARN  extract: retrying deck.pptx (attempt 8)
2026-06-11T08:57:14.266Z WARN  split:consensus: bitmap LRU at capacity (8), evicting page@246
2026-06-11T08:57:15.278Z INFO  classify: job job-153 completed in 2334ms
2026-06-11T08:57:15.814Z INFO  classify: uploaded report.pdf (4327KB)
2026-06-11T08:57:16.782Z INFO  schema: request r7578 accepted
2026-06-11T08:57:17.249Z INFO  pdf-viewer: job job-162 completed in 806ms
2026-06-11T08:57:17.515Z INFO  file-viewer: sheet 7 flattened (60886 rows)
2026-06-11T08:57:18.262Z DEBUG split:consensus: cache hit for notes.md
2026-06-11T08:57:18.859Z DEBUG metrics: virtualizer window [455,572] of 585
2026-06-11T08:57:19.837Z ERROR classify: timeout fetching notes.md after 1448ms
2026-06-11T08:57:21.100Z INFO  schema: rendered page 513/585
2026-06-11T08:57:22.065Z ERROR schema: timeout fetching financials.xlsx after 1441ms
2026-06-11T08:57:23.344Z WARN  xlsx-viewer:worker: memory pressure: 904KB resident
2026-06-11T08:57:23.794Z INFO  csv-viewer: consensus reached on 8 voters
2026-06-11T08:57:24.797Z INFO  pdf-viewer: sheet 7 flattened (88466 rows)
2026-06-11T08:57:25.784Z WARN  classify: retrying sales.csv (attempt 5)
2026-06-11T08:57:26.124Z ERROR loader: worker job-971 crashed: OOM
2026-06-11T08:57:26.296Z INFO  csv-viewer: request r7165 accepted
2026-06-11T08:57:26.632Z DEBUG file-viewer: scroll progress 0.653
2026-06-11T08:57:27.548Z INFO  schema: consensus reached on 9 voters
2026-06-11T08:57:28.869Z INFO  storage: request r4189 accepted
2026-06-11T08:57:29.226Z INFO  metrics: rendered page 217/585
2026-06-11T08:57:29.575Z DEBUG cache: decoded bitmap 186 in 910ms
2026-06-11T08:57:30.679Z INFO  cache: job job-372 completed in 1096ms
2026-06-11T08:57:32.146Z DEBUG file-viewer: cache hit for report.pdf
2026-06-11T08:57:33.068Z DEBUG xlsx-viewer:worker: decoded bitmap 140 in 1676ms
2026-06-11T08:57:33.536Z ERROR cache: render aborted for page 124 (cancelled)
2026-06-11T08:57:34.123Z DEBUG pdf-viewer: virtualizer window [362,572] of 585
2026-06-11T08:57:34.730Z INFO  storage: request r9817 accepted
2026-06-11T08:57:35.683Z INFO  pdf-viewer: request r4542 accepted
2026-06-11T08:57:37.056Z INFO  metrics: job job-982 completed in 1100ms
2026-06-11T08:57:37.466Z ERROR split:consensus: worker job-490 crashed: OOM
2026-06-11T08:57:38.854Z DEBUG pdf-viewer: cache hit for deck.pptx
2026-06-11T08:57:39.633Z INFO  auth: uploaded sales.csv (3266KB)
2026-06-11T08:57:39.933Z INFO  xlsx-viewer:worker: uploaded scan.tiff (2342KB)
2026-06-11T08:57:39.964Z DEBUG extract: scroll progress 0.674
2026-06-11T08:57:41.416Z WARN  split:consensus: memory pressure: 3535KB resident
2026-06-11T08:57:41.537Z WARN  loader: retrying contract.docx (attempt 11)
2026-06-11T08:57:41.595Z INFO  pdf-viewer: job job-385 completed in 1164ms
2026-06-11T08:57:42.776Z WARN  file-viewer: slow render 757ms for page 59
2026-06-11T08:57:42.859Z INFO  classify: rendered page 195/585
2026-06-11T08:57:42.976Z INFO  loader: detected category=xlsx for deck.pptx
2026-06-11T08:57:43.075Z INFO  xlsx-viewer:worker: extraction emitted 10 fields
2026-06-11T08:57:44.296Z INFO  xlsx-viewer:worker: job job-842 completed in 1808ms
2026-06-11T08:57:45.228Z DEBUG split:consensus: code-split chunk image-viewer loaded in 351ms
2026-06-11T08:57:46.682Z ERROR metrics: timeout fetching report.pdf after 1997ms
2026-06-11T08:57:46.971Z INFO  cache: detected category=pdf for report.pdf
2026-06-11T08:57:48.312Z ERROR metrics: failed to parse sales.csv: unexpected token at byte 583
2026-06-11T08:57:49.587Z WARN  pdf-viewer: retrying sales.csv (attempt 7)
2026-06-11T08:57:50.529Z DEBUG csv-viewer: worker boundary clone 2075KB
2026-06-11T08:57:50.923Z DEBUG router: worker boundary clone 1059KB
2026-06-11T08:57:51.747Z INFO  metrics: sheet 3 flattened (10223 rows)
2026-06-11T08:57:51.792Z DEBUG cache: virtualizer window [122,560] of 585
2026-06-11T08:57:52.093Z INFO  csv-viewer: detected category=image for report.pdf
2026-06-11T08:57:52.791Z DEBUG metrics: decoded bitmap 86 in 1335ms
2026-06-11T08:57:53.167Z INFO  router: request r2267 accepted
2026-06-11T08:57:54.153Z ERROR loader: render aborted for page 38 (cancelled)
2026-06-11T08:57:55.423Z DEBUG router: worker boundary clone 552KB
2026-06-11T08:57:56.584Z DEBUG file-viewer: cache hit for financials.xlsx
2026-06-11T08:57:57.428Z WARN  file-viewer: retrying contract.docx (attempt 4)
2026-06-11T08:57:58.517Z INFO  csv-viewer: request r1443 accepted
2026-06-11T08:57:59.182Z INFO  split:consensus: detected category=pdf for sales.csv
2026-06-11T08:58:00.086Z INFO  router: uploaded financials.xlsx (1600KB)
2026-06-11T08:58:00.529Z ERROR classify: timeout fetching notes.md after 1239ms
2026-06-11T08:58:01.451Z DEBUG storage: worker boundary clone 31KB
2026-06-11T08:58:02.862Z WARN  loader: memory pressure: 900KB resident
2026-06-11T08:58:02.957Z INFO  metrics: sheet 11 flattened (26021 rows)
2026-06-11T08:58:03.625Z WARN  storage: retrying deck.pptx (attempt 4)
2026-06-11T08:58:03.734Z INFO  file-viewer: job job-998 completed in 1895ms
2026-06-11T08:58:04.053Z INFO  split:consensus: request r3162 accepted
2026-06-11T08:58:05.222Z WARN  extract: bitmap LRU at capacity (8), evicting page@43
2026-06-11T08:58:06.105Z INFO  pdf-viewer: rendered page 192/585
2026-06-11T08:58:06.844Z DEBUG cache: worker boundary clone 3564KB
2026-06-11T08:58:07.407Z DEBUG cache: worker boundary clone 2180KB
2026-06-11T08:58:08.323Z DEBUG auth: cache hit for notes.md
2026-06-11T08:58:08.801Z DEBUG csv-viewer: virtualizer window [183,571] of 585
2026-06-11T08:58:09.478Z DEBUG cache: code-split chunk image-viewer loaded in 583ms
2026-06-11T08:58:10.657Z ERROR pdf-viewer: timeout fetching deck.pptx after 777ms
2026-06-11T08:58:11.707Z INFO  xlsx-viewer:worker: uploaded notes.md (3441KB)
2026-06-11T08:58:12.652Z ERROR xlsx-viewer:worker: render aborted for page 195 (cancelled)
2026-06-11T08:58:13.814Z DEBUG cache: worker boundary clone 1828KB
2026-06-11T08:58:14.986Z WARN  schema: bitmap LRU at capacity (8), evicting page@177
2026-06-11T08:58:15.151Z INFO  split:consensus: rendered page 396/585
2026-06-11T08:58:16.133Z DEBUG auth: cache hit for financials.xlsx
2026-06-11T08:58:16.627Z ERROR csv-viewer: worker job-351 crashed: OOM
2026-06-11T08:58:17.919Z INFO  metrics: extraction emitted 7 fields
2026-06-11T08:58:19.325Z ERROR schema: timeout fetching financials.xlsx after 434ms
2026-06-11T08:58:19.478Z DEBUG extract: virtualizer window [264,579] of 585
2026-06-11T08:58:20.249Z INFO  extract: sheet 1 flattened (32550 rows)
2026-06-11T08:58:20.334Z INFO  extract: sheet 9 flattened (37138 rows)
2026-06-11T08:58:20.900Z INFO  xlsx-viewer:worker: rendered page 2/585
2026-06-11T08:58:21.769Z DEBUG file-viewer: worker boundary clone 543KB
2026-06-11T08:58:23.238Z INFO  extract: consensus reached on 11 voters
2026-06-11T08:58:24.198Z INFO  extract: sheet 1 flattened (68558 rows)
2026-06-11T08:58:25.391Z ERROR split:consensus: worker job-819 crashed: OOM
2026-06-11T08:58:26.191Z WARN  split:consensus: memory pressure: 3852KB resident
2026-06-11T08:58:27.143Z INFO  classify: uploaded sales.csv (3139KB)
2026-06-11T08:58:28.054Z INFO  xlsx-viewer:worker: uploaded deck.pptx (3579KB)
2026-06-11T08:58:29.028Z DEBUG pdf-viewer: worker boundary clone 1490KB
2026-06-11T08:58:29.602Z DEBUG storage: worker boundary clone 1920KB
2026-06-11T08:58:31.090Z ERROR pdf-viewer: worker job-963 crashed: OOM
2026-06-11T08:58:31.933Z DEBUG storage: decoded bitmap 76 in 2088ms
2026-06-11T08:58:33.173Z ERROR classify: worker job-448 crashed: OOM
2026-06-11T08:58:33.735Z INFO  router: extraction emitted 6 fields
2026-06-11T08:58:34.617Z INFO  router: sheet 8 flattened (35602 rows)
2026-06-11T08:58:34.906Z WARN  extract: bitmap LRU at capacity (8), evicting page@421
2026-06-11T08:58:35.235Z INFO  loader: extraction emitted 10 fields
2026-06-11T08:58:36.679Z WARN  auth: retrying deck.pptx (attempt 7)
2026-06-11T08:58:36.717Z DEBUG split:consensus: cache hit for contract.docx
2026-06-11T08:58:37.830Z DEBUG extract: scroll progress 0.62
2026-06-11T08:58:38.064Z INFO  split:consensus: request r8908 accepted
2026-06-11T08:58:38.407Z INFO  metrics: detected category=image for scan.tiff
2026-06-11T08:58:39.022Z INFO  classify: uploaded report.pdf (3788KB)
2026-06-11T08:58:40.304Z DEBUG classify: code-split chunk pdf-viewer loaded in 1672ms
2026-06-11T08:58:41.382Z ERROR classify: worker job-407 crashed: OOM
2026-06-11T08:58:42.762Z INFO  pdf-viewer: rendered page 373/585
2026-06-11T08:58:43.903Z INFO  cache: rendered page 317/585
2026-06-11T08:58:44.665Z ERROR file-viewer: failed to parse report.pdf: unexpected token at byte 572
2026-06-11T08:58:45.141Z WARN  cache: bitmap LRU at capacity (8), evicting page@393
2026-06-11T08:58:45.380Z DEBUG file-viewer: cache hit for scan.tiff
2026-06-11T08:58:46.252Z DEBUG classify: scroll progress 0.417
2026-06-11T08:58:47.132Z WARN  metrics: bitmap LRU at capacity (8), evicting page@19
2026-06-11T08:58:48.103Z INFO  auth: uploaded notes.md (1675KB)
2026-06-11T08:58:49.262Z DEBUG router: decoded bitmap 572 in 1995ms
2026-06-11T08:58:49.624Z DEBUG metrics: virtualizer window [93,584] of 585
2026-06-11T08:58:49.899Z DEBUG file-viewer: cache hit for contract.docx
2026-06-11T08:58:50.460Z ERROR extract: timeout fetching notes.md after 508ms
2026-06-11T08:58:50.919Z DEBUG file-viewer: worker boundary clone 116KB
2026-06-11T08:58:51.355Z INFO  loader: request r3415 accepted
2026-06-11T08:58:51.466Z WARN  router: bitmap LRU at capacity (8), evicting page@74
2026-06-11T08:58:51.965Z INFO  file-viewer: consensus reached on 4 voters
2026-06-11T08:58:53.458Z DEBUG csv-viewer: virtualizer window [210,567] of 585
2026-06-11T08:58:54.011Z INFO  storage: request r7103 accepted
2026-06-11T08:58:55.300Z INFO  pdf-viewer: detected category=pptx for financials.xlsx
2026-06-11T08:58:55.644Z ERROR pdf-viewer: failed to parse notes.md: unexpected token at byte 577
2026-06-11T08:58:55.968Z ERROR storage: render aborted for page 252 (cancelled)
2026-06-11T08:58:56.560Z DEBUG csv-viewer: scroll progress 0.085
2026-06-11T08:58:57.812Z ERROR split:consensus: timeout fetching contract.docx after 310ms
2026-06-11T08:58:58.475Z DEBUG csv-viewer: code-split chunk docx-viewer loaded in 687ms
2026-06-11T08:58:58.638Z DEBUG schema: cache hit for contract.docx
2026-06-11T08:58:58.801Z INFO  storage: rendered page 74/585
2026-06-11T08:58:59.494Z WARN  xlsx-viewer:worker: retrying contract.docx (attempt 2)
2026-06-11T08:59:00.179Z DEBUG csv-viewer: code-split chunk xlsx-viewer loaded in 1092ms
2026-06-11T08:59:01.655Z INFO  split:consensus: job job-123 completed in 2001ms
2026-06-11T08:59:02.482Z INFO  csv-viewer: request r9265 accepted
2026-06-11T08:59:02.711Z INFO  file-viewer: extraction emitted 3 fields
2026-06-11T08:59:03.372Z WARN  schema: bitmap LRU at capacity (8), evicting page@531
2026-06-11T08:59:04.541Z INFO  csv-viewer: extraction emitted 5 fields
2026-06-11T08:59:05.833Z DEBUG csv-viewer: scroll progress 0.114
2026-06-11T08:59:07.309Z INFO  xlsx-viewer:worker: consensus reached on 5 voters
2026-06-11T08:59:08.209Z DEBUG split:consensus: code-split chunk docx-viewer loaded in 610ms
2026-06-11T08:59:08.794Z WARN  auth: slow render 1102ms for page 117
2026-06-11T08:59:09.251Z INFO  auth: request r4268 accepted
2026-06-11T08:59:10.103Z INFO  split:consensus: detected category=image for financials.xlsx
2026-06-11T08:59:10.273Z DEBUG metrics: cache hit for sales.csv
2026-06-11T08:59:10.474Z ERROR router: render aborted for page 11 (cancelled)
2026-06-11T08:59:11.848Z INFO  cache: job job-249 completed in 1495ms
2026-06-11T08:59:12.291Z INFO  loader: uploaded contract.docx (1241KB)
2026-06-11T08:59:13.524Z ERROR xlsx-viewer:worker: render aborted for page 193 (cancelled)
2026-06-11T08:59:13.757Z INFO  split:consensus: rendered page 292/585
2026-06-11T08:59:15.070Z INFO  router: extraction emitted 8 fields
2026-06-11T08:59:15.825Z ERROR metrics: failed to parse financials.xlsx: unexpected token at byte 565
2026-06-11T08:59:16.804Z ERROR cache: failed to parse scan.tiff: unexpected token at byte 576
2026-06-11T08:59:17.699Z INFO  xlsx-viewer:worker: extraction emitted 9 fields
2026-06-11T08:59:18.560Z INFO  loader: rendered page 566/585
2026-06-11T08:59:19.240Z INFO  router: job job-384 completed in 2374ms
2026-06-11T08:59:19.471Z INFO  metrics: detected category=xlsx for contract.docx
2026-06-11T08:59:19.504Z INFO  pdf-viewer: consensus reached on 5 voters
2026-06-11T08:59:20.503Z DEBUG router: cache hit for sales.csv
2026-06-11T08:59:20.988Z INFO  classify: request r8244 accepted
2026-06-11T08:59:22.235Z INFO  router: rendered page 323/585
2026-06-11T08:59:22.661Z DEBUG cache: cache hit for deck.pptx
2026-06-11T08:59:22.731Z DEBUG loader: virtualizer window [147,569] of 585
2026-06-11T08:59:23.455Z INFO  schema: detected category=pptx for notes.md
2026-06-11T08:59:23.579Z DEBUG router: decoded bitmap 355 in 1432ms
2026-06-11T08:59:25.001Z DEBUG xlsx-viewer:worker: code-split chunk image-viewer loaded in 1790ms
2026-06-11T08:59:25.564Z INFO  schema: consensus reached on 2 voters
2026-06-11T08:59:26.304Z INFO  cache: uploaded notes.md (2583KB)
2026-06-11T08:59:26.818Z INFO  auth: uploaded sales.csv (3597KB)
2026-06-11T08:59:27.048Z DEBUG auth: decoded bitmap 216 in 992ms
2026-06-11T08:59:28.455Z WARN  csv-viewer: bitmap LRU at capacity (8), evicting page@547
2026-06-11T08:59:28.773Z INFO  split:consensus: job job-390 completed in 1744ms
2026-06-11T08:59:29.677Z DEBUG metrics: cache hit for financials.xlsx
2026-06-11T08:59:30.099Z WARN  storage: slow render 1447ms for page 210
2026-06-11T08:59:30.663Z INFO  pdf-viewer: extraction emitted 6 fields
2026-06-11T08:59:31.853Z DEBUG router: scroll progress 0.758
2026-06-11T08:59:32.638Z ERROR extract: failed to parse sales.csv: unexpected token at byte 564
2026-06-11T08:59:33.418Z DEBUG classify: decoded bitmap 357 in 2078ms
2026-06-11T08:59:34.113Z WARN  extract: retrying report.pdf (attempt 5)
2026-06-11T08:59:34.296Z DEBUG loader: scroll progress 0.33
2026-06-11T08:59:35.728Z WARN  auth: bitmap LRU at capacity (8), evicting page@474
2026-06-11T08:59:36.528Z INFO  router: rendered page 16/585
2026-06-11T08:59:37.738Z DEBUG split:consensus: cache hit for sales.csv
2026-06-11T08:59:38.438Z DEBUG metrics: scroll progress 0.541
2026-06-11T08:59:39.098Z DEBUG loader: virtualizer window [311,562] of 585
2026-06-11T08:59:39.975Z INFO  csv-viewer: request r6032 accepted
2026-06-11T08:59:40.532Z INFO  router: uploaded financials.xlsx (2475KB)
2026-06-11T08:59:41.642Z ERROR split:consensus: worker job-553 crashed: OOM
2026-06-11T08:59:42.953Z DEBUG split:consensus: code-split chunk pptx-viewer loaded in 615ms
2026-06-11T08:59:44.242Z DEBUG classify: code-split chunk image-viewer loaded in 353ms
2026-06-11T08:59:45.602Z WARN  cache: memory pressure: 2748KB resident
2026-06-11T08:59:45.773Z INFO  cache: uploaded sales.csv (546KB)
2026-06-11T08:59:46.506Z INFO  pdf-viewer: rendered page 287/585
2026-06-11T08:59:47.309Z DEBUG classify: code-split chunk docx-viewer loaded in 2346ms
2026-06-11T08:59:47.858Z WARN  schema: slow render 572ms for page 286
2026-06-11T08:59:48.682Z DEBUG auth: worker boundary clone 659KB
2026-06-11T08:59:50.122Z INFO  loader: job job-776 completed in 1181ms
2026-06-11T08:59:50.338Z INFO  file-viewer: job job-365 completed in 848ms
2026-06-11T08:59:50.680Z INFO  loader: detected category=text for report.pdf
2026-06-11T08:59:51.620Z ERROR cache: worker job-152 crashed: OOM
2026-06-11T08:59:52.565Z WARN  split:consensus: memory pressure: 1695KB resident
2026-06-11T08:59:53.034Z ERROR loader: worker job-838 crashed: OOM
2026-06-11T08:59:54.054Z DEBUG cache: worker boundary clone 2940KB
2026-06-11T08:59:55.310Z INFO  xlsx-viewer:worker: detected category=image for contract.docx
2026-06-11T08:59:55.531Z DEBUG storage: worker boundary clone 1503KB
2026-06-11T08:59:55.885Z INFO  cache: rendered page 523/585
2026-06-11T08:59:57.329Z INFO  cache: request r5928 accepted
2026-06-11T08:59:58.478Z DEBUG storage: worker boundary clone 645KB
2026-06-11T08:59:58.552Z INFO  auth: uploaded contract.docx (1014KB)
2026-06-11T08:59:58.998Z DEBUG metrics: cache hit for scan.tiff
2026-06-11T08:59:59.698Z WARN  csv-viewer: retrying scan.tiff (attempt 5)
2026-06-11T08:59:59.996Z INFO  auth: extraction emitted 12 fields
2026-06-11T09:00:00.616Z INFO  file-viewer: rendered page 166/585
2026-06-11T09:00:01.602Z WARN  metrics: bitmap LRU at capacity (8), evicting page@449
2026-06-11T09:00:03.084Z WARN  extract: memory pressure: 3346KB resident
2026-06-11T09:00:03.310Z DEBUG schema: worker boundary clone 1912KB
2026-06-11T09:00:03.438Z INFO  split:consensus: sheet 12 flattened (8053 rows)
2026-06-11T09:00:04.269Z INFO  csv-viewer: rendered page 167/585
2026-06-11T09:00:04.906Z DEBUG auth: cache hit for notes.md
2026-06-11T09:00:05.285Z DEBUG loader: cache hit for financials.xlsx
2026-06-11T09:00:06.691Z INFO  file-viewer: consensus reached on 9 voters
2026-06-11T09:00:08.071Z INFO  storage: consensus reached on 5 voters
2026-06-11T09:00:09.246Z DEBUG auth: scroll progress 0.467
2026-06-11T09:00:10.138Z INFO  xlsx-viewer:worker: detected category=image for scan.tiff
2026-06-11T09:00:10.421Z INFO  schema: detected category=pdf for report.pdf
2026-06-11T09:00:10.792Z DEBUG csv-viewer: code-split chunk docx-viewer loaded in 160ms
2026-06-11T09:00:12.157Z INFO  extract: rendered page 110/585
2026-06-11T09:00:12.552Z WARN  loader: slow render 282ms for page 124
2026-06-11T09:00:13.910Z INFO  csv-viewer: request r6486 accepted
2026-06-11T09:00:14.708Z ERROR metrics: timeout fetching contract.docx after 1356ms
2026-06-11T09:00:14.853Z DEBUG csv-viewer: decoded bitmap 440 in 1219ms
2026-06-11T09:00:15.887Z INFO  schema: uploaded sales.csv (2697KB)
2026-06-11T09:00:16.025Z INFO  split:consensus: detected category=image for financials.xlsx
2026-06-11T09:00:16.422Z ERROR csv-viewer: render aborted for page 389 (cancelled)
2026-06-11T09:00:17.724Z INFO  pdf-viewer: detected category=pdf for deck.pptx
2026-06-11T09:00:19.138Z WARN  metrics: bitmap LRU at capacity (8), evicting page@300
2026-06-11T09:00:20.104Z DEBUG loader: scroll progress 0.537
2026-06-11T09:00:20.301Z INFO  loader: sheet 1 flattened (7954 rows)
2026-06-11T09:00:21.534Z INFO  extract: consensus reached on 12 voters
2026-06-11T09:00:22.632Z WARN  file-viewer: retrying report.pdf (attempt 8)
2026-06-11T09:00:22.749Z INFO  pdf-viewer: request r1813 accepted
2026-06-11T09:00:23.050Z WARN  metrics: retrying scan.tiff (attempt 6)
2026-06-11T09:00:24.490Z WARN  metrics: slow render 1567ms for page 547
2026-06-11T09:00:25.748Z INFO  auth: sheet 5 flattened (41403 rows)
2026-06-11T09:00:26.814Z DEBUG xlsx-viewer:worker: virtualizer window [333,576] of 585
2026-06-11T09:00:28.071Z WARN  file-viewer: bitmap LRU at capacity (8), evicting page@537
2026-06-11T09:00:29.023Z INFO  pdf-viewer: job job-830 completed in 676ms
2026-06-11T09:00:30.118Z DEBUG classify: virtualizer window [272,580] of 585
2026-06-11T09:00:31.308Z ERROR schema: render aborted for page 266 (cancelled)
2026-06-11T09:00:32.633Z INFO  file-viewer: sheet 2 flattened (72435 rows)
2026-06-11T09:00:34.051Z WARN  schema: retrying scan.tiff (attempt 3)
2026-06-11T09:00:35.207Z INFO  extract: extraction emitted 9 fields
2026-06-11T09:00:35.308Z DEBUG xlsx-viewer:worker: code-split chunk xlsx-viewer loaded in 620ms
2026-06-11T09:00:36.254Z WARN  cache: slow render 2318ms for page 149
2026-06-11T09:00:37.533Z WARN  extract: retrying financials.xlsx (attempt 5)
2026-06-11T09:00:38.587Z INFO  file-viewer: detected category=pdf for contract.docx
2026-06-11T09:00:39.795Z INFO  classify: detected category=pptx for notes.md
2026-06-11T09:00:39.908Z WARN  extract: retrying scan.tiff (attempt 2)
2026-06-11T09:00:40.862Z WARN  loader: memory pressure: 2904KB resident
2026-06-11T09:00:41.393Z ERROR classify: failed to parse scan.tiff: unexpected token at byte 575
2026-06-11T09:00:41.559Z INFO  auth: extraction emitted 6 fields
2026-06-11T09:00:42.116Z INFO  storage: extraction emitted 8 fields
2026-06-11T09:00:43.496Z INFO  classify: consensus reached on 2 voters
2026-06-11T09:00:43.998Z ERROR extract: render aborted for page 101 (cancelled)
2026-06-11T09:00:44.685Z INFO  xlsx-viewer:worker: request r8888 accepted
2026-06-11T09:00:45.121Z DEBUG xlsx-viewer:worker: virtualizer window [73,584] of 585
2026-06-11T09:00:45.721Z DEBUG router: scroll progress 0.609
2026-06-11T09:00:45.981Z INFO  csv-viewer: sheet 6 flattened (74154 rows)
2026-06-11T09:00:46.348Z INFO  csv-viewer: uploaded financials.xlsx (4497KB)
2026-06-11T09:00:46.475Z DEBUG pdf-viewer: virtualizer window [292,565] of 585
2026-06-11T09:00:47.921Z INFO  classify: job job-961 completed in 1251ms
2026-06-11T09:00:48.040Z INFO  auth: rendered page 391/585
2026-06-11T09:00:49.434Z INFO  cache: detected category=text for notes.md
2026-06-11T09:00:49.872Z WARN  metrics: memory pressure: 989KB resident
2026-06-11T09:00:50.732Z DEBUG metrics: scroll progress 0.518
2026-06-11T09:00:50.880Z DEBUG schema: worker boundary clone 618KB
2026-06-11T09:00:51.319Z INFO  csv-viewer: sheet 9 flattened (73361 rows)
2026-06-11T09:00:51.482Z DEBUG auth: cache hit for report.pdf
2026-06-11T09:00:52.866Z INFO  router: sheet 9 flattened (1893 rows)
2026-06-11T09:00:54.163Z INFO  pdf-viewer: consensus reached on 5 voters
2026-06-11T09:00:54.928Z INFO  xlsx-viewer:worker: rendered page 521/585
2026-06-11T09:00:56.132Z WARN  auth: slow render 620ms for page 172
2026-06-11T09:00:56.587Z DEBUG split:consensus: scroll progress 0.568
2026-06-11T09:00:57.518Z WARN  csv-viewer: bitmap LRU at capacity (8), evicting page@410
2026-06-11T09:00:57.865Z ERROR pdf-viewer: timeout fetching scan.tiff after 756ms
2026-06-11T09:00:58.711Z INFO  router: rendered page 5/585
2026-06-11T09:00:58.896Z INFO  cache: extraction emitted 9 fields
2026-06-11T09:00:59.048Z INFO  schema: extraction emitted 2 fields
2026-06-11T09:00:59.607Z ERROR metrics: failed to parse sales.csv: unexpected token at byte 570
2026-06-11T09:01:00.248Z INFO  csv-viewer: job job-679 completed in 263ms
2026-06-11T09:01:01.543Z INFO  schema: detected category=text for sales.csv
2026-06-11T09:01:02.788Z INFO  extract: extraction emitted 3 fields
2026-06-11T09:01:03.046Z DEBUG classify: scroll progress 0.731
2026-06-11T09:01:04.189Z INFO  file-viewer: uploaded sales.csv (584KB)
2026-06-11T09:01:04.285Z DEBUG file-viewer: decoded bitmap 273 in 2058ms
2026-06-11T09:01:04.690Z DEBUG metrics: cache hit for report.pdf
2026-06-11T09:01:05.899Z INFO  cache: detected category=pptx for financials.xlsx
2026-06-11T09:01:06.306Z INFO  extract: job job-759 completed in 110ms
2026-06-11T09:01:07.249Z DEBUG cache: decoded bitmap 286 in 1989ms
2026-06-11T09:01:07.379Z WARN  csv-viewer: bitmap LRU at capacity (8), evicting page@138
2026-06-11T09:01:07.991Z WARN  loader: retrying report.pdf (attempt 12)
2026-06-11T09:01:08.705Z INFO  split:consensus: consensus reached on 3 voters
2026-06-11T09:01:09.355Z INFO  extract: request r1133 accepted
2026-06-11T09:01:09.550Z DEBUG csv-viewer: cache hit for notes.md
2026-06-11T09:01:10.453Z DEBUG schema: virtualizer window [70,580] of 585
2026-06-11T09:01:10.623Z WARN  file-viewer: bitmap LRU at capacity (8), evicting page@290
2026-06-11T09:01:12.115Z WARN  xlsx-viewer:worker: retrying scan.tiff (attempt 10)
2026-06-11T09:01:13.563Z INFO  loader: consensus reached on 8 voters
2026-06-11T09:01:14.789Z DEBUG auth: cache hit for deck.pptx
2026-06-11T09:01:14.881Z INFO  file-viewer: uploaded scan.tiff (1718KB)
2026-06-11T09:01:15.857Z ERROR classify: failed to parse scan.tiff: unexpected token at byte 583
2026-06-11T09:01:16.492Z DEBUG cache: cache hit for scan.tiff
2026-06-11T09:01:17.890Z DEBUG xlsx-viewer:worker: decoded bitmap 11 in 674ms
2026-06-11T09:01:18.214Z INFO  pdf-viewer: job job-288 completed in 1433ms
2026-06-11T09:01:19.124Z DEBUG csv-viewer: worker boundary clone 3797KB
2026-06-11T09:01:20.583Z DEBUG schema: worker boundary clone 1186KB
2026-06-11T09:01:21.313Z WARN  auth: slow render 2190ms for page 202
2026-06-11T09:01:21.947Z INFO  extract: request r5090 accepted
2026-06-11T09:01:22.453Z ERROR file-viewer: render aborted for page 370 (cancelled)
2026-06-11T09:01:22.844Z DEBUG classify: scroll progress 0.651
2026-06-11T09:01:24.078Z INFO  storage: rendered page 552/585
2026-06-11T09:01:24.651Z ERROR storage: timeout fetching deck.pptx after 1211ms
2026-06-11T09:01:25.219Z ERROR storage: render aborted for page 78 (cancelled)
2026-06-11T09:01:26.552Z DEBUG extract: decoded bitmap 502 in 2037ms
2026-06-11T09:01:27.521Z DEBUG schema: decoded bitmap 545 in 1352ms
2026-06-11T09:01:28.794Z INFO  file-viewer: request r6650 accepted
2026-06-11T09:01:30.179Z INFO  metrics: uploaded contract.docx (2120KB)
2026-06-11T09:01:31.562Z INFO  split:consensus: rendered page 27/585
2026-06-11T09:01:32.398Z INFO  loader: uploaded financials.xlsx (3084KB)
2026-06-11T09:01:33.786Z DEBUG schema: virtualizer window [72,577] of 585
2026-06-11T09:01:34.677Z INFO  storage: extraction emitted 3 fields
2026-06-11T09:01:35.625Z DEBUG metrics: cache hit for notes.md
2026-06-11T09:01:36.547Z INFO  pdf-viewer: job job-264 completed in 1768ms
2026-06-11T09:01:37.689Z DEBUG router: decoded bitmap 237 in 205ms
2026-06-11T09:01:38.390Z ERROR loader: timeout fetching scan.tiff after 1918ms
2026-06-11T09:01:39.111Z INFO  csv-viewer: detected category=image for notes.md
2026-06-11T09:01:39.675Z DEBUG pdf-viewer: code-split chunk pdf-viewer loaded in 1532ms
2026-06-11T09:01:40.993Z INFO  loader: job job-619 completed in 1523ms
2026-06-11T09:01:41.810Z INFO  extract: extraction emitted 11 fields
2026-06-11T09:01:42.261Z DEBUG loader: cache hit for financials.xlsx
2026-06-11T09:01:43.226Z WARN  classify: slow render 2193ms for page 445
2026-06-11T09:01:43.638Z WARN  loader: slow render 1276ms for page 333
2026-06-11T09:01:44.469Z DEBUG auth: scroll progress 0.634
2026-06-11T09:01:45.026Z INFO  router: consensus reached on 8 voters
2026-06-11T09:01:46.364Z DEBUG extract: virtualizer window [28,584] of 585
2026-06-11T09:01:47.353Z INFO  classify: extraction emitted 4 fields
2026-06-11T09:01:48.285Z WARN  storage: bitmap LRU at capacity (8), evicting page@29
2026-06-11T09:01:49.704Z DEBUG router: worker boundary clone 3994KB
2026-06-11T09:01:50.145Z DEBUG pdf-viewer: worker boundary clone 3004KB
2026-06-11T09:01:51.590Z ERROR classify: render aborted for page 511 (cancelled)
2026-06-11T09:01:51.882Z ERROR xlsx-viewer:worker: render aborted for page 268 (cancelled)
2026-06-11T09:01:52.530Z WARN  storage: slow render 1629ms for page 307
2026-06-11T09:01:53.777Z ERROR split:consensus: failed to parse scan.tiff: unexpected token at byte 582
2026-06-11T09:01:54.810Z DEBUG file-viewer: scroll progress 0.545
2026-06-11T09:01:55.134Z DEBUG extract: scroll progress 0.535
2026-06-11T09:01:56.090Z INFO  classify: uploaded sales.csv (1766KB)
2026-06-11T09:01:56.313Z DEBUG storage: code-split chunk pdf-viewer loaded in 1546ms
2026-06-11T09:01:57.300Z DEBUG storage: cache hit for financials.xlsx
2026-06-11T09:01:58.742Z ERROR auth: failed to parse financials.xlsx: unexpected token at byte 574
2026-06-11T09:01:59.302Z INFO  loader: extraction emitted 4 fields
2026-06-11T09:02:00.748Z INFO  auth: sheet 8 flattened (37934 rows)
2026-06-11T09:02:02.094Z DEBUG file-viewer: decoded bitmap 7 in 2041ms
2026-06-11T09:02:02.408Z ERROR storage: worker job-134 crashed: OOM
2026-06-11T09:02:03.163Z INFO  pdf-viewer: consensus reached on 6 voters
2026-06-11T09:02:04.152Z ERROR split:consensus: timeout fetching report.pdf after 212ms
2026-06-11T09:02:04.838Z ERROR storage: failed to parse report.pdf: unexpected token at byte 570
2026-06-11T09:02:05.000Z INFO  extract: job job-204 completed in 97ms
2026-06-11T09:02:05.475Z DEBUG xlsx-viewer:worker: decoded bitmap 551 in 1804ms
2026-06-11T09:02:06.503Z INFO  csv-viewer: job job-459 completed in 1222ms
2026-06-11T09:02:07.897Z INFO  csv-viewer: extraction emitted 3 fields
2026-06-11T09:02:08.172Z INFO  loader: detected category=xlsx for financials.xlsx
2026-06-11T09:02:08.529Z ERROR file-viewer: failed to parse deck.pptx: unexpected token at byte 564
2026-06-11T09:02:09.110Z INFO  extract: uploaded sales.csv (3914KB)
2026-06-11T09:02:10.336Z INFO  file-viewer: uploaded sales.csv (1554KB)
2026-06-11T09:02:10.713Z INFO  schema: consensus reached on 7 voters
2026-06-11T09:02:11.186Z INFO  xlsx-viewer:worker: detected category=image for sales.csv
2026-06-11T09:02:11.905Z INFO  xlsx-viewer:worker: uploaded scan.tiff (4495KB)
2026-06-11T09:02:12.819Z ERROR loader: failed to parse contract.docx: unexpected token at byte 585
2026-06-11T09:02:13.617Z ERROR metrics: render aborted for page 368 (cancelled)
2026-06-11T09:02:14.783Z INFO  classify: sheet 5 flattened (9327 rows)
2026-06-11T09:02:15.073Z WARN  cache: memory pressure: 3359KB resident
2026-06-11T09:02:16.308Z WARN  auth: bitmap LRU at capacity (8), evicting page@68
2026-06-11T09:02:17.265Z INFO  split:consensus: detected category=xlsx for contract.docx
2026-06-11T09:02:18.162Z INFO  auth: request r6640 accepted
2026-06-11T09:02:19.326Z ERROR auth: timeout fetching sales.csv after 999ms
2026-06-11T09:02:20.093Z INFO  router: consensus reached on 4 voters
2026-06-11T09:02:21.143Z DEBUG classify: scroll progress 0.193
2026-06-11T09:02:21.757Z WARN  classify: bitmap LRU at capacity (8), evicting page@203
2026-06-11T09:02:22.265Z WARN  file-viewer: memory pressure: 3598KB resident
2026-06-11T09:02:23.617Z WARN  file-viewer: slow render 1320ms for page 333
2026-06-11T09:02:23.647Z INFO  router: consensus reached on 12 voters
2026-06-11T09:02:24.677Z DEBUG cache: decoded bitmap 10 in 1490ms
2026-06-11T09:02:25.691Z INFO  storage: uploaded financials.xlsx (3244KB)
2026-06-11T09:02:25.798Z DEBUG metrics: scroll progress 0.89
2026-06-11T09:02:26.540Z DEBUG cache: worker boundary clone 2917KB
2026-06-11T09:02:26.923Z INFO  loader: request r8851 accepted
2026-06-11T09:02:28.001Z ERROR router: render aborted for page 276 (cancelled)
2026-06-11T09:02:28.217Z WARN  pdf-viewer: retrying contract.docx (attempt 8)
2026-06-11T09:02:29.559Z INFO  metrics: consensus reached on 3 voters
2026-06-11T09:02:30.464Z INFO  split:consensus: detected category=xlsx for sales.csv
2026-06-11T09:02:31.651Z ERROR extract: render aborted for page 374 (cancelled)
2026-06-11T09:02:31.696Z INFO  schema: request r4856 accepted
2026-06-11T09:02:32.653Z DEBUG classify: decoded bitmap 442 in 2263ms
2026-06-11T09:02:33.440Z DEBUG cache: virtualizer window [321,571] of 585
2026-06-11T09:02:34.307Z ERROR csv-viewer: render aborted for page 584 (cancelled)
2026-06-11T09:02:34.443Z INFO  classify: sheet 6 flattened (66955 rows)
2026-06-11T09:02:35.010Z ERROR cache: failed to parse report.pdf: unexpected token at byte 568
2026-06-11T09:02:35.846Z INFO  metrics: consensus reached on 10 voters
2026-06-11T09:02:37.016Z INFO  metrics: detected category=pdf for sales.csv
2026-06-11T09:02:37.714Z DEBUG xlsx-viewer:worker: code-split chunk pptx-viewer loaded in 1802ms
2026-06-11T09:02:38.506Z INFO  pdf-viewer: extraction emitted 4 fields
2026-06-11T09:02:39.690Z DEBUG extract: cache hit for scan.tiff
2026-06-11T09:02:41.123Z WARN  auth: slow render 1928ms for page 293
2026-06-11T09:02:41.999Z DEBUG router: cache hit for financials.xlsx
2026-06-11T09:02:42.455Z INFO  storage: consensus reached on 9 voters
2026-06-11T09:02:43.261Z ERROR pdf-viewer: failed to parse financials.xlsx: unexpected token at byte 564
2026-06-11T09:02:43.905Z WARN  schema: retrying notes.md (attempt 3)
2026-06-11T09:02:45.036Z INFO  router: detected category=xlsx for sales.csv
2026-06-11T09:02:46.397Z INFO  xlsx-viewer:worker: consensus reached on 12 voters
2026-06-11T09:02:46.608Z DEBUG classify: cache hit for scan.tiff
2026-06-11T09:02:48.052Z INFO  extract: job job-501 completed in 950ms
2026-06-11T09:02:49.440Z ERROR auth: worker job-473 crashed: OOM
2026-06-11T09:02:49.464Z WARN  extract: memory pressure: 3775KB resident
2026-06-11T09:02:50.052Z DEBUG metrics: virtualizer window [440,569] of 585
2026-06-11T09:02:50.155Z ERROR cache: timeout fetching sales.csv after 1603ms
2026-06-11T09:02:50.643Z DEBUG classify: virtualizer window [284,575] of 585
2026-06-11T09:02:51.159Z DEBUG metrics: scroll progress 0.202
2026-06-11T09:02:52.457Z INFO  auth: detected category=pdf for notes.md
2026-06-11T09:02:52.757Z INFO  schema: extraction emitted 12 fields
2026-06-11T09:02:53.690Z INFO  router: request r2802 accepted
2026-06-11T09:02:54.752Z DEBUG classify: code-split chunk schema-builder loaded in 954ms
2026-06-11T09:02:56.069Z DEBUG xlsx-viewer:worker: decoded bitmap 105 in 2168ms
2026-06-11T09:02:57.091Z ERROR auth: failed to parse deck.pptx: unexpected token at byte 563
2026-06-11T09:02:57.447Z INFO  auth: detected category=xlsx for notes.md
2026-06-11T09:02:57.481Z ERROR metrics: failed to parse contract.docx: unexpected token at byte 568
2026-06-11T09:02:58.527Z WARN  file-viewer: slow render 2197ms for page 424
2026-06-11T09:02:58.684Z WARN  cache: bitmap LRU at capacity (8), evicting page@202
2026-06-11T09:02:58.765Z INFO  pdf-viewer: uploaded deck.pptx (250KB)
2026-06-11T09:02:59.395Z INFO  loader: request r7386 accepted
2026-06-11T09:02:59.583Z ERROR xlsx-viewer:worker: worker job-514 crashed: OOM
2026-06-11T09:03:00.549Z INFO  auth: sheet 3 flattened (89295 rows)
2026-06-11T09:03:01.329Z INFO  pdf-viewer: rendered page 538/585
2026-06-11T09:03:02.387Z DEBUG loader: cache hit for financials.xlsx
2026-06-11T09:03:02.730Z INFO  metrics: consensus reached on 6 voters
2026-06-11T09:03:02.750Z INFO  auth: sheet 3 flattened (55288 rows)
2026-06-11T09:03:03.731Z INFO  file-viewer: job job-237 completed in 46ms
2026-06-11T09:03:03.902Z WARN  metrics: slow render 1578ms for page 352
2026-06-11T09:03:04.524Z INFO  metrics: sheet 1 flattened (81176 rows)
2026-06-11T09:03:04.555Z WARN  storage: bitmap LRU at capacity (8), evicting page@98
2026-06-11T09:03:05.937Z INFO  extract: uploaded sales.csv (3313KB)
2026-06-11T09:03:07.319Z INFO  csv-viewer: extraction emitted 5 fields
2026-06-11T09:03:08.578Z DEBUG pdf-viewer: worker boundary clone 1343KB
2026-06-11T09:03:09.477Z DEBUG classify: cache hit for sales.csv
2026-06-11T09:03:10.421Z DEBUG metrics: worker boundary clone 1847KB
2026-06-11T09:03:11.031Z WARN  metrics: bitmap LRU at capacity (8), evicting page@458
2026-06-11T09:03:11.766Z INFO  file-viewer: job job-895 completed in 1586ms
2026-06-11T09:03:11.997Z INFO  xlsx-viewer:worker: rendered page 300/585
2026-06-11T09:03:13.491Z INFO  pdf-viewer: rendered page 48/585
2026-06-11T09:03:14.097Z ERROR pdf-viewer: worker job-748 crashed: OOM
2026-06-11T09:03:15.519Z DEBUG router: scroll progress 0.844
2026-06-11T09:03:16.785Z WARN  file-viewer: memory pressure: 2762KB resident
2026-06-11T09:03:17.487Z INFO  csv-viewer: request r7329 accepted
2026-06-11T09:03:17.583Z DEBUG metrics: worker boundary clone 204KB
2026-06-11T09:03:18.239Z DEBUG pdf-viewer: virtualizer window [453,567] of 585
2026-06-11T09:03:19.454Z DEBUG extract: virtualizer window [528,578] of 585
2026-06-11T09:03:19.871Z INFO  csv-viewer: rendered page 335/585
2026-06-11T09:03:20.543Z DEBUG classify: code-split chunk schema-builder loaded in 1900ms
2026-06-11T09:03:20.624Z INFO  metrics: extraction emitted 9 fields
2026-06-11T09:03:21.648Z WARN  storage: memory pressure: 1707KB resident
2026-06-11T09:03:23.119Z DEBUG csv-viewer: virtualizer window [139,568] of 585
2026-06-11T09:03:24.101Z INFO  file-viewer: consensus reached on 3 voters
2026-06-11T09:03:24.738Z INFO  classify: sheet 1 flattened (71327 rows)
2026-06-11T09:03:25.904Z DEBUG file-viewer: cache hit for report.pdf
2026-06-11T09:03:26.711Z ERROR split:consensus: failed to parse scan.tiff: unexpected token at byte 563
2026-06-11T09:03:26.867Z ERROR loader: failed to parse contract.docx: unexpected token at byte 568
2026-06-11T09:03:28.340Z DEBUG auth: virtualizer window [325,568] of 585
2026-06-11T09:03:29.793Z DEBUG auth: worker boundary clone 2076KB
2026-06-11T09:03:30.565Z INFO  loader: sheet 8 flattened (70082 rows)
2026-06-11T09:03:31.218Z INFO  loader: detected category=pptx for deck.pptx
2026-06-11T09:03:31.501Z INFO  loader: job job-971 completed in 1176ms
2026-06-11T09:03:32.093Z INFO  cache: request r4408 accepted
2026-06-11T09:03:33.183Z WARN  router: retrying report.pdf (attempt 6)
2026-06-11T09:03:33.268Z DEBUG xlsx-viewer:worker: decoded bitmap 295 in 2195ms
2026-06-11T09:03:34.111Z INFO  classify: rendered page 24/585
2026-06-11T09:03:34.783Z INFO  cache: job job-463 completed in 574ms
2026-06-11T09:03:35.914Z DEBUG classify: scroll progress 0.652
2026-06-11T09:03:37.008Z INFO  classify: detected category=image for scan.tiff
2026-06-11T09:03:37.879Z DEBUG metrics: virtualizer window [412,585] of 585
2026-06-11T09:03:39.260Z DEBUG loader: virtualizer window [336,571] of 585
2026-06-11T09:03:39.580Z INFO  metrics: detected category=pdf for notes.md
2026-06-11T09:03:39.959Z WARN  storage: bitmap LRU at capacity (8), evicting page@415
2026-06-11T09:03:41.201Z WARN  auth: bitmap LRU at capacity (8), evicting page@387
2026-06-11T09:03:42.468Z INFO  file-viewer: request r5994 accepted
2026-06-11T09:03:43.798Z ERROR auth: failed to parse sales.csv: unexpected token at byte 568
2026-06-11T09:03:44.908Z WARN  auth: memory pressure: 2948KB resident
2026-06-11T09:03:45.382Z INFO  loader: job job-886 completed in 1227ms
2026-06-11T09:03:45.640Z INFO  storage: extraction emitted 5 fields
2026-06-11T09:03:46.807Z DEBUG schema: virtualizer window [245,564] of 585
2026-06-11T09:03:46.961Z ERROR metrics: render aborted for page 444 (cancelled)
2026-06-11T09:03:47.303Z DEBUG classify: decoded bitmap 174 in 2187ms
2026-06-11T09:03:47.604Z DEBUG metrics: worker boundary clone 174KB
2026-06-11T09:03:48.189Z WARN  xlsx-viewer:worker: retrying contract.docx (attempt 7)
2026-06-11T09:03:49.538Z INFO  loader: uploaded scan.tiff (1269KB)
2026-06-11T09:03:50.289Z DEBUG storage: decoded bitmap 77 in 1368ms
2026-06-11T09:03:50.793Z INFO  classify: job job-977 completed in 423ms
2026-06-11T09:03:51.063Z DEBUG storage: code-split chunk docx-viewer loaded in 1015ms
2026-06-11T09:03:52.276Z DEBUG classify: cache hit for financials.xlsx
2026-06-11T09:03:52.555Z INFO  file-viewer: request r1742 accepted
2026-06-11T09:03:52.665Z ERROR auth: worker job-733 crashed: OOM
2026-06-11T09:03:53.261Z INFO  extract: job job-189 completed in 647ms
2026-06-11T09:03:53.529Z ERROR router: timeout fetching report.pdf after 113ms
2026-06-11T09:03:53.634Z ERROR pdf-viewer: render aborted for page 131 (cancelled)
2026-06-11T09:03:55.045Z WARN  split:consensus: memory pressure: 3489KB resident
2026-06-11T09:03:56.339Z WARN  router: bitmap LRU at capacity (8), evicting page@296
2026-06-11T09:03:56.679Z INFO  storage: job job-574 completed in 1590ms
2026-06-11T09:03:57.446Z ERROR auth: worker job-475 crashed: OOM
2026-06-11T09:03:58.657Z WARN  xlsx-viewer:worker: bitmap LRU at capacity (8), evicting page@101
2026-06-11T09:03:59.827Z ERROR router: failed to parse scan.tiff: unexpected token at byte 565
2026-06-11T09:03:59.927Z DEBUG auth: scroll progress 0.807
2026-06-11T09:04:01.179Z INFO  loader: rendered page 454/585
2026-06-11T09:04:01.630Z DEBUG csv-viewer: code-split chunk schema-builder loaded in 1136ms
2026-06-11T09:04:02.302Z INFO  metrics: extraction emitted 2 fields
2026-06-11T09:04:02.359Z DEBUG metrics: cache hit for financials.xlsx
2026-06-11T09:04:02.943Z ERROR schema: timeout fetching financials.xlsx after 1814ms
2026-06-11T09:04:03.967Z DEBUG csv-viewer: scroll progress 0.61
2026-06-11T09:04:04.267Z ERROR extract: failed to parse scan.tiff: unexpected token at byte 581
2026-06-11T09:04:05.406Z INFO  auth: consensus reached on 11 voters
2026-06-11T09:04:05.627Z WARN  extract: bitmap LRU at capacity (8), evicting page@411
2026-06-11T09:04:05.895Z INFO  metrics: job job-802 completed in 207ms
2026-06-11T09:04:07.283Z ERROR loader: timeout fetching notes.md after 1857ms
2026-06-11T09:04:08.408Z WARN  file-viewer: slow render 2295ms for page 439
2026-06-11T09:04:09.316Z INFO  csv-viewer: consensus reached on 5 voters
2026-06-11T09:04:09.419Z DEBUG auth: cache hit for scan.tiff
2026-06-11T09:04:10.627Z DEBUG xlsx-viewer:worker: worker boundary clone 2681KB
2026-06-11T09:04:11.611Z INFO  file-viewer: consensus reached on 5 voters
2026-06-11T09:04:12.935Z INFO  csv-viewer: rendered page 508/585
2026-06-11T09:04:13.930Z ERROR schema: timeout fetching scan.tiff after 246ms
2026-06-11T09:04:15.299Z INFO  metrics: sheet 6 flattened (17889 rows)
2026-06-11T09:04:16.135Z INFO  loader: rendered page 349/585
2026-06-11T09:04:17.401Z WARN  storage: retrying notes.md (attempt 12)
2026-06-11T09:04:17.526Z ERROR storage: failed to parse notes.md: unexpected token at byte 565
2026-06-11T09:04:18.707Z INFO  file-viewer: extraction emitted 4 fields
2026-06-11T09:04:19.684Z WARN  metrics: bitmap LRU at capacity (8), evicting page@33
2026-06-11T09:04:20.904Z DEBUG schema: cache hit for sales.csv
2026-06-11T09:04:21.126Z INFO  auth: sheet 11 flattened (3431 rows)
2026-06-11T09:04:21.247Z WARN  file-viewer: slow render 1885ms for page 122
2026-06-11T09:04:22.209Z DEBUG router: virtualizer window [281,560] of 585
2026-06-11T09:04:22.911Z INFO  metrics: extraction emitted 3 fields
2026-06-11T09:04:23.012Z DEBUG cache: worker boundary clone 225KB
2026-06-11T09:04:24.430Z INFO  loader: job job-956 completed in 1587ms
2026-06-11T09:04:25.367Z ERROR router: failed to parse deck.pptx: unexpected token at byte 580
2026-06-11T09:04:26.263Z WARN  csv-viewer: bitmap LRU at capacity (8), evicting page@109
2026-06-11T09:04:27.513Z DEBUG router: worker boundary clone 1606KB
2026-06-11T09:04:28.886Z WARN  cache: retrying contract.docx (attempt 6)
2026-06-11T09:04:29.634Z INFO  metrics: detected category=text for scan.tiff
2026-06-11T09:04:30.065Z DEBUG split:consensus: worker boundary clone 440KB
2026-06-11T09:04:31.040Z INFO  metrics: consensus reached on 10 voters
2026-06-11T09:04:31.291Z WARN  file-viewer: retrying contract.docx (attempt 5)
2026-06-11T09:04:31.900Z WARN  router: retrying contract.docx (attempt 12)
2026-06-11T09:04:32.225Z WARN  pdf-viewer: memory pressure: 3262KB resident
2026-06-11T09:04:33.603Z DEBUG metrics: worker boundary clone 1281KB
2026-06-11T09:04:33.749Z ERROR storage: timeout fetching report.pdf after 417ms
2026-06-11T09:04:34.270Z DEBUG pdf-viewer: worker boundary clone 3148KB
2026-06-11T09:04:34.418Z DEBUG csv-viewer: cache hit for report.pdf
2026-06-11T09:04:34.785Z WARN  pdf-viewer: memory pressure: 1597KB resident
2026-06-11T09:04:35.921Z DEBUG xlsx-viewer:worker: virtualizer window [354,576] of 585
2026-06-11T09:04:37.030Z DEBUG schema: virtualizer window [310,562] of 585
2026-06-11T09:04:38.122Z DEBUG cache: worker boundary clone 3709KB
2026-06-11T09:04:38.986Z ERROR split:consensus: render aborted for page 264 (cancelled)
2026-06-11T09:04:40.256Z ERROR file-viewer: worker job-506 crashed: OOM
2026-06-11T09:04:40.414Z ERROR storage: timeout fetching financials.xlsx after 1929ms
2026-06-11T09:04:41.000Z DEBUG xlsx-viewer:worker: virtualizer window [414,585] of 585
2026-06-11T09:04:41.133Z INFO  xlsx-viewer:worker: consensus reached on 4 voters
2026-06-11T09:04:41.299Z DEBUG xlsx-viewer:worker: virtualizer window [494,569] of 585
2026-06-11T09:04:41.620Z DEBUG loader: decoded bitmap 507 in 987ms
2026-06-11T09:04:42.858Z INFO  auth: job job-446 completed in 2095ms
2026-06-11T09:04:44.232Z INFO  metrics: uploaded deck.pptx (1346KB)
2026-06-11T09:04:45.405Z INFO  router: rendered page 540/585
2026-06-11T09:04:45.710Z DEBUG classify: code-split chunk docx-viewer loaded in 1399ms
2026-06-11T09:04:46.008Z INFO  classify: extraction emitted 5 fields
2026-06-11T09:04:46.574Z INFO  pdf-viewer: detected category=text for financials.xlsx
2026-06-11T09:04:47.194Z WARN  cache: slow render 627ms for page 161
2026-06-11T09:04:48.220Z INFO  xlsx-viewer:worker: job job-909 completed in 1954ms
2026-06-11T09:04:48.601Z DEBUG split:consensus: code-split chunk docx-viewer loaded in 1182ms
2026-06-11T09:04:50.021Z DEBUG pdf-viewer: cache hit for contract.docx
2026-06-11T09:04:51.309Z DEBUG extract: virtualizer window [58,566] of 585
2026-06-11T09:04:52.307Z INFO  csv-viewer: rendered page 501/585
2026-06-11T09:04:53.342Z DEBUG xlsx-viewer:worker: decoded bitmap 308 in 2279ms
2026-06-11T09:04:54.432Z INFO  storage: extraction emitted 5 fields
2026-06-11T09:04:55.587Z INFO  pdf-viewer: sheet 1 flattened (33429 rows)
2026-06-11T09:04:56.846Z DEBUG extract: decoded bitmap 530 in 559ms
2026-06-11T09:04:57.394Z DEBUG classify: worker boundary clone 1612KB
2026-06-11T09:04:57.820Z INFO  split:consensus: job job-833 completed in 42ms
2026-06-11T09:04:58.121Z INFO  extract: consensus reached on 12 voters
2026-06-11T09:04:58.258Z DEBUG storage: scroll progress 0.878
2026-06-11T09:04:59.007Z INFO  loader: consensus reached on 5 voters
2026-06-11T09:04:59.522Z INFO  schema: sheet 2 flattened (67664 rows)
2026-06-11T09:05:00.123Z INFO  classify: sheet 10 flattened (81580 rows)
2026-06-11T09:05:01.293Z INFO  router: sheet 8 flattened (22728 rows)
2026-06-11T09:05:02.681Z DEBUG extract: cache hit for sales.csv
2026-06-11T09:05:04.073Z INFO  extract: rendered page 315/585
2026-06-11T09:05:04.159Z DEBUG pdf-viewer: worker boundary clone 3751KB
2026-06-11T09:05:04.431Z ERROR classify: timeout fetching financials.xlsx after 1762ms
2026-06-11T09:05:05.848Z WARN  loader: retrying deck.pptx (attempt 4)
2026-06-11T09:05:06.765Z DEBUG csv-viewer: worker boundary clone 1487KB
2026-06-11T09:05:07.010Z INFO  cache: consensus reached on 10 voters
2026-06-11T09:05:07.553Z INFO  storage: job job-637 completed in 600ms
2026-06-11T09:05:07.991Z ERROR xlsx-viewer:worker: failed to parse scan.tiff: unexpected token at byte 570
2026-06-11T09:05:08.146Z DEBUG classify: worker boundary clone 392KB
2026-06-11T09:05:08.218Z WARN  classify: retrying deck.pptx (attempt 8)
2026-06-11T09:05:09.592Z INFO  cache: sheet 9 flattened (36080 rows)
2026-06-11T09:05:09.636Z INFO  router: request r5753 accepted
2026-06-11T09:05:09.806Z DEBUG storage: scroll progress 0.037
2026-06-11T09:05:11.015Z ERROR router: render aborted for page 220 (cancelled)
2026-06-11T09:05:12.506Z WARN  pdf-viewer: retrying notes.md (attempt 3)
2026-06-11T09:05:12.695Z DEBUG auth: code-split chunk schema-builder loaded in 1903ms
2026-06-11T09:05:12.716Z INFO  csv-viewer: sheet 10 flattened (17998 rows)
2026-06-11T09:05:13.381Z INFO  xlsx-viewer:worker: request r7850 accepted
2026-06-11T09:05:14.161Z ERROR xlsx-viewer:worker: timeout fetching notes.md after 341ms
2026-06-11T09:05:15.118Z INFO  auth: job job-642 completed in 811ms
2026-06-11T09:05:16.415Z INFO  xlsx-viewer:worker: request r1084 accepted
2026-06-11T09:05:16.551Z DEBUG auth: cache hit for deck.pptx
2026-06-11T09:05:16.913Z DEBUG csv-viewer: decoded bitmap 290 in 1071ms
2026-06-11T09:05:17.771Z WARN  schema: retrying sales.csv (attempt 8)
2026-06-11T09:05:18.577Z DEBUG router: virtualizer window [504,580] of 585
2026-06-11T09:05:19.469Z ERROR xlsx-viewer:worker: timeout fetching report.pdf after 2199ms
2026-06-11T09:05:20.929Z ERROR loader: render aborted for page 216 (cancelled)
2026-06-11T09:05:21.857Z INFO  file-viewer: uploaded financials.xlsx (4394KB)
2026-06-11T09:05:22.450Z DEBUG auth: decoded bitmap 381 in 1763ms
2026-06-11T09:05:23.105Z INFO  split:consensus: job job-779 completed in 1522ms
2026-06-11T09:05:23.187Z DEBUG split:consensus: scroll progress 0.127
2026-06-11T09:05:23.305Z ERROR file-viewer: timeout fetching scan.tiff after 2312ms
2026-06-11T09:05:23.404Z INFO  csv-viewer: rendered page 322/585
2026-06-11T09:05:24.812Z INFO  extract: consensus reached on 11 voters
2026-06-11T09:05:25.768Z ERROR auth: timeout fetching deck.pptx after 929ms
2026-06-11T09:05:26.695Z INFO  metrics: detected category=pptx for deck.pptx
2026-06-11T09:05:26.850Z INFO  pdf-viewer: detected category=xlsx for notes.md
2026-06-11T09:05:28.081Z DEBUG file-viewer: decoded bitmap 113 in 1854ms
2026-06-11T09:05:28.628Z WARN  metrics: retrying contract.docx (attempt 4)
2026-06-11T09:05:29.739Z INFO  loader: request r2053 accepted
2026-06-11T09:05:31.087Z INFO  router: job job-522 completed in 2152ms
2026-06-11T09:05:31.575Z INFO  csv-viewer: rendered page 536/585
2026-06-11T09:05:31.616Z INFO  classify: job job-639 completed in 798ms
2026-06-11T09:05:32.783Z ERROR classify: failed to parse contract.docx: unexpected token at byte 566
2026-06-11T09:05:32.981Z WARN  csv-viewer: slow render 2152ms for page 169
2026-06-11T09:05:34.411Z INFO  storage: uploaded financials.xlsx (4078KB)
2026-06-11T09:05:35.251Z DEBUG split:consensus: scroll progress 0.161
2026-06-11T09:05:36.633Z DEBUG router: cache hit for scan.tiff
2026-06-11T09:05:37.307Z INFO  classify: request r4398 accepted
2026-06-11T09:05:37.776Z INFO  pdf-viewer: uploaded scan.tiff (206KB)
2026-06-11T09:05:38.757Z ERROR auth: failed to parse contract.docx: unexpected token at byte 579
2026-06-11T09:05:39.324Z INFO  xlsx-viewer:worker: sheet 3 flattened (35003 rows)
2026-06-11T09:05:40.133Z WARN  pdf-viewer: slow render 48ms for page 452
2026-06-11T09:05:40.490Z INFO  schema: uploaded scan.tiff (3293KB)
2026-06-11T09:05:41.886Z DEBUG csv-viewer: scroll progress 0.444
2026-06-11T09:05:42.215Z INFO  auth: rendered page 298/585
2026-06-11T09:05:42.454Z DEBUG csv-viewer: worker boundary clone 3635KB
2026-06-11T09:05:43.286Z DEBUG cache: scroll progress 0.703
2026-06-11T09:05:43.406Z DEBUG extract: virtualizer window [210,560] of 585
2026-06-11T09:05:44.444Z INFO  file-viewer: uploaded contract.docx (245KB)
2026-06-11T09:05:45.416Z WARN  cache: bitmap LRU at capacity (8), evicting page@89
2026-06-11T09:05:46.722Z INFO  xlsx-viewer:worker: detected category=text for deck.pptx
2026-06-11T09:05:47.678Z DEBUG loader: worker boundary clone 3872KB
2026-06-11T09:05:48.867Z ERROR router: worker job-204 crashed: OOM
2026-06-11T09:05:48.907Z ERROR xlsx-viewer:worker: worker job-639 crashed: OOM
2026-06-11T09:05:50.120Z DEBUG split:consensus: decoded bitmap 34 in 1139ms
2026-06-11T09:05:51.594Z DEBUG extract: worker boundary clone 3820KB
2026-06-11T09:05:52.541Z DEBUG auth: scroll progress 0.675
2026-06-11T09:05:53.690Z INFO  file-viewer: consensus reached on 11 voters
2026-06-11T09:05:54.646Z INFO  metrics: extraction emitted 2 fields
2026-06-11T09:05:55.448Z INFO  extract: consensus reached on 6 voters
2026-06-11T09:05:56.809Z DEBUG csv-viewer: decoded bitmap 436 in 1498ms
2026-06-11T09:05:58.154Z WARN  metrics: bitmap LRU at capacity (8), evicting page@109
2026-06-11T09:05:59.000Z DEBUG loader: code-split chunk schema-builder loaded in 300ms
2026-06-11T09:06:00.158Z INFO  metrics: job job-724 completed in 674ms
2026-06-11T09:06:00.804Z ERROR classify: timeout fetching notes.md after 1129ms
2026-06-11T09:06:02.146Z INFO  classify: rendered page 143/585
2026-06-11T09:06:02.765Z DEBUG auth: virtualizer window [527,562] of 585
2026-06-11T09:06:02.974Z DEBUG classify: cache hit for scan.tiff
2026-06-11T09:06:03.323Z DEBUG metrics: code-split chunk xlsx-viewer loaded in 1709ms
2026-06-11T09:06:04.583Z INFO  classify: rendered page 466/585
2026-06-11T09:06:05.303Z INFO  csv-viewer: job job-866 completed in 1798ms
2026-06-11T09:06:05.946Z WARN  classify: retrying deck.pptx (attempt 2)
2026-06-11T09:06:06.069Z INFO  cache: uploaded report.pdf (392KB)
2026-06-11T09:06:07.455Z INFO  file-viewer: extraction emitted 5 fields
2026-06-11T09:06:08.212Z INFO  xlsx-viewer:worker: sheet 8 flattened (10941 rows)
2026-06-11T09:06:09.375Z INFO  pdf-viewer: job job-881 completed in 582ms
2026-06-11T09:06:10.491Z WARN  loader: retrying financials.xlsx (attempt 4)
2026-06-11T09:06:11.110Z DEBUG split:consensus: cache hit for contract.docx
2026-06-11T09:06:11.973Z INFO  cache: uploaded scan.tiff (2475KB)
2026-06-11T09:06:13.211Z INFO  file-viewer: request r9170 accepted
2026-06-11T09:06:14.101Z ERROR loader: timeout fetching financials.xlsx after 419ms
2026-06-11T09:06:14.635Z DEBUG cache: virtualizer window [84,560] of 585
2026-06-11T09:06:15.400Z DEBUG metrics: worker boundary clone 2639KB
2026-06-11T09:06:15.804Z INFO  cache: uploaded sales.csv (1716KB)
2026-06-11T09:06:16.543Z WARN  metrics: memory pressure: 3566KB resident
2026-06-11T09:06:18.027Z INFO  auth: request r6882 accepted
2026-06-11T09:06:19.104Z INFO  split:consensus: detected category=text for notes.md
2026-06-11T09:06:20.570Z WARN  router: retrying financials.xlsx (attempt 9)
2026-06-11T09:06:20.840Z INFO  cache: detected category=pptx for financials.xlsx
2026-06-11T09:06:21.032Z INFO  xlsx-viewer:worker: job job-762 completed in 696ms
2026-06-11T09:06:22.222Z DEBUG extract: decoded bitmap 356 in 1663ms
2026-06-11T09:06:22.371Z DEBUG loader: decoded bitmap 439 in 1628ms
2026-06-11T09:06:23.541Z ERROR loader: worker job-117 crashed: OOM
2026-06-11T09:06:24.174Z ERROR schema: render aborted for page 170 (cancelled)
2026-06-11T09:06:25.146Z WARN  loader: bitmap LRU at capacity (8), evicting page@366
2026-06-11T09:06:26.643Z INFO  router: detected category=xlsx for notes.md
2026-06-11T09:06:28.119Z WARN  metrics: bitmap LRU at capacity (8), evicting page@316
2026-06-11T09:06:28.324Z WARN  classify: memory pressure: 4361KB resident
2026-06-11T09:06:28.879Z INFO  extract: request r5784 accepted
2026-06-11T09:06:30.158Z INFO  split:consensus: rendered page 232/585
2026-06-11T09:06:31.301Z ERROR cache: timeout fetching report.pdf after 457ms
2026-06-11T09:06:31.781Z INFO  auth: detected category=pdf for financials.xlsx
2026-06-11T09:06:32.042Z INFO  split:consensus: consensus reached on 7 voters
2026-06-11T09:06:32.861Z WARN  loader: bitmap LRU at capacity (8), evicting page@502
2026-06-11T09:06:32.938Z DEBUG extract: decoded bitmap 429 in 1057ms
2026-06-11T09:06:33.714Z INFO  router: rendered page 294/585
2026-06-11T09:06:35.128Z INFO  extract: uploaded scan.tiff (3247KB)
2026-06-11T09:06:35.934Z INFO  router: job job-858 completed in 448ms
2026-06-11T09:06:36.657Z WARN  extract: bitmap LRU at capacity (8), evicting page@441
2026-06-11T09:06:37.810Z INFO  xlsx-viewer:worker: extraction emitted 4 fields
2026-06-11T09:06:39.058Z DEBUG loader: worker boundary clone 3413KB
2026-06-11T09:06:39.155Z INFO  auth: extraction emitted 3 fields
2026-06-11T09:06:39.509Z INFO  file-viewer: request r2367 accepted
2026-06-11T09:06:39.824Z DEBUG csv-viewer: decoded bitmap 458 in 434ms
2026-06-11T09:06:39.856Z DEBUG pdf-viewer: virtualizer window [376,561] of 585
2026-06-11T09:06:40.246Z WARN  split:consensus: retrying contract.docx (attempt 8)
2026-06-11T09:06:41.414Z DEBUG xlsx-viewer:worker: decoded bitmap 489 in 604ms
2026-06-11T09:06:42.661Z INFO  file-viewer: rendered page 580/585
2026-06-11T09:06:43.863Z DEBUG xlsx-viewer:worker: virtualizer window [10,563] of 585
2026-06-11T09:06:45.255Z INFO  metrics: rendered page 315/585
2026-06-11T09:06:45.304Z DEBUG pdf-viewer: decoded bitmap 379 in 1300ms
2026-06-11T09:06:46.049Z ERROR auth: timeout fetching contract.docx after 1218ms
2026-06-11T09:06:46.906Z ERROR extract: timeout fetching scan.tiff after 1469ms
2026-06-11T09:06:47.665Z INFO  extract: extraction emitted 12 fields
2026-06-11T09:06:48.547Z DEBUG extract: cache hit for sales.csv
2026-06-11T09:06:49.411Z WARN  csv-viewer: slow render 188ms for page 505
2026-06-11T09:06:49.437Z ERROR split:consensus: failed to parse notes.md: unexpected token at byte 568
2026-06-11T09:06:49.963Z DEBUG schema: virtualizer window [159,560] of 585
2026-06-11T09:06:51.079Z INFO  loader: extraction emitted 7 fields
2026-06-11T09:06:51.833Z INFO  storage: request r3143 accepted
2026-06-11T09:06:52.306Z INFO  classify: detected category=text for scan.tiff
2026-06-11T09:06:53.640Z INFO  file-viewer: extraction emitted 7 fields
2026-06-11T09:06:54.438Z INFO  extract: request r6108 accepted
2026-06-11T09:06:55.660Z INFO  router: detected category=image for sales.csv
2026-06-11T09:06:55.740Z WARN  xlsx-viewer:worker: bitmap LRU at capacity (8), evicting page@381
2026-06-11T09:06:56.826Z WARN  cache: slow render 1548ms for page 143
2026-06-11T09:06:57.445Z INFO  classify: job job-414 completed in 2233ms
2026-06-11T09:06:58.529Z INFO  storage: extraction emitted 9 fields
2026-06-11T09:06:58.623Z ERROR loader: failed to parse contract.docx: unexpected token at byte 560
2026-06-11T09:06:59.884Z ERROR split:consensus: failed to parse sales.csv: unexpected token at byte 583
2026-06-11T09:07:00.786Z ERROR extract: failed to parse financials.xlsx: unexpected token at byte 567
2026-06-11T09:07:02.177Z INFO  router: detected category=pptx for financials.xlsx
2026-06-11T09:07:03.405Z INFO  pdf-viewer: detected category=xlsx for sales.csv
2026-06-11T09:07:04.629Z INFO  metrics: job job-981 completed in 427ms
2026-06-11T09:07:05.260Z WARN  router: retrying report.pdf (attempt 2)
2026-06-11T09:07:05.340Z INFO  metrics: rendered page 572/585
2026-06-11T09:07:06.197Z INFO  cache: detected category=text for notes.md
2026-06-11T09:07:06.395Z DEBUG pdf-viewer: virtualizer window [243,580] of 585
2026-06-11T09:07:06.841Z WARN  cache: slow render 2079ms for page 120
2026-06-11T09:07:08.000Z DEBUG schema: decoded bitmap 485 in 10ms
2026-06-11T09:07:08.389Z INFO  metrics: job job-748 completed in 58ms
2026-06-11T09:07:08.867Z ERROR extract: failed to parse financials.xlsx: unexpected token at byte 571
2026-06-11T09:07:08.999Z WARN  csv-viewer: memory pressure: 2434KB resident
2026-06-11T09:07:10.038Z INFO  storage: extraction emitted 7 fields
2026-06-11T09:07:10.623Z DEBUG loader: code-split chunk xlsx-viewer loaded in 2400ms
2026-06-11T09:07:10.686Z ERROR extract: timeout fetching financials.xlsx after 833ms
2026-06-11T09:07:11.003Z DEBUG extract: virtualizer window [516,562] of 585
2026-06-11T09:07:11.731Z INFO  storage: uploaded contract.docx (2897KB)
2026-06-11T09:07:12.278Z WARN  cache: retrying scan.tiff (attempt 4)
2026-06-11T09:07:13.113Z INFO  file-viewer: uploaded deck.pptx (1255KB)
2026-06-11T09:07:14.611Z DEBUG metrics: code-split chunk pptx-viewer loaded in 72ms
2026-06-11T09:07:15.226Z INFO  metrics: request r7178 accepted
2026-06-11T09:07:16.308Z DEBUG classify: virtualizer window [69,582] of 585
2026-06-11T09:07:16.773Z DEBUG auth: cache hit for scan.tiff
2026-06-11T09:07:17.945Z DEBUG loader: virtualizer window [528,566] of 585
2026-06-11T09:07:18.110Z WARN  extract: retrying report.pdf (attempt 2)
2026-06-11T09:07:18.582Z WARN  cache: memory pressure: 3928KB resident
2026-06-11T09:07:19.405Z INFO  loader: rendered page 382/585
2026-06-11T09:07:19.715Z INFO  loader: detected category=xlsx for sales.csv
2026-06-11T09:07:20.305Z DEBUG cache: scroll progress 0.496
2026-06-11T09:07:20.343Z INFO  split:consensus: detected category=pdf for notes.md
2026-06-11T09:07:21.825Z WARN  extract: bitmap LRU at capacity (8), evicting page@504
2026-06-11T09:07:22.626Z DEBUG metrics: code-split chunk xlsx-viewer loaded in 1139ms
2026-06-11T09:07:23.210Z ERROR schema: failed to parse contract.docx: unexpected token at byte 582
2026-06-11T09:07:24.668Z INFO  file-viewer: rendered page 439/585
2026-06-11T09:07:25.047Z INFO  classify: uploaded financials.xlsx (3416KB)
2026-06-11T09:07:25.601Z WARN  auth: retrying financials.xlsx (attempt 2)
2026-06-11T09:07:26.353Z INFO  extract: job job-637 completed in 2322ms
2026-06-11T09:07:26.942Z WARN  loader: slow render 2082ms for page 536
2026-06-11T09:07:27.595Z INFO  classify: extraction emitted 7 fields
2026-06-11T09:07:28.604Z INFO  pdf-viewer: job job-172 completed in 1791ms
2026-06-11T09:07:30.036Z INFO  extract: detected category=pdf for notes.md
2026-06-11T09:07:30.671Z INFO  auth: detected category=pdf for scan.tiff
2026-06-11T09:07:31.774Z INFO  pdf-viewer: detected category=text for contract.docx
2026-06-11T09:07:32.924Z INFO  csv-viewer: sheet 1 flattened (23771 rows)
2026-06-11T09:07:33.761Z DEBUG classify: cache hit for deck.pptx
2026-06-11T09:07:35.081Z INFO  cache: extraction emitted 4 fields
2026-06-11T09:07:35.786Z WARN  cache: memory pressure: 555KB resident
2026-06-11T09:07:36.458Z INFO  classify: job job-537 completed in 1470ms
2026-06-11T09:07:37.633Z INFO  storage: job job-481 completed in 1884ms
2026-06-11T09:07:38.884Z DEBUG router: virtualizer window [491,574] of 585
2026-06-11T09:07:40.208Z INFO  file-viewer: job job-928 completed in 1945ms
2026-06-11T09:07:40.411Z ERROR split:consensus: failed to parse contract.docx: unexpected token at byte 585
2026-06-11T09:07:41.001Z INFO  auth: extraction emitted 12 fields
2026-06-11T09:07:41.183Z INFO  classify: job job-992 completed in 736ms
2026-06-11T09:07:42.139Z INFO  cache: extraction emitted 12 fields
2026-06-11T09:07:43.127Z DEBUG extract: scroll progress 0.405
2026-06-11T09:07:43.815Z INFO  classify: detected category=pptx for deck.pptx
2026-06-11T09:07:44.923Z INFO  cache: consensus reached on 6 voters
2026-06-11T09:07:45.202Z ERROR split:consensus: render aborted for page 38 (cancelled)
2026-06-11T09:07:46.533Z INFO  schema: rendered page 475/585
2026-06-11T09:07:47.957Z INFO  router: detected category=pptx for report.pdf
2026-06-11T09:07:48.972Z INFO  split:consensus: uploaded scan.tiff (777KB)
2026-06-11T09:07:49.230Z DEBUG auth: worker boundary clone 1011KB
2026-06-11T09:07:49.573Z INFO  extract: detected category=xlsx for report.pdf
2026-06-11T09:07:50.451Z WARN  router: retrying report.pdf (attempt 6)
2026-06-11T09:07:51.392Z INFO  auth: sheet 2 flattened (56783 rows)
2026-06-11T09:07:51.545Z INFO  auth: job job-244 completed in 1088ms
2026-06-11T09:07:51.747Z DEBUG auth: virtualizer window [355,580] of 585
2026-06-11T09:07:52.421Z ERROR pdf-viewer: timeout fetching financials.xlsx after 1078ms
2026-06-11T09:07:52.921Z DEBUG xlsx-viewer:worker: cache hit for report.pdf
2026-06-11T09:07:53.351Z WARN  extract: retrying financials.xlsx (attempt 7)
2026-06-11T09:07:53.676Z WARN  schema: slow render 49ms for page 176
2026-06-11T09:07:55.129Z DEBUG storage: virtualizer window [544,576] of 585
2026-06-11T09:07:56.171Z ERROR auth: worker job-833 crashed: OOM
2026-06-11T09:07:57.382Z INFO  cache: rendered page 569/585
2026-06-11T09:07:57.655Z ERROR auth: failed to parse scan.tiff: unexpected token at byte 577
2026-06-11T09:07:58.348Z DEBUG loader: decoded bitmap 472 in 1440ms
2026-06-11T09:07:59.380Z INFO  metrics: detected category=pdf for scan.tiff
2026-06-11T09:08:00.158Z DEBUG storage: scroll progress 0.741
2026-06-11T09:08:01.133Z INFO  loader: rendered page 439/585
2026-06-11T09:08:02.251Z DEBUG cache: cache hit for deck.pptx
2026-06-11T09:08:02.982Z ERROR auth: worker job-381 crashed: OOM
2026-06-11T09:08:04.061Z INFO  split:consensus: uploaded contract.docx (856KB)
2026-06-11T09:08:04.725Z WARN  pdf-viewer: slow render 2120ms for page 553
2026-06-11T09:08:05.993Z ERROR auth: failed to parse contract.docx: unexpected token at byte 560
2026-06-11T09:08:06.613Z INFO  pdf-viewer: sheet 7 flattened (24161 rows)
2026-06-11T09:08:06.817Z ERROR loader: failed to parse sales.csv: unexpected token at byte 577
2026-06-11T09:08:07.909Z INFO  router: job job-385 completed in 174ms
2026-06-11T09:08:09.091Z ERROR cache: render aborted for page 495 (cancelled)
2026-06-11T09:08:09.575Z DEBUG router: virtualizer window [188,563] of 585
2026-06-11T09:08:11.032Z WARN  file-viewer: retrying sales.csv (attempt 9)
2026-06-11T09:08:12.130Z DEBUG classify: worker boundary clone 2753KB
2026-06-11T09:08:12.983Z ERROR csv-viewer: failed to parse scan.tiff: unexpected token at byte 583
2026-06-11T09:08:13.940Z INFO  file-viewer: job job-577 completed in 2077ms
2026-06-11T09:08:14.741Z ERROR auth: render aborted for page 574 (cancelled)
2026-06-11T09:08:16.183Z WARN  xlsx-viewer:worker: slow render 1155ms for page 415
2026-06-11T09:08:17.202Z ERROR cache: worker job-251 crashed: OOM
2026-06-11T09:08:17.974Z ERROR router: timeout fetching scan.tiff after 532ms
2026-06-11T09:08:18.607Z DEBUG schema: scroll progress 0.491
2026-06-11T09:08:19.572Z INFO  storage: extraction emitted 8 fields
2026-06-11T09:08:20.089Z DEBUG schema: decoded bitmap 97 in 1660ms
2026-06-11T09:08:21.518Z WARN  auth: bitmap LRU at capacity (8), evicting page@111
2026-06-11T09:08:22.239Z DEBUG pdf-viewer: code-split chunk docx-viewer loaded in 124ms
2026-06-11T09:08:22.520Z INFO  extract: sheet 3 flattened (25587 rows)
2026-06-11T09:08:23.899Z INFO  schema: request r2869 accepted
2026-06-11T09:08:24.359Z WARN  pdf-viewer: retrying sales.csv (attempt 5)
2026-06-11T09:08:25.353Z ERROR extract: render aborted for page 101 (cancelled)
2026-06-11T09:08:26.597Z INFO  router: extraction emitted 9 fields
2026-06-11T09:08:27.164Z ERROR file-viewer: timeout fetching notes.md after 129ms
2026-06-11T09:08:28.444Z DEBUG csv-viewer: worker boundary clone 1408KB
2026-06-11T09:08:29.550Z INFO  file-viewer: job job-287 completed in 678ms
2026-06-11T09:08:30.687Z DEBUG extract: scroll progress 0.555
2026-06-11T09:08:31.052Z INFO  cache: sheet 3 flattened (45664 rows)
2026-06-11T09:08:31.921Z INFO  cache: consensus reached on 5 voters
2026-06-11T09:08:33.021Z INFO  auth: detected category=xlsx for sales.csv
2026-06-11T09:08:33.667Z INFO  storage: uploaded financials.xlsx (4217KB)
2026-06-11T09:08:33.912Z DEBUG router: virtualizer window [53,564] of 585
2026-06-11T09:08:34.014Z INFO  schema: job job-294 completed in 1548ms
2026-06-11T09:08:35.223Z INFO  auth: detected category=pptx for deck.pptx
2026-06-11T09:08:36.509Z ERROR loader: render aborted for page 553 (cancelled)
2026-06-11T09:08:37.542Z INFO  cache: uploaded scan.tiff (4434KB)
2026-06-11T09:08:37.745Z WARN  cache: bitmap LRU at capacity (8), evicting page@458
2026-06-11T09:08:38.605Z DEBUG csv-viewer: worker boundary clone 3876KB
2026-06-11T09:08:39.627Z ERROR schema: worker job-550 crashed: OOM
2026-06-11T09:08:41.013Z DEBUG metrics: virtualizer window [23,568] of 585
2026-06-11T09:08:42.031Z ERROR extract: worker job-896 crashed: OOM
2026-06-11T09:08:42.997Z DEBUG loader: code-split chunk schema-builder loaded in 290ms
2026-06-11T09:08:43.738Z DEBUG classify: virtualizer window [28,584] of 585
2026-06-11T09:08:44.785Z INFO  storage: request r9441 accepted
2026-06-11T09:08:46.277Z DEBUG cache: decoded bitmap 206 in 210ms
2026-06-11T09:08:47.131Z INFO  auth: rendered page 64/585
2026-06-11T09:08:47.280Z ERROR split:consensus: failed to parse financials.xlsx: unexpected token at byte 571
2026-06-11T09:08:48.396Z INFO  router: job job-627 completed in 636ms
2026-06-11T09:08:49.818Z ERROR csv-viewer: timeout fetching notes.md after 418ms
2026-06-11T09:08:50.353Z DEBUG file-viewer: worker boundary clone 1955KB
2026-06-11T09:08:51.675Z DEBUG file-viewer: virtualizer window [303,576] of 585
2026-06-11T09:08:53.024Z DEBUG xlsx-viewer:worker: virtualizer window [138,583] of 585
2026-06-11T09:08:54.350Z INFO  loader: consensus reached on 12 voters
2026-06-11T09:08:55.420Z INFO  extract: request r7174 accepted
2026-06-11T09:08:55.779Z DEBUG loader: cache hit for notes.md
2026-06-11T09:08:56.496Z INFO  metrics: detected category=xlsx for contract.docx
2026-06-11T09:08:56.836Z WARN  classify: retrying contract.docx (attempt 5)
2026-06-11T09:08:56.959Z ERROR auth: worker job-300 crashed: OOM
2026-06-11T09:08:57.520Z INFO  metrics: rendered page 232/585
2026-06-11T09:08:58.872Z DEBUG schema: code-split chunk image-viewer loaded in 1090ms
2026-06-11T09:09:00.207Z INFO  extract: uploaded sales.csv (67KB)
2026-06-11T09:09:01.506Z INFO  loader: detected category=text for deck.pptx
2026-06-11T09:09:02.312Z WARN  cache: slow render 475ms for page 305
2026-06-11T09:09:03.112Z ERROR storage: timeout fetching report.pdf after 1784ms
2026-06-11T09:09:03.612Z INFO  classify: detected category=pptx for deck.pptx
2026-06-11T09:09:03.800Z ERROR cache: render aborted for page 533 (cancelled)
2026-06-11T09:09:05.150Z DEBUG classify: cache hit for deck.pptx
2026-06-11T09:09:05.817Z ERROR router: failed to parse sales.csv: unexpected token at byte 573
2026-06-11T09:09:05.934Z DEBUG file-viewer: cache hit for scan.tiff
2026-06-11T09:09:06.194Z INFO  cache: extraction emitted 3 fields
2026-06-11T09:09:06.250Z WARN  storage: retrying deck.pptx (attempt 6)
2026-06-11T09:09:07.014Z DEBUG storage: code-split chunk pdf-viewer loaded in 1835ms
2026-06-11T09:09:07.507Z INFO  router: job job-210 completed in 1797ms
2026-06-11T09:09:08.547Z INFO  file-viewer: extraction emitted 8 fields
2026-06-11T09:09:09.761Z WARN  classify: retrying scan.tiff (attempt 7)
2026-06-11T09:09:10.115Z ERROR file-viewer: timeout fetching deck.pptx after 434ms
2026-06-11T09:09:10.936Z INFO  metrics: sheet 6 flattened (50946 rows)
2026-06-11T09:09:11.633Z DEBUG router: virtualizer window [18,580] of 585
2026-06-11T09:09:12.504Z WARN  file-viewer: slow render 270ms for page 321
2026-06-11T09:09:13.476Z WARN  storage: slow render 1894ms for page 261
2026-06-11T09:09:14.091Z WARN  pdf-viewer: bitmap LRU at capacity (8), evicting page@202
2026-06-11T09:09:14.746Z DEBUG extract: cache hit for deck.pptx
2026-06-11T09:09:15.964Z WARN  auth: retrying scan.tiff (attempt 6)
2026-06-11T09:09:16.431Z INFO  schema: consensus reached on 4 voters
2026-06-11T09:09:16.688Z INFO  xlsx-viewer:worker: extraction emitted 2 fields
2026-06-11T09:09:17.101Z INFO  extract: job job-910 completed in 1414ms
2026-06-11T09:09:17.756Z INFO  split:consensus: consensus reached on 3 voters
2026-06-11T09:09:18.432Z DEBUG pdf-viewer: cache hit for report.pdf
2026-06-11T09:09:18.787Z DEBUG cache: worker boundary clone 3686KB
2026-06-11T09:09:19.590Z INFO  cache: rendered page 495/585
2026-06-11T09:09:20.491Z DEBUG file-viewer: cache hit for deck.pptx
2026-06-11T09:09:21.466Z INFO  loader: rendered page 466/585
2026-06-11T09:09:21.550Z DEBUG loader: code-split chunk image-viewer loaded in 2178ms
2026-06-11T09:09:22.101Z INFO  metrics: uploaded report.pdf (3420KB)
2026-06-11T09:09:22.228Z WARN  router: retrying contract.docx (attempt 8)
2026-06-11T09:09:23.708Z INFO  cache: consensus reached on 6 voters
2026-06-11T09:09:24.842Z DEBUG metrics: code-split chunk schema-builder loaded in 209ms
2026-06-11T09:09:25.404Z ERROR classify: worker job-424 crashed: OOM
2026-06-11T09:09:26.791Z DEBUG metrics: decoded bitmap 531 in 214ms
2026-06-11T09:09:27.007Z ERROR classify: render aborted for page 400 (cancelled)
2026-06-11T09:09:27.381Z INFO  storage: detected category=xlsx for sales.csv
2026-06-11T09:09:28.525Z INFO  storage: consensus reached on 3 voters
2026-06-11T09:09:29.945Z INFO  auth: request r5535 accepted
2026-06-11T09:09:30.276Z INFO  router: consensus reached on 9 voters
2026-06-11T09:09:31.686Z INFO  pdf-viewer: rendered page 139/585
2026-06-11T09:09:32.737Z INFO  csv-viewer: consensus reached on 8 voters
2026-06-11T09:09:33.832Z DEBUG xlsx-viewer:worker: worker boundary clone 2342KB
2026-06-11T09:09:34.773Z DEBUG loader: cache hit for scan.tiff
2026-06-11T09:09:34.991Z DEBUG auth: worker boundary clone 3428KB
2026-06-11T09:09:35.910Z INFO  split:consensus: rendered page 491/585
2026-06-11T09:09:36.700Z WARN  auth: memory pressure: 1236KB resident
2026-06-11T09:09:38.004Z WARN  split:consensus: retrying financials.xlsx (attempt 6)
2026-06-11T09:09:38.993Z WARN  schema: memory pressure: 3634KB resident
2026-06-11T09:09:39.799Z DEBUG metrics: scroll progress 0.528
2026-06-11T09:09:40.650Z WARN  pdf-viewer: memory pressure: 577KB resident
2026-06-11T09:09:41.621Z INFO  cache: rendered page 216/585
2026-06-11T09:09:42.423Z INFO  auth: uploaded financials.xlsx (3275KB)
2026-06-11T09:09:42.450Z INFO  schema: sheet 3 flattened (1454 rows)
2026-06-11T09:09:43.525Z INFO  router: sheet 8 flattened (2084 rows)
2026-06-11T09:09:44.676Z DEBUG cache: virtualizer window [281,564] of 585
2026-06-11T09:09:45.114Z DEBUG schema: scroll progress 0.637
2026-06-11T09:09:45.514Z INFO  schema: uploaded financials.xlsx (1135KB)
2026-06-11T09:09:45.558Z DEBUG loader: worker boundary clone 1906KB
2026-06-11T09:09:46.783Z DEBUG classify: virtualizer window [475,569] of 585
2026-06-11T09:09:47.974Z ERROR router: worker job-561 crashed: OOM
2026-06-11T09:09:48.414Z DEBUG extract: decoded bitmap 570 in 582ms
2026-06-11T09:09:49.182Z ERROR file-viewer: timeout fetching scan.tiff after 1207ms
2026-06-11T09:09:49.204Z DEBUG extract: scroll progress 0.57
2026-06-11T09:09:50.442Z ERROR router: timeout fetching notes.md after 2287ms
2026-06-11T09:09:51.119Z DEBUG xlsx-viewer:worker: virtualizer window [392,563] of 585
2026-06-11T09:09:51.710Z DEBUG schema: code-split chunk schema-builder loaded in 768ms
2026-06-11T09:09:53.071Z INFO  metrics: consensus reached on 3 voters
2026-06-11T09:09:54.396Z ERROR xlsx-viewer:worker: worker job-811 crashed: OOM
2026-06-11T09:09:54.731Z INFO  schema: rendered page 294/585
2026-06-11T09:09:55.916Z DEBUG extract: code-split chunk docx-viewer loaded in 1020ms
2026-06-11T09:09:56.243Z WARN  loader: slow render 2364ms for page 49
2026-06-11T09:09:56.451Z DEBUG split:consensus: scroll progress 0.893
2026-06-11T09:09:57.273Z INFO  classify: sheet 5 flattened (25548 rows)
2026-06-11T09:09:58.063Z INFO  classify: uploaded sales.csv (1675KB)
2026-06-11T09:09:59.453Z INFO  storage: extraction emitted 8 fields
2026-06-11T09:10:00.201Z INFO  loader: sheet 12 flattened (22916 rows)
2026-06-11T09:10:01.514Z WARN  classify: retrying report.pdf (attempt 2)
2026-06-11T09:10:02.074Z ERROR extract: failed to parse financials.xlsx: unexpected token at byte 574
2026-06-11T09:10:02.559Z DEBUG loader: cache hit for sales.csv
2026-06-11T09:10:03.178Z ERROR classify: render aborted for page 485 (cancelled)
2026-06-11T09:10:03.223Z DEBUG extract: scroll progress 0.314
2026-06-11T09:10:03.964Z DEBUG extract: decoded bitmap 504 in 257ms
2026-06-11T09:10:04.553Z INFO  schema: request r3723 accepted
2026-06-11T09:10:04.821Z WARN  loader: memory pressure: 1989KB resident
2026-06-11T09:10:06.151Z WARN  pdf-viewer: memory pressure: 126KB resident
2026-06-11T09:10:07.333Z ERROR csv-viewer: timeout fetching contract.docx after 1798ms
2026-06-11T09:10:07.385Z DEBUG file-viewer: virtualizer window [262,560] of 585
2026-06-11T09:10:08.852Z INFO  extract: uploaded financials.xlsx (1177KB)
2026-06-11T09:10:09.104Z INFO  router: request r9514 accepted
2026-06-11T09:10:10.032Z INFO  loader: job job-531 completed in 709ms
2026-06-11T09:10:11.240Z INFO  loader: request r7211 accepted
2026-06-11T09:10:11.862Z ERROR router: timeout fetching deck.pptx after 375ms
2026-06-11T09:10:13.010Z INFO  csv-viewer: job job-387 completed in 1929ms
2026-06-11T09:10:14.341Z WARN  storage: retrying notes.md (attempt 12)
2026-06-11T09:10:14.483Z INFO  cache: extraction emitted 12 fields
2026-06-11T09:10:15.090Z ERROR file-viewer: failed to parse sales.csv: unexpected token at byte 584
2026-06-11T09:10:16.121Z WARN  split:consensus: retrying sales.csv (attempt 4)
2026-06-11T09:10:16.444Z INFO  xlsx-viewer:worker: detected category=xlsx for sales.csv
2026-06-11T09:10:17.757Z WARN  loader: memory pressure: 2180KB resident
2026-06-11T09:10:18.181Z INFO  classify: uploaded notes.md (3211KB)
2026-06-11T09:10:19.676Z ERROR classify: timeout fetching sales.csv after 1352ms
2026-06-11T09:10:20.529Z DEBUG xlsx-viewer:worker: decoded bitmap 446 in 2211ms
2026-06-11T09:10:21.753Z INFO  file-viewer: consensus reached on 9 voters
2026-06-11T09:10:22.928Z WARN  xlsx-viewer:worker: memory pressure: 4086KB resident
2026-06-11T09:10:24.394Z ERROR storage: worker job-342 crashed: OOM
2026-06-11T09:10:25.257Z ERROR schema: render aborted for page 420 (cancelled)
2026-06-11T09:10:25.370Z ERROR xlsx-viewer:worker: worker job-637 crashed: OOM
2026-06-11T09:10:26.625Z INFO  metrics: consensus reached on 12 voters
2026-06-11T09:10:26.837Z DEBUG classify: virtualizer window [210,584] of 585
2026-06-11T09:10:27.914Z INFO  csv-viewer: job job-171 completed in 1891ms
2026-06-11T09:10:28.858Z DEBUG split:consensus: cache hit for report.pdf
2026-06-11T09:10:30.197Z DEBUG storage: scroll progress 0.189
2026-06-11T09:10:31.684Z DEBUG loader: decoded bitmap 384 in 2182ms
2026-06-11T09:10:32.678Z INFO  schema: request r9606 accepted
2026-06-11T09:10:33.429Z ERROR split:consensus: render aborted for page 439 (cancelled)
2026-06-11T09:10:34.060Z INFO  storage: extraction emitted 12 fields
2026-06-11T09:10:35.305Z INFO  storage: uploaded contract.docx (3071KB)
2026-06-11T09:10:35.579Z ERROR cache: worker job-330 crashed: OOM
2026-06-11T09:10:35.625Z DEBUG router: cache hit for financials.xlsx
2026-06-11T09:10:36.253Z INFO  loader: consensus reached on 4 voters
2026-06-11T09:10:37.477Z WARN  cache: retrying report.pdf (attempt 12)
2026-06-11T09:10:38.300Z INFO  extract: consensus reached on 6 voters
2026-06-11T09:10:39.471Z DEBUG csv-viewer: cache hit for deck.pptx
2026-06-11T09:10:40.366Z WARN  schema: memory pressure: 2619KB resident
2026-06-11T09:10:40.391Z ERROR split:consensus: failed to parse sales.csv: unexpected token at byte 561
2026-06-11T09:10:41.133Z DEBUG extract: cache hit for financials.xlsx
2026-06-11T09:10:42.364Z INFO  loader: sheet 12 flattened (48046 rows)
2026-06-11T09:10:43.163Z INFO  classify: job job-317 completed in 2277ms
2026-06-11T09:10:44.036Z DEBUG router: virtualizer window [272,569] of 585
2026-06-11T09:10:45.470Z INFO  split:consensus: sheet 3 flattened (4547 rows)
2026-06-11T09:10:45.664Z INFO  xlsx-viewer:worker: detected category=image for contract.docx
2026-06-11T09:10:46.451Z INFO  cache: sheet 3 flattened (45913 rows)
2026-06-11T09:10:47.934Z INFO  loader: consensus reached on 4 voters
2026-06-11T09:10:48.899Z INFO  split:consensus: consensus reached on 5 voters
2026-06-11T09:10:49.113Z INFO  router: job job-341 completed in 2315ms
2026-06-11T09:10:50.449Z DEBUG extract: scroll progress 0.992
2026-06-11T09:10:51.007Z ERROR loader: timeout fetching notes.md after 2151ms
2026-06-11T09:10:51.966Z ERROR file-viewer: render aborted for page 322 (cancelled)
2026-06-11T09:10:53.208Z ERROR storage: failed to parse contract.docx: unexpected token at byte 570
2026-06-11T09:10:54.528Z DEBUG loader: cache hit for financials.xlsx
2026-06-11T09:10:54.674Z INFO  pdf-viewer: detected category=text for contract.docx
2026-06-11T09:10:54.986Z DEBUG metrics: virtualizer window [455,570] of 585
2026-06-11T09:10:55.766Z INFO  storage: job job-804 completed in 2216ms
2026-06-11T09:10:56.973Z WARN  metrics: retrying scan.tiff (attempt 9)
2026-06-11T09:10:57.655Z INFO  classify: consensus reached on 10 voters
2026-06-11T09:10:58.298Z INFO  split:consensus: uploaded notes.md (1666KB)
2026-06-11T09:10:58.489Z WARN  pdf-viewer: memory pressure: 2470KB resident
2026-06-11T09:10:59.711Z INFO  file-viewer: extraction emitted 3 fields
2026-06-11T09:11:00.730Z DEBUG classify: worker boundary clone 2950KB
2026-06-11T09:11:01.589Z ERROR csv-viewer: failed to parse financials.xlsx: unexpected token at byte 563
2026-06-11T09:11:02.968Z DEBUG metrics: cache hit for deck.pptx
2026-06-11T09:11:04.189Z INFO  split:consensus: sheet 7 flattened (24953 rows)
2026-06-11T09:11:05.194Z INFO  metrics: request r1911 accepted
2026-06-11T09:11:06.563Z DEBUG file-viewer: scroll progress 0.197
2026-06-11T09:11:06.852Z INFO  extract: rendered page 471/585
2026-06-11T09:11:06.928Z WARN  pdf-viewer: memory pressure: 302KB resident
2026-06-11T09:11:07.400Z DEBUG split:consensus: virtualizer window [481,582] of 585
2026-06-11T09:11:08.875Z INFO  csv-viewer: uploaded report.pdf (2283KB)
2026-06-11T09:11:10.036Z WARN  xlsx-viewer:worker: retrying deck.pptx (attempt 9)
2026-06-11T09:11:11.400Z WARN  schema: memory pressure: 2523KB resident
2026-06-11T09:11:12.495Z DEBUG schema: decoded bitmap 36 in 74ms
2026-06-11T09:11:12.913Z INFO  cache: detected category=image for scan.tiff
2026-06-11T09:11:13.421Z DEBUG loader: code-split chunk docx-viewer loaded in 2001ms
2026-06-11T09:11:13.508Z DEBUG csv-viewer: code-split chunk image-viewer loaded in 1173ms
2026-06-11T09:11:14.096Z DEBUG pdf-viewer: scroll progress 0.062
2026-06-11T09:11:15.355Z WARN  router: retrying financials.xlsx (attempt 7)
2026-06-11T09:11:15.854Z ERROR file-viewer: render aborted for page 168 (cancelled)
2026-06-11T09:11:16.174Z INFO  csv-viewer: request r7213 accepted
2026-06-11T09:11:17.606Z DEBUG loader: virtualizer window [339,568] of 585
2026-06-11T09:11:18.814Z INFO  storage: request r6238 accepted
2026-06-11T09:11:19.212Z DEBUG xlsx-viewer:worker: scroll progress 0.057
2026-06-11T09:11:20.243Z DEBUG metrics: code-split chunk pptx-viewer loaded in 66ms
2026-06-11T09:11:21.618Z DEBUG pdf-viewer: virtualizer window [445,574] of 585
2026-06-11T09:11:22.867Z INFO  storage: sheet 3 flattened (71060 rows)
2026-06-11T09:11:23.217Z INFO  auth: request r6736 accepted
2026-06-11T09:11:23.318Z INFO  storage: extraction emitted 10 fields
2026-06-11T09:11:24.495Z DEBUG xlsx-viewer:worker: decoded bitmap 40 in 1496ms
2026-06-11T09:11:24.807Z INFO  storage: extraction emitted 7 fields
2026-06-11T09:11:25.938Z ERROR metrics: failed to parse financials.xlsx: unexpected token at byte 570
2026-06-11T09:11:27.432Z DEBUG auth: code-split chunk xlsx-viewer loaded in 1026ms
2026-06-11T09:11:27.498Z ERROR router: timeout fetching report.pdf after 418ms
2026-06-11T09:11:28.282Z DEBUG csv-viewer: cache hit for report.pdf
2026-06-11T09:11:29.249Z DEBUG extract: virtualizer window [92,573] of 585
2026-06-11T09:11:29.700Z WARN  loader: bitmap LRU at capacity (8), evicting page@163
2026-06-11T09:11:30.860Z INFO  router: request r9791 accepted
2026-06-11T09:11:31.451Z DEBUG schema: scroll progress 0.406
2026-06-11T09:11:32.921Z INFO  schema: extraction emitted 7 fields
2026-06-11T09:11:32.960Z ERROR metrics: worker job-444 crashed: OOM
2026-06-11T09:11:34.177Z DEBUG metrics: decoded bitmap 154 in 299ms
2026-06-11T09:11:34.486Z INFO  extract: rendered page 184/585
2026-06-11T09:11:35.661Z ERROR schema: render aborted for page 224 (cancelled)
2026-06-11T09:11:36.647Z INFO  auth: uploaded report.pdf (2368KB)
2026-06-11T09:11:37.028Z INFO  file-viewer: uploaded scan.tiff (1599KB)
2026-06-11T09:11:37.814Z WARN  cache: memory pressure: 2121KB resident
2026-06-11T09:11:37.996Z WARN  storage: memory pressure: 2738KB resident
2026-06-11T09:11:38.400Z INFO  storage: uploaded financials.xlsx (598KB)
2026-06-11T09:11:38.884Z DEBUG loader: worker boundary clone 3599KB
2026-06-11T09:11:39.399Z INFO  loader: job job-990 completed in 1085ms
2026-06-11T09:11:39.649Z DEBUG pdf-viewer: worker boundary clone 492KB
2026-06-11T09:11:40.075Z WARN  schema: slow render 1542ms for page 67
2026-06-11T09:11:41.400Z DEBUG router: code-split chunk docx-viewer loaded in 375ms
2026-06-11T09:11:42.883Z DEBUG file-viewer: cache hit for deck.pptx
2026-06-11T09:11:43.776Z ERROR extract: worker job-966 crashed: OOM
2026-06-11T09:11:44.911Z ERROR router: timeout fetching contract.docx after 2306ms
2026-06-11T09:11:45.499Z INFO  schema: rendered page 192/585
2026-06-11T09:11:46.705Z WARN  file-viewer: retrying report.pdf (attempt 10)
2026-06-11T09:11:47.802Z INFO  schema: consensus reached on 12 voters
2026-06-11T09:11:48.890Z INFO  loader: uploaded financials.xlsx (284KB)
2026-06-11T09:11:49.738Z INFO  schema: extraction emitted 6 fields
2026-06-11T09:11:51.050Z INFO  cache: rendered page 33/585
2026-06-11T09:11:52.252Z INFO  auth: detected category=text for contract.docx
2026-06-11T09:11:53.599Z DEBUG file-viewer: cache hit for sales.csv
2026-06-11T09:11:53.747Z INFO  xlsx-viewer:worker: detected category=pdf for sales.csv
2026-06-11T09:11:54.812Z INFO  metrics: sheet 3 flattened (12233 rows)
2026-06-11T09:11:56.165Z DEBUG xlsx-viewer:worker: code-split chunk xlsx-viewer loaded in 1083ms
2026-06-11T09:11:57.243Z INFO  xlsx-viewer:worker: request r5443 accepted
2026-06-11T09:11:58.511Z DEBUG auth: virtualizer window [408,570] of 585
2026-06-11T09:11:58.714Z DEBUG file-viewer: virtualizer window [560,585] of 585
2026-06-11T09:11:59.308Z INFO  auth: extraction emitted 7 fields
2026-06-11T09:11:59.648Z INFO  file-viewer: job job-735 completed in 1387ms
2026-06-11T09:11:59.758Z INFO  loader: request r9482 accepted
2026-06-11T09:12:00.850Z WARN  extract: memory pressure: 3625KB resident
2026-06-11T09:12:02.002Z DEBUG file-viewer: code-split chunk image-viewer loaded in 498ms
2026-06-11T09:12:02.972Z WARN  pdf-viewer: slow render 808ms for page 29
2026-06-11T09:12:04.423Z INFO  xlsx-viewer:worker: uploaded scan.tiff (396KB)
2026-06-11T09:12:05.757Z DEBUG storage: code-split chunk docx-viewer loaded in 771ms
2026-06-11T09:12:07.147Z WARN  classify: retrying sales.csv (attempt 9)
2026-06-11T09:12:07.702Z INFO  storage: detected category=pdf for scan.tiff
2026-06-11T09:12:08.945Z INFO  classify: uploaded contract.docx (1879KB)
2026-06-11T09:12:10.082Z ERROR router: render aborted for page 481 (cancelled)
2026-06-11T09:12:11.477Z INFO  cache: rendered page 114/585
2026-06-11T09:12:12.197Z INFO  loader: uploaded deck.pptx (1546KB)
2026-06-11T09:12:13.145Z WARN  classify: memory pressure: 2766KB resident
2026-06-11T09:12:14.531Z INFO  classify: rendered page 556/585
2026-06-11T09:12:15.563Z DEBUG csv-viewer: worker boundary clone 950KB
2026-06-11T09:12:15.778Z DEBUG file-viewer: worker boundary clone 2406KB
2026-06-11T09:12:16.993Z DEBUG storage: code-split chunk image-viewer loaded in 2319ms
2026-06-11T09:12:17.798Z INFO  csv-viewer: request r4112 accepted
2026-06-11T09:12:18.122Z INFO  pdf-viewer: uploaded sales.csv (3324KB)
2026-06-11T09:12:18.668Z INFO  split:consensus: request r3487 accepted
2026-06-11T09:12:19.414Z WARN  xlsx-viewer:worker: retrying notes.md (attempt 11)
2026-06-11T09:12:20.662Z ERROR router: timeout fetching report.pdf after 1617ms
2026-06-11T09:12:21.090Z DEBUG cache: code-split chunk schema-builder loaded in 200ms
2026-06-11T09:12:21.137Z DEBUG xlsx-viewer:worker: code-split chunk xlsx-viewer loaded in 2286ms
2026-06-11T09:12:22.151Z DEBUG pdf-viewer: scroll progress 0.857
2026-06-11T09:12:22.555Z INFO  schema: consensus reached on 5 voters
2026-06-11T09:12:23.480Z INFO  pdf-viewer: job job-627 completed in 414ms
2026-06-11T09:12:24.403Z INFO  classify: job job-229 completed in 398ms
2026-06-11T09:12:24.730Z ERROR auth: worker job-904 crashed: OOM
2026-06-11T09:12:25.295Z INFO  auth: request r1339 accepted
2026-06-11T09:12:26.202Z DEBUG pdf-viewer: virtualizer window [544,576] of 585
2026-06-11T09:12:26.305Z INFO  router: detected category=pdf for scan.tiff
2026-06-11T09:12:27.449Z DEBUG storage: worker boundary clone 4451KB
2026-06-11T09:12:28.209Z INFO  loader: extraction emitted 2 fields
2026-06-11T09:12:29.065Z INFO  schema: job job-194 completed in 503ms
2026-06-11T09:12:29.974Z INFO  auth: rendered page 119/585
2026-06-11T09:12:30.126Z DEBUG extract: decoded bitmap 36 in 1034ms
2026-06-11T09:12:30.556Z INFO  pdf-viewer: consensus reached on 7 voters
2026-06-11T09:12:31.791Z ERROR classify: failed to parse contract.docx: unexpected token at byte 569
2026-06-11T09:12:32.225Z INFO  storage: request r1769 accepted
2026-06-11T09:12:33.294Z DEBUG classify: cache hit for financials.xlsx
2026-06-11T09:12:33.787Z DEBUG cache: virtualizer window [97,567] of 585
2026-06-11T09:12:33.834Z INFO  cache: sheet 4 flattened (44406 rows)
2026-06-11T09:12:35.209Z INFO  pdf-viewer: uploaded scan.tiff (1447KB)
2026-06-11T09:12:35.969Z WARN  router: retrying report.pdf (attempt 8)
2026-06-11T09:12:37.204Z DEBUG cache: scroll progress 0.661
2026-06-11T09:12:37.375Z DEBUG pdf-viewer: worker boundary clone 315KB
2026-06-11T09:12:38.267Z DEBUG schema: cache hit for notes.md
2026-06-11T09:12:38.436Z INFO  storage: extraction emitted 5 fields
2026-06-11T09:12:39.861Z ERROR pdf-viewer: failed to parse report.pdf: unexpected token at byte 561
2026-06-11T09:12:40.860Z ERROR extract: render aborted for page 542 (cancelled)
2026-06-11T09:12:41.869Z INFO  csv-viewer: consensus reached on 10 voters
2026-06-11T09:12:42.194Z DEBUG classify: code-split chunk pptx-viewer loaded in 1749ms
2026-06-11T09:12:43.645Z INFO  loader: detected category=pdf for report.pdf
2026-06-11T09:12:45.104Z INFO  loader: consensus reached on 8 voters
2026-06-11T09:12:45.767Z INFO  storage: consensus reached on 2 voters
2026-06-11T09:12:46.828Z DEBUG split:consensus: scroll progress 0.627
2026-06-11T09:12:47.995Z INFO  file-viewer: uploaded sales.csv (2845KB)
2026-06-11T09:12:49.488Z INFO  classify: request r8992 accepted
2026-06-11T09:12:50.477Z DEBUG schema: worker boundary clone 217KB
2026-06-11T09:12:51.206Z INFO  csv-viewer: consensus reached on 6 voters
2026-06-11T09:12:51.564Z WARN  auth: bitmap LRU at capacity (8), evicting page@474
2026-06-11T09:12:51.692Z INFO  auth: uploaded scan.tiff (2290KB)
2026-06-11T09:12:53.051Z INFO  classify: job job-795 completed in 2203ms
2026-06-11T09:12:54.232Z WARN  auth: memory pressure: 2156KB resident
2026-06-11T09:12:54.565Z INFO  loader: extraction emitted 12 fields
2026-06-11T09:12:55.454Z WARN  router: memory pressure: 4223KB resident
2026-06-11T09:12:55.865Z INFO  loader: uploaded notes.md (1662KB)
2026-06-11T09:12:56.131Z INFO  extract: job job-364 completed in 209ms
2026-06-11T09:12:56.405Z DEBUG split:consensus: scroll progress 0.848
2026-06-11T09:12:56.836Z DEBUG cache: scroll progress 0.646
2026-06-11T09:12:58.276Z INFO  extract: job job-429 completed in 811ms
2026-06-11T09:12:59.156Z INFO  extract: consensus reached on 10 voters
2026-06-11T09:12:59.718Z INFO  split:consensus: uploaded sales.csv (1316KB)
2026-06-11T09:12:59.982Z WARN  storage: bitmap LRU at capacity (8), evicting page@508
2026-06-11T09:13:00.583Z INFO  extract: sheet 10 flattened (39142 rows)
2026-06-11T09:13:01.850Z INFO  xlsx-viewer:worker: extraction emitted 10 fields
2026-06-11T09:13:03.084Z WARN  split:consensus: bitmap LRU at capacity (8), evicting page@298
2026-06-11T09:13:04.192Z ERROR loader: worker job-322 crashed: OOM
2026-06-11T09:13:05.591Z ERROR extract: failed to parse contract.docx: unexpected token at byte 584
2026-06-11T09:13:05.769Z INFO  storage: job job-728 completed in 1131ms
2026-06-11T09:13:06.535Z INFO  router: uploaded notes.md (4139KB)
2026-06-11T09:13:06.802Z ERROR metrics: render aborted for page 1 (cancelled)
2026-06-11T09:13:07.259Z DEBUG cache: worker boundary clone 880KB
2026-06-11T09:13:08.080Z INFO  classify: job job-181 completed in 1120ms
2026-06-11T09:13:09.016Z INFO  file-viewer: detected category=text for report.pdf
2026-06-11T09:13:09.501Z INFO  loader: detected category=pptx for report.pdf
2026-06-11T09:13:10.594Z ERROR xlsx-viewer:worker: timeout fetching contract.docx after 214ms
2026-06-11T09:13:11.797Z INFO  schema: uploaded report.pdf (1556KB)
2026-06-11T09:13:13.109Z WARN  loader: bitmap LRU at capacity (8), evicting page@30
2026-06-11T09:13:14.343Z INFO  storage: sheet 6 flattened (15830 rows)
2026-06-11T09:13:14.740Z DEBUG metrics: decoded bitmap 62 in 1193ms
2026-06-11T09:13:15.395Z INFO  pdf-viewer: consensus reached on 9 voters
2026-06-11T09:13:15.968Z WARN  loader: slow render 1855ms for page 379
2026-06-11T09:13:17.448Z INFO  split:consensus: rendered page 269/585
2026-06-11T09:13:18.878Z DEBUG cache: decoded bitmap 334 in 160ms
2026-06-11T09:13:19.521Z WARN  storage: retrying sales.csv (attempt 12)
2026-06-11T09:13:20.622Z ERROR storage: failed to parse deck.pptx: unexpected token at byte 560
2026-06-11T09:13:21.810Z INFO  file-viewer: job job-301 completed in 1119ms
2026-06-11T09:13:22.778Z INFO  metrics: uploaded deck.pptx (857KB)
2026-06-11T09:13:24.254Z INFO  xlsx-viewer:worker: detected category=pdf for financials.xlsx
2026-06-11T09:13:24.984Z ERROR csv-viewer: timeout fetching scan.tiff after 2308ms
2026-06-11T09:13:25.719Z DEBUG extract: virtualizer window [224,566] of 585
2026-06-11T09:13:26.900Z INFO  csv-viewer: sheet 2 flattened (8027 rows)
2026-06-11T09:13:27.070Z WARN  schema: slow render 327ms for page 487
2026-06-11T09:13:28.491Z INFO  csv-viewer: request r6547 accepted
2026-06-11T09:13:29.511Z DEBUG classify: virtualizer window [368,582] of 585
2026-06-11T09:13:30.399Z INFO  split:consensus: request r4336 accepted
2026-06-11T09:13:30.807Z DEBUG router: virtualizer window [316,583] of 585
2026-06-11T09:13:31.502Z INFO  storage: consensus reached on 2 voters
2026-06-11T09:13:31.929Z WARN  pdf-viewer: slow render 1114ms for page 404
2026-06-11T09:13:32.062Z INFO  xlsx-viewer:worker: extraction emitted 3 fields
2026-06-11T09:13:32.190Z DEBUG cache: cache hit for deck.pptx
2026-06-11T09:13:33.650Z ERROR loader: timeout fetching contract.docx after 2106ms
2026-06-11T09:13:34.265Z INFO  cache: sheet 8 flattened (89624 rows)
2026-06-11T09:13:35.312Z INFO  cache: detected category=text for deck.pptx
2026-06-11T09:13:35.976Z INFO  metrics: uploaded report.pdf (3439KB)
2026-06-11T09:13:36.058Z WARN  schema: bitmap LRU at capacity (8), evicting page@119
2026-06-11T09:13:37.109Z WARN  csv-viewer: bitmap LRU at capacity (8), evicting page@488
2026-06-11T09:13:38.542Z DEBUG router: cache hit for scan.tiff
2026-06-11T09:13:39.117Z ERROR file-viewer: failed to parse report.pdf: unexpected token at byte 577
2026-06-11T09:13:39.580Z WARN  router: slow render 791ms for page 401
2026-06-11T09:13:40.823Z DEBUG cache: scroll progress 0.123
2026-06-11T09:13:41.857Z INFO  auth: rendered page 450/585
2026-06-11T09:13:41.952Z WARN  auth: bitmap LRU at capacity (8), evicting page@155
2026-06-11T09:13:43.018Z WARN  metrics: retrying notes.md (attempt 8)
2026-06-11T09:13:44.183Z WARN  storage: slow render 1931ms for page 174
2026-06-11T09:13:44.507Z DEBUG split:consensus: cache hit for scan.tiff
2026-06-11T09:13:44.584Z INFO  metrics: sheet 6 flattened (12671 rows)
2026-06-11T09:13:45.342Z INFO  csv-viewer: rendered page 579/585
2026-06-11T09:13:45.684Z INFO  router: uploaded financials.xlsx (3880KB)
2026-06-11T09:13:45.961Z DEBUG cache: cache hit for deck.pptx
2026-06-11T09:13:46.327Z WARN  schema: memory pressure: 1036KB resident
2026-06-11T09:13:46.354Z INFO  split:consensus: uploaded contract.docx (1739KB)
2026-06-11T09:13:46.824Z DEBUG auth: scroll progress 0.51
2026-06-11T09:13:47.701Z DEBUG schema: cache hit for deck.pptx
2026-06-11T09:13:48.345Z INFO  metrics: consensus reached on 12 voters
2026-06-11T09:13:49.281Z DEBUG router: code-split chunk pdf-viewer loaded in 2223ms
2026-06-11T09:13:50.173Z DEBUG split:consensus: scroll progress 0.671
2026-06-11T09:13:50.885Z WARN  loader: retrying report.pdf (attempt 9)
2026-06-11T09:13:51.911Z WARN  classify: retrying notes.md (attempt 7)
2026-06-11T09:13:52.256Z ERROR pdf-viewer: timeout fetching sales.csv after 693ms
2026-06-11T09:13:53.167Z INFO  csv-viewer: sheet 12 flattened (29062 rows)
2026-06-11T09:13:53.972Z DEBUG split:consensus: decoded bitmap 521 in 643ms
2026-06-11T09:13:55.395Z DEBUG auth: virtualizer window [318,583] of 585
2026-06-11T09:13:56.090Z DEBUG xlsx-viewer:worker: worker boundary clone 306KB
2026-06-11T09:13:56.212Z ERROR metrics: worker job-410 crashed: OOM
2026-06-11T09:13:57.632Z DEBUG cache: scroll progress 0.45
2026-06-11T09:13:58.152Z DEBUG schema: worker boundary clone 2837KB
2026-06-11T09:13:58.869Z INFO  cache: detected category=pdf for financials.xlsx
2026-06-11T09:14:00.051Z INFO  xlsx-viewer:worker: consensus reached on 9 voters
2026-06-11T09:14:00.282Z INFO  classify: sheet 9 flattened (82765 rows)
2026-06-11T09:14:01.425Z DEBUG xlsx-viewer:worker: worker boundary clone 1034KB
2026-06-11T09:14:01.945Z INFO  xlsx-viewer:worker: request r1084 accepted
2026-06-11T09:14:02.839Z INFO  file-viewer: sheet 4 flattened (74151 rows)
2026-06-11T09:14:04.222Z INFO  metrics: uploaded sales.csv (3490KB)
2026-06-11T09:14:05.667Z ERROR cache: worker job-236 crashed: OOM
2026-06-11T09:14:06.785Z INFO  auth: extraction emitted 10 fields
2026-06-11T09:14:08.259Z INFO  extract: request r5605 accepted
2026-06-11T09:14:08.307Z WARN  auth: memory pressure: 79KB resident
2026-06-11T09:14:08.641Z INFO  split:consensus: rendered page 183/585
2026-06-11T09:14:08.973Z INFO  csv-viewer: request r6136 accepted
2026-06-11T09:14:09.647Z INFO  file-viewer: request r9403 accepted
2026-06-11T09:14:10.876Z WARN  metrics: slow render 1214ms for page 317
2026-06-11T09:14:11.959Z INFO  router: sheet 5 flattened (85231 rows)
2026-06-11T09:14:13.178Z WARN  loader: slow render 411ms for page 70
2026-06-11T09:14:14.605Z INFO  cache: rendered page 234/585
2026-06-11T09:14:15.048Z WARN  pdf-viewer: slow render 1505ms for page 542
2026-06-11T09:14:15.193Z INFO  storage: sheet 4 flattened (75956 rows)
2026-06-11T09:14:15.559Z INFO  xlsx-viewer:worker: uploaded report.pdf (3351KB)
2026-06-11T09:14:16.096Z WARN  metrics: slow render 1063ms for page 22
2026-06-11T09:14:16.523Z INFO  router: job job-913 completed in 477ms
2026-06-11T09:14:17.131Z INFO  pdf-viewer: sheet 4 flattened (59977 rows)
2026-06-11T09:14:17.234Z INFO  extract: rendered page 582/585
2026-06-11T09:14:17.900Z INFO  file-viewer: uploaded notes.md (4186KB)
2026-06-11T09:14:19.084Z INFO  classify: extraction emitted 3 fields
2026-06-11T09:14:19.319Z DEBUG classify: cache hit for notes.md
2026-06-11T09:14:20.708Z INFO  split:consensus: request r8019 accepted
2026-06-11T09:14:20.906Z DEBUG metrics: code-split chunk image-viewer loaded in 1870ms
2026-06-11T09:14:21.725Z INFO  pdf-viewer: job job-346 completed in 2167ms
2026-06-11T09:14:22.255Z ERROR cache: render aborted for page 255 (cancelled)
2026-06-11T09:14:23.272Z ERROR extract: render aborted for page 367 (cancelled)
2026-06-11T09:14:24.663Z DEBUG file-viewer: scroll progress 0.944
2026-06-11T09:14:25.361Z INFO  split:consensus: uploaded sales.csv (358KB)
2026-06-11T09:14:26.585Z INFO  split:consensus: detected category=pptx for notes.md
2026-06-11T09:14:26.845Z INFO  pdf-viewer: request r2158 accepted
2026-06-11T09:14:28.309Z DEBUG cache: worker boundary clone 469KB
2026-06-11T09:14:29.506Z ERROR classify: failed to parse scan.tiff: unexpected token at byte 565
2026-06-11T09:14:30.265Z INFO  file-viewer: job job-287 completed in 2178ms
2026-06-11T09:14:30.901Z INFO  loader: consensus reached on 11 voters
2026-06-11T09:14:32.331Z INFO  xlsx-viewer:worker: detected category=image for deck.pptx
2026-06-11T09:14:32.439Z INFO  extract: request r3405 accepted
2026-06-11T09:14:33.336Z INFO  storage: rendered page 317/585
2026-06-11T09:14:34.333Z DEBUG extract: virtualizer window [66,583] of 585
2026-06-11T09:14:34.822Z DEBUG router: code-split chunk pdf-viewer loaded in 318ms
2026-06-11T09:14:35.436Z DEBUG extract: scroll progress 0.985
2026-06-11T09:14:36.347Z ERROR storage: render aborted for page 485 (cancelled)
2026-06-11T09:14:37.664Z INFO  csv-viewer: sheet 6 flattened (3371 rows)
2026-06-11T09:14:38.113Z WARN  xlsx-viewer:worker: retrying scan.tiff (attempt 9)
2026-06-11T09:14:38.178Z INFO  file-viewer: request r4007 accepted
2026-06-11T09:14:38.882Z ERROR auth: worker job-944 crashed: OOM
2026-06-11T09:14:39.555Z INFO  file-viewer: job job-419 completed in 382ms
2026-06-11T09:14:40.206Z INFO  auth: consensus reached on 10 voters
2026-06-11T09:14:40.405Z INFO  storage: uploaded report.pdf (684KB)
2026-06-11T09:14:41.265Z WARN  schema: bitmap LRU at capacity (8), evicting page@273
2026-06-11T09:14:41.286Z WARN  metrics: bitmap LRU at capacity (8), evicting page@289
2026-06-11T09:14:42.460Z DEBUG pdf-viewer: virtualizer window [222,580] of 585
2026-06-11T09:14:42.659Z DEBUG csv-viewer: code-split chunk pptx-viewer loaded in 476ms
2026-06-11T09:14:42.792Z ERROR cache: worker job-490 crashed: OOM
2026-06-11T09:14:43.788Z DEBUG classify: worker boundary clone 2632KB
2026-06-11T09:14:44.259Z INFO  classify: sheet 6 flattened (19556 rows)
2026-06-11T09:14:44.976Z DEBUG cache: scroll progress 0.061
2026-06-11T09:14:46.243Z INFO  classify: request r1864 accepted
2026-06-11T09:14:46.545Z DEBUG router: virtualizer window [493,575] of 585
2026-06-11T09:14:47.917Z INFO  classify: rendered page 384/585
2026-06-11T09:14:49.055Z ERROR schema: worker job-797 crashed: OOM
2026-06-11T09:14:49.777Z ERROR csv-viewer: worker job-592 crashed: OOM
2026-06-11T09:14:51.175Z DEBUG router: scroll progress 0.262
2026-06-11T09:14:51.619Z INFO  extract: job job-978 completed in 1699ms
2026-06-11T09:14:52.650Z DEBUG pdf-viewer: code-split chunk xlsx-viewer loaded in 2371ms
2026-06-11T09:14:53.042Z INFO  loader: sheet 5 flattened (32425 rows)
2026-06-11T09:14:53.981Z DEBUG csv-viewer: virtualizer window [62,564] of 585
2026-06-11T09:14:54.697Z INFO  auth: job job-722 completed in 831ms
2026-06-11T09:14:55.350Z WARN  file-viewer: slow render 803ms for page 211
2026-06-11T09:14:56.447Z INFO  csv-viewer: consensus reached on 11 voters
2026-06-11T09:14:56.845Z DEBUG classify: worker boundary clone 4145KB
2026-06-11T09:14:57.379Z DEBUG loader: virtualizer window [477,567] of 585
2026-06-11T09:14:58.206Z WARN  xlsx-viewer:worker: bitmap LRU at capacity (8), evicting page@234
2026-06-11T09:14:59.388Z INFO  schema: uploaded contract.docx (3081KB)
2026-06-11T09:14:59.795Z ERROR xlsx-viewer:worker: render aborted for page 388 (cancelled)
2026-06-11T09:15:00.349Z DEBUG metrics: cache hit for contract.docx
2026-06-11T09:15:01.162Z INFO  schema: job job-648 completed in 1667ms
2026-06-11T09:15:01.881Z ERROR pdf-viewer: render aborted for page 316 (cancelled)
2026-06-11T09:15:02.357Z INFO  xlsx-viewer:worker: rendered page 174/585
2026-06-11T09:15:03.851Z INFO  classify: sheet 6 flattened (68546 rows)
2026-06-11T09:15:03.920Z DEBUG loader: virtualizer window [58,570] of 585
2026-06-11T09:15:05.375Z INFO  classify: sheet 1 flattened (21204 rows)
2026-06-11T09:15:06.665Z ERROR auth: timeout fetching sales.csv after 2227ms
2026-06-11T09:15:07.017Z INFO  auth: uploaded notes.md (2492KB)
2026-06-11T09:15:08.448Z INFO  schema: consensus reached on 12 voters
2026-06-11T09:15:09.108Z DEBUG schema: code-split chunk schema-builder loaded in 1294ms
2026-06-11T09:15:09.649Z WARN  auth: memory pressure: 598KB resident
2026-06-11T09:15:10.328Z ERROR file-viewer: failed to parse notes.md: unexpected token at byte 573
2026-06-11T09:15:11.646Z ERROR xlsx-viewer:worker: render aborted for page 105 (cancelled)
2026-06-11T09:15:13.143Z WARN  metrics: retrying sales.csv (attempt 11)
2026-06-11T09:15:13.590Z INFO  extract: consensus reached on 2 voters
2026-06-11T09:15:15.008Z DEBUG file-viewer: virtualizer window [5,567] of 585
2026-06-11T09:15:15.145Z ERROR split:consensus: timeout fetching sales.csv after 2162ms
2026-06-11T09:15:16.309Z INFO  auth: consensus reached on 9 voters
2026-06-11T09:15:17.090Z INFO  csv-viewer: uploaded notes.md (2705KB)
2026-06-11T09:15:17.573Z INFO  extract: uploaded scan.tiff (1457KB)
2026-06-11T09:15:18.605Z DEBUG storage: virtualizer window [483,570] of 585
2026-06-11T09:15:19.106Z INFO  cache: consensus reached on 6 voters
2026-06-11T09:15:19.954Z WARN  loader: slow render 1102ms for page 236
2026-06-11T09:15:21.420Z DEBUG extract: decoded bitmap 28 in 2220ms
2026-06-11T09:15:22.460Z WARN  loader: retrying sales.csv (attempt 7)
2026-06-11T09:15:23.062Z DEBUG router: virtualizer window [315,565] of 585
2026-06-11T09:15:23.235Z DEBUG schema: worker boundary clone 2564KB
2026-06-11T09:15:23.984Z INFO  classify: sheet 4 flattened (40737 rows)
2026-06-11T09:15:25.132Z WARN  xlsx-viewer:worker: retrying financials.xlsx (attempt 8)
2026-06-11T09:15:26.418Z INFO  extract: request r8119 accepted
2026-06-11T09:15:26.996Z ERROR cache: render aborted for page 298 (cancelled)
2026-06-11T09:15:27.448Z ERROR csv-viewer: failed to parse report.pdf: unexpected token at byte 578
2026-06-11T09:15:28.301Z DEBUG storage: worker boundary clone 487KB
2026-06-11T09:15:28.532Z DEBUG cache: virtualizer window [370,571] of 585
2026-06-11T09:15:29.343Z DEBUG csv-viewer: worker boundary clone 4435KB
2026-06-11T09:15:29.777Z INFO  extract: extraction emitted 7 fields
2026-06-11T09:15:30.179Z INFO  classify: detected category=xlsx for sales.csv
2026-06-11T09:15:31.038Z INFO  loader: sheet 2 flattened (79618 rows)
2026-06-11T09:15:31.598Z WARN  loader: slow render 455ms for page 181
2026-06-11T09:15:31.748Z INFO  router: consensus reached on 5 voters
2026-06-11T09:15:32.019Z DEBUG xlsx-viewer:worker: virtualizer window [339,560] of 585
2026-06-11T09:15:32.153Z INFO  auth: consensus reached on 7 voters
2026-06-11T09:15:33.130Z INFO  pdf-viewer: consensus reached on 3 voters
2026-06-11T09:15:33.980Z INFO  pdf-viewer: uploaded report.pdf (3287KB)
2026-06-11T09:15:34.268Z INFO  metrics: extraction emitted 4 fields
2026-06-11T09:15:34.789Z DEBUG loader: cache hit for sales.csv
2026-06-11T09:15:35.613Z WARN  csv-viewer: slow render 1261ms for page 364
2026-06-11T09:15:36.958Z WARN  classify: retrying scan.tiff (attempt 6)
2026-06-11T09:15:37.323Z DEBUG metrics: worker boundary clone 801KB
2026-06-11T09:15:37.868Z WARN  file-viewer: retrying sales.csv (attempt 6)
2026-06-11T09:15:38.405Z DEBUG cache: decoded bitmap 120 in 1941ms
2026-06-11T09:15:39.425Z WARN  storage: slow render 511ms for page 225
2026-06-11T09:15:40.049Z INFO  csv-viewer: request r3872 accepted
2026-06-11T09:15:40.739Z INFO  file-viewer: job job-398 completed in 317ms
2026-06-11T09:15:42.131Z DEBUG csv-viewer: virtualizer window [512,569] of 585
2026-06-11T09:15:42.825Z ERROR storage: failed to parse sales.csv: unexpected token at byte 576
2026-06-11T09:15:43.926Z ERROR csv-viewer: render aborted for page 253 (cancelled)
2026-06-11T09:15:44.969Z INFO  loader: consensus reached on 9 voters
2026-06-11T09:15:45.375Z DEBUG schema: worker boundary clone 1957KB
2026-06-11T09:15:45.609Z DEBUG classify: code-split chunk docx-viewer loaded in 1959ms
2026-06-11T09:15:45.984Z DEBUG storage: scroll progress 0.623
2026-06-11T09:15:46.184Z WARN  storage: slow render 1037ms for page 200
2026-06-11T09:15:46.234Z DEBUG cache: decoded bitmap 563 in 457ms
2026-06-11T09:15:46.656Z INFO  xlsx-viewer:worker: consensus reached on 2 voters
2026-06-11T09:15:47.608Z INFO  metrics: consensus reached on 10 voters
2026-06-11T09:15:47.977Z INFO  cache: job job-410 completed in 1010ms
2026-06-11T09:15:48.743Z DEBUG router: cache hit for sales.csv
2026-06-11T09:15:49.675Z ERROR auth: failed to parse report.pdf: unexpected token at byte 561
2026-06-11T09:15:50.627Z INFO  extract: request r2655 accepted
2026-06-11T09:15:51.646Z INFO  router: request r5174 accepted
2026-06-11T09:15:52.295Z DEBUG classify: code-split chunk image-viewer loaded in 1578ms
2026-06-11T09:15:52.409Z ERROR cache: render aborted for page 245 (cancelled)
2026-06-11T09:15:52.724Z DEBUG auth: virtualizer window [268,564] of 585
2026-06-11T09:15:53.743Z INFO  csv-viewer: uploaded scan.tiff (1436KB)
2026-06-11T09:15:53.896Z ERROR metrics: worker job-180 crashed: OOM
2026-06-11T09:15:54.649Z ERROR auth: timeout fetching contract.docx after 1121ms
2026-06-11T09:15:55.797Z DEBUG extract: worker boundary clone 3187KB
2026-06-11T09:15:56.722Z DEBUG csv-viewer: cache hit for report.pdf
2026-06-11T09:15:57.399Z DEBUG storage: virtualizer window [80,581] of 585
2026-06-11T09:15:57.558Z INFO  split:consensus: consensus reached on 5 voters
2026-06-11T09:15:58.132Z ERROR cache: timeout fetching deck.pptx after 1422ms
2026-06-11T09:15:59.336Z INFO  classify: extraction emitted 12 fields
2026-06-11T09:15:59.360Z DEBUG file-viewer: worker boundary clone 4436KB
2026-06-11T09:16:00.380Z INFO  schema: sheet 2 flattened (62697 rows)
2026-06-11T09:16:00.473Z INFO  split:consensus: consensus reached on 7 voters
2026-06-11T09:16:01.118Z DEBUG storage: virtualizer window [483,566] of 585
2026-06-11T09:16:02.228Z INFO  extract: extraction emitted 9 fields
2026-06-11T09:16:03.064Z DEBUG auth: scroll progress 0.306
2026-06-11T09:16:03.284Z DEBUG cache: worker boundary clone 2741KB
2026-06-11T09:16:04.152Z WARN  split:consensus: memory pressure: 1757KB resident
2026-06-11T09:16:05.150Z DEBUG schema: virtualizer window [476,569] of 585
2026-06-11T09:16:06.396Z INFO  xlsx-viewer:worker: detected category=text for deck.pptx
2026-06-11T09:16:07.666Z WARN  cache: retrying contract.docx (attempt 4)
2026-06-11T09:16:08.443Z DEBUG csv-viewer: worker boundary clone 2745KB
2026-06-11T09:16:09.531Z DEBUG cache: scroll progress 0.283
2026-06-11T09:16:09.631Z DEBUG classify: cache hit for notes.md
2026-06-11T09:16:10.763Z INFO  auth: rendered page 145/585
2026-06-11T09:16:11.449Z INFO  cache: rendered page 222/585
2026-06-11T09:16:12.262Z INFO  loader: extraction emitted 10 fields
2026-06-11T09:16:12.662Z INFO  router: sheet 11 flattened (67747 rows)
2026-06-11T09:16:13.743Z DEBUG file-viewer: virtualizer window [127,560] of 585
2026-06-11T09:16:14.922Z DEBUG extract: worker boundary clone 1542KB
2026-06-11T09:16:16.003Z INFO  csv-viewer: job job-495 completed in 2012ms
2026-06-11T09:16:17.092Z INFO  metrics: request r3560 accepted
2026-06-11T09:16:18.339Z ERROR auth: worker job-114 crashed: OOM
2026-06-11T09:16:18.493Z WARN  loader: slow render 485ms for page 383
2026-06-11T09:16:19.526Z INFO  file-viewer: consensus reached on 8 voters
2026-06-11T09:16:19.804Z DEBUG file-viewer: virtualizer window [456,578] of 585
2026-06-11T09:16:20.836Z INFO  loader: rendered page 154/585
